{
  "sub_experiment": "e5a",
  "lottery_type": "daletou",
  "level3_eval": {
    "overall_auc": 0.7099222055411492,
    "per_pos": {
      "P0": 0.8215504299167462,
      "P1": 0.6830899413129521,
      "P2": 0.6258359492288794,
      "P3": 0.6540193803739593,
      "P4": 0.7651153268732087
    },
    "mean_rank": 10.862645011600929,
    "n_samples": 431,
    "baseline_auc": 0.5
  },
  "params": {}
}