{
  "sub_experiment": "e5a",
  "lottery_type": "shuangseqiu",
  "level3_eval": {
    "overall_auc": 0.7579806751467709,
    "per_pos": {
      "P0": 0.8671110567514677,
      "P1": 0.7465753424657534,
      "P2": 0.7196673189823874,
      "P3": 0.680589530332681,
      "P4": 0.7037059686888454,
      "P5": 0.8302348336594911
    },
    "mean_rank": 8.744618395303327,
    "n_samples": 511,
    "baseline_auc": 0.5
  },
  "params": {}
}