{
  "sub_experiment": "e5b",
  "lottery_type": "shuangseqiu",
  "level3_eval": {
    "overall_auc": 0.7606918623613829,
    "per_pos": {
      "P0": 0.8689456947162426,
      "P1": 0.7608243639921722,
      "P2": 0.701687866927593,
      "P3": 0.6941658512720157,
      "P4": 0.71801614481409,
      "P5": 0.820511252446184
    },
    "mean_rank": 8.657860404435747,
    "n_samples": 511,
    "baseline_auc": 0.5
  },
  "params": {}
}