{
  "sub_experiment": "e5b",
  "lottery_type": "daletou",
  "level3_eval": {
    "overall_auc": 0.7195714480687867,
    "per_pos": {
      "P0": 0.8272826532004913,
      "P1": 0.6913470724716801,
      "P2": 0.639415859151085,
      "P3": 0.6605704926982394,
      "P4": 0.7792411628224376
    },
    "mean_rank": 10.534570765661252,
    "n_samples": 431,
    "baseline_auc": 0.5
  },
  "params": {}
}