{
  "sub_experiment": "e5c",
  "lottery_type": "daletou",
  "level3_eval": {
    "overall_auc": 0.7634639006414631,
    "per_pos": {
      "P0": 0.8521222874300532,
      "P1": 0.7350211546335471,
      "P2": 0.6822028115190392,
      "P3": 0.716186706701242,
      "P4": 0.8317865429234339
    },
    "mean_rank": 9.042227378190255,
    "n_samples": 431,
    "baseline_auc": 0.5
  },
  "params": {}
}