{
  "sub_experiment": "e5c",
  "lottery_type": "shuangseqiu",
  "level3_eval": {
    "overall_auc": 0.8055997227658187,
    "per_pos": {
      "P0": 0.8857632093933464,
      "P1": 0.7953767123287672,
      "P2": 0.7589897260273972,
      "P3": 0.74706457925636,
      "P4": 0.7773972602739726,
      "P5": 0.8690068493150684
    },
    "mean_rank": 7.220808871493803,
    "n_samples": 511,
    "baseline_auc": 0.5
  },
  "params": {}
}