{
  "sub_experiment": "e5d",
  "lottery_type": "shuangseqiu",
  "level3_eval": {
    "overall_auc": 0.7592445368558383,
    "per_pos": {
      "P0": 0.8735934442270059,
      "P1": 0.7617416829745597,
      "P2": 0.7163649706457926,
      "P3": 0.6856653620352251,
      "P4": 0.6954500978473581,
      "P5": 0.822651663405088
    },
    "mean_rank": 8.704174820613177,
    "n_samples": 511,
    "baseline_auc": 0.5
  },
  "params": {}
}