{
  "sub_experiment": "e5d",
  "lottery_type": "daletou",
  "level3_eval": {
    "overall_auc": 0.7115463354715436,
    "per_pos": {
      "P0": 0.8232564487511942,
      "P1": 0.6912788317183022,
      "P2": 0.6302715981984441,
      "P3": 0.6595468813975707,
      "P4": 0.7533779172922068
    },
    "mean_rank": 10.807424593967518,
    "n_samples": 431,
    "baseline_auc": 0.5
  },
  "params": {}
}