{
  "sub_experiment": "e5e",
  "lottery_type": "daletou",
  "level3_eval": {
    "overall_auc": 0.705636686229016,
    "per_pos": {
      "P0": 0.8129520949911286,
      "P1": 0.6876620717892725,
      "P2": 0.6343660434011191,
      "P3": 0.6537464173604477,
      "P4": 0.7394568036031117
    },
    "mean_rank": 11.008352668213456,
    "n_samples": 431,
    "baseline_auc": 0.5
  },
  "params": {}
}