{
  "sub_experiment": "e5e",
  "lottery_type": "shuangseqiu",
  "level3_eval": {
    "overall_auc": 0.740184686888454,
    "per_pos": {
      "P0": 0.8546355185909981,
      "P1": 0.7452299412915852,
      "P2": 0.6854207436399218,
      "P3": 0.6757583170254403,
      "P4": 0.6975293542074363,
      "P5": 0.7825342465753424
    },
    "mean_rank": 9.314090019569472,
    "n_samples": 511,
    "baseline_auc": 0.5
  },
  "params": {}
}