{
  "sub_experiment": "e5f",
  "lottery_type": "daletou",
  "level3_eval": {
    "overall_auc": 0.7245530230653747,
    "per_pos": {
      "P0": 0.8318547836768118,
      "P1": 0.7064282789681998,
      "P2": 0.6442609526409171,
      "P3": 0.648491879350348,
      "P4": 0.7917292206905964
    },
    "mean_rank": 10.365197215777263,
    "n_samples": 431,
    "baseline_auc": 0.5
  },
  "params": {}
}