{
  "c1_conditional_probs": {
    "P0_P1": {
      "joint_counts": [
        [
          786,
          51,
          260
        ],
        [
          110,
          17,
          100
        ],
        [
          266,
          37,
          780
        ]
      ],
      "cond_prob": [
        [
          0.7164995442114859,
          0.04649042844120328,
          0.23701002734731086
        ],
        [
          0.4845814977973568,
          0.07488986784140969,
          0.44052863436123346
        ],
        [
          0.24561403508771928,
          0.034164358264081256,
          0.7202216066481995
        ]
      ],
      "row_labels": [
        "D",
        "E",
        "U"
      ],
      "col_labels": [
        "D",
        "E",
        "U"
      ]
    },
    "P1_P2": {
      "joint_counts": [
        [
          853,
          54,
          255
        ],
        [
          44,
          6,
          55
        ],
        [
          249,
          48,
          843
        ]
      ],
      "cond_prob": [
        [
          0.73407917383821,
          0.04647160068846816,
          0.21944922547332185
        ],
        [
          0.41904761904761906,
          0.05714285714285714,
          0.5238095238095238
        ],
        [
          0.21842105263157896,
          0.042105263157894736,
          0.7394736842105263
        ]
      ],
      "row_labels": [
        "D",
        "E",
        "U"
      ],
      "col_labels": [
        "D",
        "E",
        "U"
      ]
    },
    "P2_P3": {
      "joint_counts": [
        [
          864,
          50,
          232
        ],
        [
          48,
          8,
          52
        ],
        [
          239,
          44,
          870
        ]
      ],
      "cond_prob": [
        [
          0.7539267015706806,
          0.04363001745200698,
          0.2024432809773124
        ],
        [
          0.4444444444444444,
          0.07407407407407407,
          0.48148148148148145
        ],
        [
          0.20728534258456202,
          0.03816131830008673,
          0.7545533391153513
        ]
      ],
      "row_labels": [
        "D",
        "E",
        "U"
      ],
      "col_labels": [
        "D",
        "E",
        "U"
      ]
    },
    "P3_P4": {
      "joint_counts": [
        [
          788,
          107,
          256
        ],
        [
          40,
          15,
          47
        ],
        [
          245,
          117,
          792
        ]
      ],
      "cond_prob": [
        [
          0.684622067767159,
          0.09296264118158123,
          0.22241529105125976
        ],
        [
          0.39215686274509803,
          0.14705882352941177,
          0.46078431372549017
        ],
        [
          0.2123050259965338,
          0.10138648180242635,
          0.6863084922010398
        ]
      ],
      "row_labels": [
        "D",
        "E",
        "U"
      ],
      "col_labels": [
        "D",
        "E",
        "U"
      ]
    }
  },
  "c2_independence_test": {
    "P0_P1": {
      "kl_divergence": 0.11388347663223577,
      "chi2_statistic": 527.0801566943633,
      "chi2_p_value": 9.300144390577284e-113,
      "chi2_dof": 4,
      "n_samples": 2407,
      "margin_a": [
        0.4557540506855007,
        0.0943082675529705,
        0.4499376817615289
      ],
      "margin_b": [
        0.48275862068965514,
        0.04362276692978812,
        0.4736186123805567
      ]
    },
    "P1_P2": {
      "kl_divergence": 0.14202526697966567,
      "chi2_statistic": 648.0680866123547,
      "chi2_p_value": 6.105649838027786e-139,
      "chi2_dof": 4,
      "n_samples": 2407,
      "margin_a": [
        0.48275862068965514,
        0.04362276692978812,
        0.4736186123805567
      ],
      "margin_b": [
        0.47611134191940174,
        0.04486913169921063,
        0.4790195263813876
      ]
    },
    "P2_P3": {
      "kl_divergence": 0.1604298444799781,
      "chi2_statistic": 727.9343840106324,
      "chi2_p_value": 3.1139436152153005e-156,
      "chi2_dof": 4,
      "n_samples": 2407,
      "margin_a": [
        0.47611134191940174,
        0.04486913169921064,
        0.4790195263813876
      ],
      "margin_b": [
        0.4781886165351059,
        0.0423764021603656,
        0.47943498130452844
      ]
    },
    "P3_P4": {
      "kl_divergence": 0.12279730620280593,
      "chi2_statistic": 564.5157777833051,
      "chi2_p_value": 7.398409994283328e-121,
      "chi2_dof": 4,
      "n_samples": 2407,
      "margin_a": [
        0.47818861653510597,
        0.0423764021603656,
        0.4794349813045285
      ],
      "margin_b": [
        0.4457831325301205,
        0.09929372663066058,
        0.4549231408392189
      ]
    }
  },
  "c3_conditional_vs_independent": {
    "total_predictions": 1700,
    "independent_accuracy": 0.47058823529411764,
    "conditional_accuracy": 0.7164705882352941,
    "improvement": 0.24588235294117644,
    "relative_improvement": 0.5225
  }
}