{
  "stat_ranges": {
    "sum": {
      "p1": 43.0,
      "p5": 55.0,
      "p25": 78.0,
      "p50": 93.0,
      "p75": 109.0,
      "p95": 129.6500000000001,
      "p99": 143.92999999999984,
      "mean": 92.52076411960132,
      "std": 22.367447887443856
    },
    "span": {
      "p1": 9.0,
      "p5": 13.0,
      "p25": 20.0,
      "p50": 25.0,
      "p75": 29.0,
      "p95": 33.0,
      "p99": 34.0,
      "mean": 24.227574750830566,
      "std": 6.015804525160694
    },
    "odd_count": {
      "p1": 0.0,
      "p5": 1.0,
      "p25": 2.0,
      "p50": 3.0,
      "p75": 3.0,
      "p95": 4.0,
      "p99": 5.0,
      "mean": 2.6303986710963456,
      "std": 1.0288719949173193
    },
    "big_count": {
      "p1": 0.0,
      "p5": 1.0,
      "p25": 2.0,
      "p50": 3.0,
      "p75": 3.0,
      "p95": 4.0,
      "p99": 5.0,
      "mean": 2.5514950166112955,
      "std": 1.088602730320026
    },
    "ac_value": {
      "p1": 2.0,
      "p5": 3.0,
      "p25": 4.0,
      "p50": 5.0,
      "p75": 6.0,
      "p95": 6.0,
      "p99": 6.0,
      "mean": 4.9933554817275745,
      "std": 1.0651325482744103
    },
    "consec_groups": {
      "p1": 0.0,
      "p5": 0.0,
      "p25": 0.0,
      "p50": 0.0,
      "p75": 1.0,
      "p95": 2.0,
      "p99": 2.0,
      "mean": 0.5523255813953488,
      "std": 0.5960163214699318
    },
    "gaps": {
      "gap_P0_P1": {
        "p1": 1.0,
        "p5": 1.0,
        "p50": 5.0,
        "p95": 16.0,
        "p99": 21.929999999999836,
        "mean": 6.232973421926911
      },
      "gap_P1_P2": {
        "p1": 1.0,
        "p5": 1.0,
        "p50": 5.0,
        "p95": 17.0,
        "p99": 22.0,
        "mean": 6.414867109634551
      },
      "gap_P2_P3": {
        "p1": 1.0,
        "p5": 1.0,
        "p50": 5.0,
        "p95": 15.0,
        "p99": 20.0,
        "mean": 5.85921926910299
      },
      "gap_P3_P4": {
        "p1": 1.0,
        "p5": 1.0,
        "p50": 4.0,
        "p95": 15.0,
        "p99": 20.929999999999836,
        "mean": 5.7205149501661126
      }
    }
  },
  "constraints_p5_p95": {
    "sum": {
      "lo": 55.0,
      "hi": 129.6500000000001
    },
    "odd_count": {
      "lo": 1.0,
      "hi": 4.0
    },
    "big_count": {
      "lo": 1.0,
      "hi": 4.0
    },
    "ac_value": {
      "lo": 3.0,
      "hi": 6.0
    },
    "span": {
      "lo": 13.0,
      "hi": 33.0
    }
  },
  "gap_constraints": {
    "gap_P0_P1": {
      "lo": 1.0,
      "hi": 16.0
    },
    "gap_P1_P2": {
      "lo": 1.0,
      "hi": 17.0
    },
    "gap_P2_P3": {
      "lo": 1.0,
      "hi": 15.0
    },
    "gap_P3_P4": {
      "lo": 1.0,
      "hi": 15.0
    }
  },
  "mc_samples_per_period": 10000,
  "n_eval_periods": 100,
  "total_sampled": 901074,
  "sample_fail_rate": 0.098926,
  "constraint_effects": {
    "sum": {
      "filter_rate": 0.07436126222707569,
      "true_survival": 0.88,
      "net_value": 0.0654379107598266
    },
    "odd_count": {
      "filter_rate": 0.04247930802575593,
      "true_survival": 0.96,
      "net_value": 0.0407801357047257
    },
    "big_count": {
      "filter_rate": 0.03383850826902119,
      "true_survival": 0.89,
      "net_value": 0.03011627235942886
    },
    "ac_value": {
      "filter_rate": 0.024855894188490622,
      "true_survival": 1.0,
      "net_value": 0.024855894188490622
    },
    "span": {
      "filter_rate": 0.03965490070737809,
      "true_survival": 0.92,
      "net_value": 0.036482508650787844
    },
    "gaps_all": {
      "filter_rate": 0.17380592492958402,
      "true_survival": 0.85,
      "net_value": 0.1477350361901464
    },
    "all_combined": {
      "filter_rate": 0.30405049973698056,
      "true_survival": 0.65,
      "net_value": 0.19763282482903738
    }
  }
}