{
  "threshold_sensitivity": {
    "P0": {
      "optimal": {
        "k_95": 11,
        "k_95_survival": 0.962890625,
        "k_95_reduction": 0.6666666666666667,
        "k_90": 9,
        "k_90_survival": 0.91796875,
        "k_90_reduction": 0.7272727272727273,
        "k_85": 8,
        "k_85_survival": 0.884765625,
        "k_85_reduction": 0.7575757575757576
      },
      "survival_curve": [
        0.17578125,
        0.33984375,
        0.490234375,
        0.615234375,
        0.6953125,
        0.76953125,
        0.82421875,
        0.884765625,
        0.91796875,
        0.943359375,
        0.962890625,
        0.970703125,
        0.9765625,
        0.984375,
        0.990234375,
        0.994140625,
        0.99609375,
        0.99609375,
        0.99609375,
        0.99609375,
        0.998046875,
        0.998046875,
        1.0,
        1.0,
        1.0,
        1.0,
        1.0,
        1.0,
        1.0,
        1.0,
        1.0,
        1.0,
        1.0
      ]
    },
    "P1": {
      "optimal": {
        "k_95": 15,
        "k_95_survival": 0.955078125,
        "k_95_reduction": 0.5454545454545454,
        "k_90": 12,
        "k_90_survival": 0.904296875,
        "k_90_reduction": 0.6363636363636364,
        "k_85": 11,
        "k_85_survival": 0.8828125,
        "k_85_reduction": 0.6666666666666667
      },
      "survival_curve": [
        0.095703125,
        0.216796875,
        0.314453125,
        0.404296875,
        0.48828125,
        0.548828125,
        0.66015625,
        0.71484375,
        0.7890625,
        0.84375,
        0.8828125,
        0.904296875,
        0.927734375,
        0.939453125,
        0.955078125,
        0.962890625,
        0.970703125,
        0.978515625,
        0.986328125,
        0.98828125,
        0.9921875,
        0.994140625,
        0.99609375,
        0.99609375,
        0.99609375,
        0.998046875,
        0.998046875,
        0.998046875,
        0.998046875,
        1.0,
        1.0,
        1.0,
        1.0
      ]
    },
    "P2": {
      "optimal": {
        "k_95": 16,
        "k_95_survival": 0.955078125,
        "k_95_reduction": 0.5151515151515151,
        "k_90": 13,
        "k_90_survival": 0.912109375,
        "k_90_reduction": 0.6060606060606061,
        "k_85": 12,
        "k_85_survival": 0.884765625,
        "k_85_reduction": 0.6363636363636364
      },
      "survival_curve": [
        0.08984375,
        0.158203125,
        0.265625,
        0.365234375,
        0.4765625,
        0.546875,
        0.625,
        0.6875,
        0.75,
        0.8046875,
        0.84765625,
        0.884765625,
        0.912109375,
        0.92578125,
        0.9453125,
        0.955078125,
        0.962890625,
        0.970703125,
        0.9765625,
        0.98046875,
        0.982421875,
        0.98828125,
        0.98828125,
        0.990234375,
        0.9921875,
        0.994140625,
        0.99609375,
        0.998046875,
        0.998046875,
        1.0,
        1.0,
        1.0,
        1.0
      ]
    },
    "P3": {
      "optimal": {
        "k_95": 19,
        "k_95_survival": 0.9609375,
        "k_95_reduction": 0.4242424242424242,
        "k_90": 15,
        "k_90_survival": 0.90234375,
        "k_90_reduction": 0.5454545454545454,
        "k_85": 13,
        "k_85_survival": 0.859375,
        "k_85_reduction": 0.6060606060606061
      },
      "survival_curve": [
        0.08984375,
        0.185546875,
        0.265625,
        0.353515625,
        0.435546875,
        0.515625,
        0.568359375,
        0.634765625,
        0.689453125,
        0.732421875,
        0.79296875,
        0.828125,
        0.859375,
        0.87890625,
        0.90234375,
        0.916015625,
        0.927734375,
        0.94921875,
        0.9609375,
        0.9765625,
        0.98046875,
        0.986328125,
        0.98828125,
        0.98828125,
        0.994140625,
        0.99609375,
        0.99609375,
        0.99609375,
        0.998046875,
        0.998046875,
        1.0,
        1.0,
        1.0
      ]
    },
    "P4": {
      "optimal": {
        "k_95": 16,
        "k_95_survival": 0.95703125,
        "k_95_reduction": 0.5151515151515151,
        "k_90": 14,
        "k_90_survival": 0.92578125,
        "k_90_reduction": 0.5757575757575757,
        "k_85": 12,
        "k_85_survival": 0.85546875,
        "k_85_reduction": 0.6363636363636364
      },
      "survival_curve": [
        0.087890625,
        0.203125,
        0.30078125,
        0.37890625,
        0.47265625,
        0.55078125,
        0.60546875,
        0.65625,
        0.703125,
        0.755859375,
        0.794921875,
        0.85546875,
        0.89453125,
        0.92578125,
        0.9453125,
        0.95703125,
        0.96875,
        0.97265625,
        0.982421875,
        0.990234375,
        0.994140625,
        0.99609375,
        0.998046875,
        0.998046875,
        0.998046875,
        0.998046875,
        1.0,
        1.0,
        1.0,
        1.0,
        1.0,
        1.0,
        1.0
      ]
    },
    "P5": {
      "optimal": {
        "k_95": 14,
        "k_95_survival": 0.974609375,
        "k_95_reduction": 0.5757575757575757,
        "k_90": 12,
        "k_90_survival": 0.92578125,
        "k_90_reduction": 0.6363636363636364,
        "k_85": 10,
        "k_85_survival": 0.869140625,
        "k_85_reduction": 0.696969696969697
      },
      "survival_curve": [
        0.14453125,
        0.271484375,
        0.40625,
        0.509765625,
        0.591796875,
        0.6796875,
        0.7265625,
        0.79296875,
        0.83203125,
        0.869140625,
        0.89453125,
        0.92578125,
        0.9453125,
        0.974609375,
        0.98046875,
        0.982421875,
        0.98828125,
        0.9921875,
        0.9921875,
        0.994140625,
        0.99609375,
        1.0,
        1.0,
        1.0,
        1.0,
        1.0,
        1.0,
        1.0,
        1.0,
        1.0,
        1.0,
        1.0,
        1.0
      ]
    }
  },
  "auc": {
    "P0": {
      "mean_rank": 4.484375,
      "median_rank": 4.0,
      "std_rank": 3.364530927094444,
      "auc": 0.89111328125,
      "rank_percentiles": {
        "p10": 1.0,
        "p25": 2.0,
        "p50": 4.0,
        "p75": 6.0,
        "p90": 9.0
      }
    },
    "P1": {
      "mean_rank": 6.4609375,
      "median_rank": 6.0,
      "std_rank": 4.542167612615562,
      "auc": 0.829345703125,
      "rank_percentiles": {
        "p10": 2.0,
        "p25": 3.0,
        "p50": 6.0,
        "p75": 9.0,
        "p90": 12.0
      }
    },
    "P2": {
      "mean_rank": 6.94140625,
      "median_rank": 6.0,
      "std_rank": 4.867831706464485,
      "auc": 0.8143310546875,
      "rank_percentiles": {
        "p10": 2.0,
        "p25": 3.0,
        "p50": 6.0,
        "p75": 9.25,
        "p90": 13.0
      }
    },
    "P3": {
      "mean_rank": 7.615234375,
      "median_rank": 6.0,
      "std_rank": 5.5041179846382615,
      "auc": 0.79327392578125,
      "rank_percentiles": {
        "p10": 2.0,
        "p25": 3.0,
        "p50": 6.0,
        "p75": 11.0,
        "p90": 15.0
      }
    },
    "P4": {
      "mean_rank": 7.015625,
      "median_rank": 6.0,
      "std_rank": 4.858922808542547,
      "auc": 0.81201171875,
      "rank_percentiles": {
        "p10": 2.0,
        "p25": 3.0,
        "p50": 6.0,
        "p75": 10.0,
        "p90": 14.0
      }
    },
    "P5": {
      "mean_rank": 5.509765625,
      "median_rank": 4.0,
      "std_rank": 4.089800378083062,
      "auc": 0.85906982421875,
      "rank_percentiles": {
        "p10": 1.0,
        "p25": 2.0,
        "p50": 4.0,
        "p75": 8.0,
        "p90": 12.0
      }
    },
    "overall_auc": 0.83319091796875
  },
  "e1_comparison": {
    "weighted_k95": {
      "optimal_ks": [
        11,
        15,
        16,
        19,
        16,
        14
      ],
      "avg_combo_count": 414758.47265625,
      "combo_reduction": 0.6255232431270585,