{
  "stat_ranges": {
    "sum": {
      "p1": 53.0,
      "p5": 66.0,
      "p25": 87.0,
      "p50": 101.0,
      "p75": 116.0,
      "p95": 136.0,
      "p99": 149.0,
      "mean": 101.0641158221303,
      "std": 21.216015056638636
    },
    "span": {
      "p1": 12.0,
      "p5": 15.0,
      "p25": 21.0,
      "p50": 25.0,
      "p75": 28.0,
      "p95": 31.0,
      "p99": 32.0,
      "mean": 24.211306446053086,
      "std": 4.8398505603576325
    },
    "odd_count": {
      "p1": 0.0,
      "p5": 1.0,
      "p25": 2.0,
      "p50": 3.0,
      "p75": 4.0,
      "p95": 5.0,
      "p99": 6.0,
      "mean": 3.0489486384005517,
      "std": 1.1301162788119128
    },
    "big_count": {
      "p1": 0.0,
      "p5": 1.0,
      "p25": 2.0,
      "p50": 3.0,
      "p75": 4.0,
      "p95": 5.0,
      "p99": 5.0,
      "mean": 2.873836608066184,
      "std": 1.1111642717428118
    },
    "ac_value": {
      "p1": 3.0,
      "p5": 5.0,
      "p25": 6.0,
      "p50": 8.0,
      "p75": 8.0,
      "p95": 10.0,
      "p99": 10.0,
      "mean": 7.36918304033092,
      "std": 1.540402111087225
    },
    "consec_groups": {
      "p1": 0.0,
      "p5": 0.0,
      "p25": 0.0,
      "p50": 1.0,
      "p75": 1.0,
      "p95": 2.0,
      "p99": 2.0,
      "mean": 0.7776628748707343,
      "std": 0.6573616099292411
    },
    "gaps": {
      "gap_P0_P1": {
        "p1": 1.0,
        "p5": 1.0,
        "p50": 4.0,
        "p95": 12.0,
        "p99": 17.0,
        "mean": 4.840055153395381
      },
      "gap_P1_P2": {
        "p1": 1.0,
        "p5": 1.0,
        "p50": 4.0,
        "p95": 12.0,
        "p99": 16.0,
        "mean": 4.778697001034126
      },
      "gap_P2_P3": {
        "p1": 1.0,
        "p5": 1.0,
        "p50": 4.0,
        "p95": 13.0,
        "p99": 17.0,
        "mean": 4.881075491209928
      },
      "gap_P3_P4": {
        "p1": 1.0,
        "p5": 1.0,
        "p50": 4.0,
        "p95": 13.0,
        "p99": 17.0,
        "mean": 4.9021027231988965
      },
      "gap_P4_P5": {
        "p1": 1.0,
        "p5": 1.0,
        "p50": 4.0,
        "p95": 12.0,
        "p99": 17.0,
        "mean": 4.809376077214753
      }
    }
  },
  "constraints_p5_p95": {
    "sum": {
      "lo": 66.0,
      "hi": 136.0
    },
    "odd_count": {
      "lo": 1.0,
      "hi": 5.0
    },
    "big_count": {
      "lo": 1.0,
      "hi": 5.0
    },
    "ac_value": {
      "lo": 5.0,
      "hi": 10.0
    },
    "span": {
      "lo": 15.0,
      "hi": 31.0
    }
  },
  "gap_constraints": {
    "gap_P0_P1": {
      "lo": 1.0,
      "hi": 12.0
    },
    "gap_P1_P2": {
      "lo": 1.0,
      "hi": 12.0
    },
    "gap_P2_P3": {
      "lo": 1.0,
      "hi": 13.0
    },
    "gap_P3_P4": {
      "lo": 1.0,
      "hi": 13.0
    },
    "gap_P4_P5": {
      "lo": 1.0,
      "hi": 12.0
    }
  },
  "mc_samples_per_period": 10000,
  "n_eval_periods": 100,
  "total_sampled": 866437,
  "sample_fail_rate": 0.133563,
  "constraint_effects": {
    "sum": {
      "filter_rate": 0.09122186610220939,
      "true_survival": 0.92,
      "net_value": 0.08392411681403264
    },
    "odd_count": {
      "filter_rate": 0.017544264614738292,
      "true_survival": 0.98,
      "net_value": 0.017193379322443525
    },
    "big_count": {
      "filter_rate": 0.006032752525573123,
      "true_survival": 0.99,
      "net_value": 0.005972425000317392
    },
    "ac_value": {
      "filter_rate": 0.03209004232275399,
      "true_survival": 0.97,
      "net_value": 0.03112734105307137
    },
    "span": {
      "filter_rate": 0.03212235857886955,
      "true_survival": 0.93,
      "net_value": 0.029873793478348686
    },
    "gaps_all": {
      "filter_rate": 0.2238916389766365,
      "true_survival": 0.77,
      "net_value": 0.17239656201201012
    },
    "all_combined": {
      "filter_rate": 0.3309426998154511,
      "true_survival": 0.67,
      "net_value": 0.22173160887635227
    }
  }
}