{
  "c1_conditional_probs": {
    "P0_P1": {
      "joint_counts": [
        [
          971,
          51,
          261
        ],
        [
          145,
          29,
          144
        ],
        [
          305,
          64,
          930
        ]
      ],
      "cond_prob": [
        [
          0.7568199532346064,
          0.03975058456742011,
          0.2034294621979735
        ],
        [
          0.4559748427672956,
          0.09119496855345911,
          0.4528301886792453
        ],
        [
          0.23479599692070824,
          0.049268668206312545,
          0.7159353348729792
        ]
      ],
      "row_labels": [
        "D",
        "E",
        "U"
      ],
      "col_labels": [
        "D",
        "E",
        "U"
      ]
    },
    "P1_P2": {
      "joint_counts": [
        [
          1073,
          77,
          271
        ],
        [
          55,
          18,
          71
        ],
        [
          241,
          60,
          1034
        ]
      ],
      "cond_prob": [
        [
          0.7551020408163265,
          0.054187192118226604,
          0.19071076706544687
        ],
        [
          0.3819444444444444,
          0.125,
          0.4930555555555556
        ],
        [
          0.1805243445692884,
          0.0449438202247191,
          0.7745318352059926
        ]
      ],
      "row_labels": [
        "D",
        "E",
        "U"
      ],
      "col_labels": [
        "D",
        "E",
        "U"
      ]
    },
    "P2_P3": {
      "joint_counts": [
        [
          1046,
          67,
          256
        ],
        [
          67,
          17,
          71
        ],
        [
          268,
          67,
          1041
        ]
      ],
      "cond_prob": [
        [
          0.7640613586559533,
          0.04894083272461651,
          0.18699780861943024
        ],
        [
          0.432258064516129,
          0.10967741935483871,
          0.45806451612903226
        ],
        [
          0.19476744186046513,
          0.04869186046511628,
          0.7565406976744186
        ]
      ],
      "row_labels": [
        "D",
        "E",
        "U"
      ],
      "col_labels": [
        "D",
        "E",
        "U"
      ]
    },
    "P3_P4": {
      "joint_counts": [
        [
          1054,
          71,
          256
        ],
        [
          78,
          16,
          57
        ],
        [
          235,
          67,
          1066
        ]
      ],
      "cond_prob": [
        [
          0.7632150615496017,
          0.05141202027516292,
          0.18537291817523532
        ],
        [
          0.5165562913907285,
          0.10596026490066225,
          0.37748344370860926
        ],
        [
          0.17178362573099415,
          0.0489766081871345,
          0.7792397660818714
        ]
      ],
      "row_labels": [
        "D",
        "E",
        "U"
      ],
      "col_labels": [
        "D",
        "E",
        "U"
      ]
    },
    "P4_P5": {
      "joint_counts": [
        [
          960,
          131,
          276
        ],
        [
          65,
          31,
          58
        ],
        [
          295,
          155,
          929
        ]
      ],
      "cond_prob": [
        [
          0.7022677395757132,
          0.0958302852962692,
          0.20190197512801755
        ],
        [
          0.42207792207792205,
          0.2012987012987013,
          0.37662337662337664
        ],
        [
          0.2139231327048586,
          0.11240029006526468,
          0.6736765772298767
        ]
      ],
      "row_labels": [
        "D",
        "E",
        "U"
      ],
      "col_labels": [
        "D",
        "E",
        "U"
      ]
    }
  },
  "c2_independence_test": {
    "P0_P1": {
      "kl_divergence": 0.13388241702904727,
      "chi2_statistic": 741.7456503704855,
      "chi2_p_value": 3.179603580661311e-159,
      "chi2_dof": 4,
      "n_samples": 2900,
      "margin_a": [
        0.4424137931034483,
        0.1096551724137931,
        0.4479310344827586
      ],
      "margin_b": [
        0.49,
        0.0496551724137931,
        0.4603448275862069
      ]
    },
    "P1_P2": {
      "kl_divergence": 0.18243715353010978,
      "chi2_statistic": 994.1764363419076,
      "chi2_p_value": 6.525835141348823e-214,
      "chi2_dof": 4,
      "n_samples": 2900,
      "margin_a": [
        0.49,
        0.04965517241379311,
        0.4603448275862069
      ],
      "margin_b": [
        0.47206896551724137,
        0.05344827586206896,
        0.47448275862068967
      ]
    },
    "P2_P3": {
      "kl_divergence": 0.17422044975589987,
      "chi2_statistic": 950.1038018709618,
      "chi2_p_value": 2.3186495349058515e-204,
      "chi2_dof": 4,
      "n_samples": 2900,
      "margin_a": [
        0.4720689655172414,
        0.05344827586206896,
        0.47448275862068967
      ],
      "margin_b": [
        0.47620689655172416,
        0.052068965517241377,
        0.4717241379310345
      ]
    },
    "P3_P4": {
      "kl_divergence": 0.19081017122049518,
      "chi2_statistic": 1032.037798351316,
      "chi2_p_value": 4.06767221433454e-222,
      "chi2_dof": 4,
      "n_samples": 2900,
      "margin_a": [
        0.4762068965517241,
        0.052068965517241377,
        0.4717241379310345
      ],
      "margin_b": [
        0.47137931034482755,
        0.05310344827586207,
        0.4755172413793104
      ]
    },
    "P4_P5": {
      "kl_divergence": 0.13079100493705031,
      "chi2_statistic": 726.50428548142,
      "chi2_p_value": 6.353323704681428e-156,
      "chi2_dof": 4,
      "n_samples": 2900,
      "margin_a": [
        0.47137931034482755,
        0.05310344827586207,
        0.4755172413793104
      ],
      "margin_b": [
        0.4551724137931034,
        0.1093103448275862,
        0.43551724137931036
      ]
    }
  },
  "c3_conditional_vs_independent": {
    "total_predictions": 2560,
    "independent_accuracy": 0.4765625,
    "conditional_accuracy": 0.7234375,
    "improvement": 0.24687499999999996,
    "relative_improvement": 0.5180327868852458
  }
}