{
  "threshold_sensitivity": {
    "P0": {
      "optimal": {
        "k_95": 16,
        "k_95_survival": 0.9552941176470588,
        "k_95_reduction": 0.5428571428571429,
        "k_90": 13,
        "k_90_survival": 0.9035294117647059,
        "k_90_reduction": 0.6285714285714286,
        "k_85": 11,
        "k_85_survival": 0.8541176470588235,
        "k_85_reduction": 0.6857142857142857
      },
      "survival_curve": [
        0.08705882352941176,
        0.1811764705882353,
        0.3247058823529412,
        0.4752941176470588,
        0.56,
        0.6352941176470588,
        0.6964705882352941,
        0.7388235294117647,
        0.7788235294117647,
        0.8211764705882353,
        0.8541176470588235,
        0.8823529411764706,
        0.9035294117647059,
        0.9341176470588235,
        0.9458823529411765,
        0.9552941176470588,
        0.9623529411764706,
        0.9741176470588235,
        0.9788235294117648,
        0.9882352941176471,
        0.9905882352941177,
        0.9905882352941177,
        0.9952941176470588,
        1.0,
        1.0,
        1.0,
        1.0,
        1.0,
        1.0,
        1.0,
        1.0,
        1.0,
        1.0,
        1.0,
        1.0
      ]
    },
    "P1": {
      "optimal": {
        "k_95": 22,
        "k_95_survival": 0.9552941176470588,
        "k_95_reduction": 0.37142857142857144,
        "k_90": 19,
        "k_90_survival": 0.9035294117647059,
        "k_90_reduction": 0.4571428571428572,
        "k_85": 17,
        "k_85_survival": 0.8541176470588235,
        "k_85_reduction": 0.5142857142857142
      },
      "survival_curve": [
        0.08235294117647059,
        0.14823529411764705,
        0.2447058823529412,
        0.30117647058823527,
        0.36,
        0.4470588235294118,
        0.5152941176470588,
        0.5647058823529412,
        0.6211764705882353,
        0.6705882352941176,
        0.7082352941176471,
        0.7388235294117647,
        0.7694117647058824,
        0.7929411764705883,
        0.8211764705882353,
        0.8352941176470589,
        0.8541176470588235,
        0.8894117647058823,
        0.9035294117647059,
        0.9176470588235294,
        0.9411764705882353,
        0.9552941176470588,
        0.9741176470588235,
        0.9811764705882353,
        0.9835294117647059,
        0.9858823529411764,
        0.9905882352941177,
        0.9952941176470588,
        0.9952941176470588,
        0.9976470588235294,
        0.9976470588235294,
        1.0,
        1.0,
        1.0,
        1.0
      ]
    },
    "P2": {
      "optimal": {
        "k_95": 23,
        "k_95_survival": 0.9576470588235294,
        "k_95_reduction": 0.34285714285714286,
        "k_90": 18,
        "k_90_survival": 0.9129411764705883,
        "k_90_reduction": 0.48571428571428577,
        "k_85": 16,
        "k_85_survival": 0.8611764705882353,
        "k_85_reduction": 0.5428571428571429
      },
      "survival_curve": [
        0.07058823529411765,
        0.1411764705882353,
        0.2188235294117647,
        0.2964705882352941,
        0.37411764705882355,
        0.4376470588235294,
        0.5105882352941177,
        0.5505882352941176,
        0.6094117647058823,
        0.64,
        0.6870588235294117,
        0.7341176470588235,
        0.7694117647058824,
        0.8141176470588235,
        0.8329411764705882,
        0.8611764705882353,
        0.8870588235294118,
        0.9129411764705883,
        0.9176470588235294,
        0.9317647058823529,
        0.9435294117647058,
        0.9482352941176471,
        0.9576470588235294,
        0.9670588235294117,
        0.9694117647058823,
        0.9741176470588235,
        0.9788235294117648,
        0.9788235294117648,
        0.9835294117647059,
        0.9835294117647059,
        0.9858823529411764,
        0.9858823529411764,
        0.9952941176470588,
        0.9976470588235294,
        1.0
      ]
    },
    "P3": {
      "optimal": {
        "k_95": 25,
        "k_95_survival": 0.9576470588235294,
        "k_95_reduction": 0.2857142857142857,
        "k_90": 20,
        "k_90_survival": 0.908235294117647,
        "k_90_reduction": 0.4285714285714286,
        "k_85": 18,
        "k_85_survival": 0.88,
        "k_85_reduction": 0.48571428571428577
      },
      "survival_curve": [
        0.08235294117647059,
        0.1388235294117647,
        0.1811764705882353,
        0.2541176470588235,
        0.31058823529411766,
        0.36941176470588233,
        0.40941176470588236,
        0.4682352941176471,
        0.5176470588235295,
        0.5858823529411765,
        0.6541176470588236,
        0.7035294117647058,
        0.7411764705882353,
        0.7717647058823529,
        0.8094117647058824,
        0.8305882352941176,
        0.8470588235294118,
        0.88,
        0.8917647058823529,
        0.908235294117647,
        0.92,
        0.9341176470588235,
        0.9435294117647058,
        0.9482352941176471,
        0.9576470588235294,
        0.9623529411764706,
        0.971764705882353,
        0.9741176470588235,
        0.9788235294117648,
        0.9835294117647059,
        0.9835294117647059,
        0.9858823529411764,
        0.9882352941176471,
        0.9882352941176471,
        1.0
      ]
    },
    "P4": {
      "optimal": {
        "k_95": 18,
        "k_95_survival": 0.9505882352941176,
        "k_95_reduction": 0.48571428571428577,
        "k_90": 15,
        "k_90_survival": 0.9129411764705883,
        "k_90_reduction": 0.5714285714285714,
        "k_85": 13,
        "k_85_survival": 0.8541176470588235,
        "k_85_reduction": 0.6285714285714286
      },
      "survival_curve": [
        0.1011764705882353,
        0.2023529411764706,
        0.29411764705882354,
        0.3788235294117647,
        0.44941176470588234,
        0.5435294117647059,
        0.6023529411764705,
        0.6517647058823529,
        0.6870588235294117,
        0.72,
        0.7741176470588236,
        0.8047058823529412,
        0.8541176470588235,
        0.8847058823529412,
        0.9129411764705883,
        0.9317647058823529,
        0.9411764705882353,
        0.9505882352941176,
        0.9670588235294117,
        0.9858823529411764,
        0.9858823529411764,
        0.9858823529411764,
        0.9882352941176471,
        0.9905882352941177,
        0.9952941176470588,
        0.9952941176470588,
        0.9952941176470588,
        0.9952941176470588,
        0.9952941176470588,
        0.9952941176470588,
        1.0,
        1.0,
        1.0,
        1.0,
        1.0
      ]
    }
  },
  "auc": {
    "P0": {
      "mean_rank": 6.345882352941176,
      "median_rank": 5.0,
      "std_rank": 4.705479982797941,
      "auc": 0.8427681660899654,
      "rank_percentiles": {
        "p10": 2.0,
        "p25": 3.0,
        "p50": 5.0,
        "p75": 9.0,
        "p90": 13.0
      }
    },
    "P1": {
      "mean_rank": 9.016470588235293,
      "median_rank": 7.0,
      "std_rank": 6.611733724022032,
      "auc": 0.7642214532871973,
      "rank_percentiles": {
        "p10": 2.0,
        "p25": 4.0,
        "p50": 7.0,
        "p75": 13.0,
        "p90": 19.0
      }
    },
    "P2": {
      "mean_rank": 9.152941176470588,
      "median_rank": 7.0,
      "std_rank": 6.826084714237845,
      "auc": 0.7602076124567474,
      "rank_percentiles": {
        "p10": 2.0,
        "p25": 4.0,
        "p50": 7.0,
        "p75": 13.0,
        "p90": 18.0
      }
    },
    "P3": {
      "mean_rank": 10.124705882352941,
      "median_rank": 9.0,
      "std_rank": 7.236897383342134,
      "auc": 0.7316262975778547,
      "rank_percentiles": {
        "p10": 2.0,
        "p25": 4.0,
        "p50": 9.0,
        "p75": 14.0,
        "p90": 20.0
      }
    },
    "P4": {
      "mean_rank": 7.44,
      "median_rank": 6.0,
      "std_rank": 5.519317945927313,
      "auc": 0.8105882352941176,
      "rank_percentiles": {
        "p10": 1.4000000000000057,
        "p25": 3.0,
        "p50": 6.0,
        "p75": 11.0,