{
  "plan_a_xgboost": {
    "cross_avg_combos": 221745.17647058822,
    "cross_reduction": 0.31693370810459776,
    "cross_survival": 0.7035294117647058,
    "cross_efficiency": 0.22297218523123463,
    "per_pos_survival": {
      "P0": 0.9294117647058824,
      "P1": 0.9341176470588235,
      "P2": 0.9341176470588235,
      "P3": 0.9058823529411765,
      "P4": 0.9058823529411765
    }
  },
  "baseline": {
    "avg_combos": 121426.8494117647,
    "reduction": 0.6259553912991797,
    "survival": 0.7058823529411765,
    "efficiency": 0.4418508644464798
  },
  "plan_b_mlp": {
    "per_pos_accuracy": {
      "P0": 0.7105882352941176,
      "P1": 0.6964705882352941,
      "P2": 0.7152941176470589,
      "P3": 0.7011764705882353,
      "P4": 0.6776470588235294
    },
    "overall_accuracy": 0.7002352941176471,
    "epochs": 72,
    "best_val_loss": 3.6738786697387695
  },
  "summary": {
    "go": false,
    "decision": "NO-GO",
    "efficiency_improvement": -0.21887867921524518,
    "survival_improvement": -0.0023529411764706687,
    "criteria": "效率提升>=5% 或 存活率提升>=2%"
  }
}