{
  "total_time_seconds": 0.2,
  "total_time_minutes": 0.0,
  "results": {
    "daletou": {
      "lottery_type": "daletou",
      "terminated_at": "step1",
      "reason": "no_significant_alpha",
      "step0": {
        "step0a_rolling_stability": {
          "n_windows": 5,
          "window_size": 481,
          "per_pair": {
            "P0_P1": {
              "max_elem_std": 0.05483297750569532,
              "mean_elem_std": 0.029603725985708026,
              "std_pass": false,
              "kl_values": [
                0.009826937461537394,
                0.012301744279293106,
                0.005510698562887485,
                0.010112379612209746,
                0.0089158544653383
              ],
              "max_kl": 0.012301744279293106,
              "mean_kl": 0.009333522876253206,
              "kl_pass": true
            },
            "P1_P2": {
              "max_elem_std": 0.048055532599811684,
              "mean_elem_std": 0.023278930690157153,
              "std_pass": true,
              "kl_values": [
                0.009236380770450388,
                0.0018299524158098606,
                0.010274812442618082,
                0.00327625185983597,
                0.004565589913776977
              ],
              "max_kl": 0.010274812442618082,
              "mean_kl": 0.0058365974804982556,
              "kl_pass": true
            },
            "P2_P3": {
              "max_elem_std": 0.10924009952294844,
              "mean_elem_std": 0.0410049950571555,
              "std_pass": false,
              "kl_values": [
                0.02379537171506142,
                0.011328335057512013,
                0.0019422531820410746,
                0.02483811486245421,
                0.020914403133270986
              ],
              "max_kl": 0.02483811486245421,
              "mean_kl": 0.016563695590067942,
              "kl_pass": false
            },
            "P3_P4": {
              "max_elem_std": 0.10545686285358373,
              "mean_elem_std": 0.04142259578124154,
              "std_pass": false,
              "kl_values": [
                0.01488707941332502,
                0.007101416281938799,
                0.01956830719434302,
                0.013350568260210286,
                0.024397173362963747
              ],
              "max_kl": 0.024397173362963747,
              "mean_kl": 0.015860908902556172,
              "kl_pass": false
            }
          },
          "pass": false
        },
        "step0b_train_test_consistency": {
          "per_pair": {
            "P0_P1": {
              "row_p_values": [
                0.3641698322959739,
                0.7178249201523216,
                0.34328171307607874
              ],
              "min_p_value": 0.34328171307607874,
              "chi2_pass": true
            },
            "P1_P2": {
              "row_p_values": [
                0.5642194014560218,
                0.8092327239884693,
                0.2758031419118768
              ],
              "min_p_value": 0.2758031419118768,
              "chi2_pass": true
            },
            "P2_P3": {
              "row_p_values": [
                0.22437793163035863,
                0.16267319730226354,
                0.7326470524200717
              ],
              "min_p_value": 0.16267319730226354,
              "chi2_pass": true
            },
            "P3_P4": {
              "row_p_values": [
                0.9282411490080013,
                0.9059450996015036,
                0.1575349998124836
              ],
              "min_p_value": 0.1575349998124836,
              "chi2_pass": true
            }
          },
          "pass": true
        },
        "overall_pass": false,
        "use_sliding_window": false
      },
      "step1": {
        "alpha_scan": [
          {
            "alpha": 0.0,
            "accuracy": 0.8523529411764705
          },
          {
            "alpha": 0.1,
            "accuracy": 0.8529411764705882
          },
          {
            "alpha": 0.2,
            "accuracy": 0.8552941176470589
          },
          {
            "alpha": 0.3,
            "accuracy": 0.8541176470588235
          },
          {
            "alpha": 0.4,
            "accuracy": 0.8511764705882353
          },
          {
            "alpha": 0.5,
            "accuracy": 0.8435294117647059
          },
          {
            "alpha": 0.6,
            "accuracy": 0.8370588235294117
          },
          {
            "alpha": 0.7,
            "accuracy": 0.7864705882352941
          },
          {
            "alpha": 0.8,
            "accuracy": 0.7511764705882353
          },
          {
            "alpha": 0.9,
            "accuracy": 0.7229411764705882
          },
          {
            "alpha": 1.0,
            "accuracy": 0.7070588235294117
          }
        ],
        "best_alpha": 0.2,
        "best_accuracy": 0.8552941176470589,
        "baseline_accuracy": 0.8523529411764705,
        "improvement": 0.002941176470588336,
        "mcnemar_p_value": 0.22525290636064965,
        "significant": false,
        "per_position": {
          "P0": {
            "base_acc": 0.8470588235294118,
            "corrected_acc": 0.8470588235294118
          },
          "P1": {
            "base_acc": 0.8423529411764706,
            "corrected_acc": 0.8470588235294118
          },
          "P2": {
            "base_acc": 0.9223529411764706,
            "corrected_acc": 0.9247058823529412
          },
          "P3": {
            "base_acc": 0.8211764705882353,
            "corrected_acc": 0.8235294117647058
          },
          "P4": {
            "base_acc": 0.8235294117647058,
            "corrected_acc": 0.8258823529411765
          }
        }
      }
    },
    "shuangseqiu": {
      "lottery_type": "shuangseqiu",
      "terminated_at": "step1",
      "reason": "no_significant_alpha",
      "step0": {
        "step0a_rolling_stability": {
          "n_windows": 5,
          "window_size": 580,
          "per_pair": {
            "P0_P1": {
              "max_elem_std": 0.05359487151484831,
              "mean_elem_std": 0.030791161782004924,
              "std_pass": false,
              "kl_values": [
                0.008692429046471094,
                0.007539092423870064,
                0.0025634321428190513,
                0.005991895016410839,
                0.008472577096017758
              ],
              "max_kl": 0.008692429046471094,
              "mean_kl": 0.006651885145117761,
              "kl_pass": true
            },
            "P1_P2": {
              "max_elem_std": 0.06559532211750062,
              "mean_elem_std": 0.025609776340196573,
              "std_pass": false,
              "kl_values": [
                0.01076297978299885,
                0.001534708992958467,
                0.006395595484377067,
                0.0014618235394960085,
                0.0065704535700030165
              ],
              "max_kl": 0.01076297978299885,
              "mean_kl": 0.005345112273966682,
              "kl_pass": true
            },
            "P2_P3": {
              "max_elem_std": 0.04751103936861398,
              "mean_elem_std": 0.024285769615344316,
              "std_pass": true,
              "kl_values": [
                0.005702031530184322,
                0.0015276057022615673,
                0.00289820229756844,
                0.010182090382327284,
                0.004105696296829214
              ],
              "max_kl": 0.010182090382327284,
              "mean_kl": 0.004883125241834165,
              "kl_pass": true
            },
            "P3_P4": {
              "max_elem_std": 0.0826741977361347,
              "mean_elem_std": 0.03179622068260072,
              "std_pass": false,