{
  "step0a_rolling_stability": {
    "n_windows": 5,
    "window_size": 580,
    "per_pair": {
      "P0_P1": {
        "max_elem_std": 0.05359487151484831,
        "mean_elem_std": 0.030791161782004924,
        "std_pass": false,
        "kl_values": [
          0.008692429046471094,
          0.007539092423870064,
          0.0025634321428190513,
          0.005991895016410839,
          0.008472577096017758
        ],
        "max_kl": 0.008692429046471094,
        "mean_kl": 0.006651885145117761,
        "kl_pass": true
      },
      "P1_P2": {
        "max_elem_std": 0.06559532211750062,
        "mean_elem_std": 0.025609776340196573,
        "std_pass": false,
        "kl_values": [
          0.01076297978299885,
          0.001534708992958467,
          0.006395595484377067,
          0.0014618235394960085,
          0.0065704535700030165
        ],
        "max_kl": 0.01076297978299885,
        "mean_kl": 0.005345112273966682,
        "kl_pass": true
      },
      "P2_P3": {
        "max_elem_std": 0.04751103936861398,
        "mean_elem_std": 0.024285769615344316,
        "std_pass": true,
        "kl_values": [
          0.005702031530184322,
          0.0015276057022615673,
          0.00289820229756844,
          0.010182090382327284,
          0.004105696296829214
        ],
        "max_kl": 0.010182090382327284,
        "mean_kl": 0.004883125241834165,
        "kl_pass": true
      },
      "P3_P4": {
        "max_elem_std": 0.0826741977361347,
        "mean_elem_std": 0.03179622068260072,
        "std_pass": false,
        "kl_values": [
          0.011561578616229744,
          0.003930802076726571,
          0.0072611368427583116,
          0.00748260922692913,
          0.014749168765171466
        ],
        "max_kl": 0.014749168765171466,
        "mean_kl": 0.008997059105563044,
        "kl_pass": true
      },
      "P4_P5": {
        "max_elem_std": 0.12245187302045615,
        "mean_elem_std": 0.041688720346154076,
        "std_pass": false,
        "kl_values": [
          0.0014095208518620152,
          0.002982832663411821,
          0.025931318003611387,
          0.005128885683192831,
          0.04792391997019454
        ],
        "max_kl": 0.04792391997019454,
        "mean_kl": 0.016675295434454517,
        "kl_pass": false
      }
    },
    "pass": false
  },
  "step0b_train_test_consistency": {
    "per_pair": {
      "P0_P1": {
        "row_p_values": [
          0.6689316603250589,
          0.3073177668572431,
          0.39658347685595013
        ],
        "min_p_value": 0.3073177668572431,
        "chi2_pass": true
      },
      "P1_P2": {
        "row_p_values": [
          0.5292501643395175,
          0.40433152177672627,
          0.3369107992329936
        ],
        "min_p_value": 0.3369107992329936,
        "chi2_pass": true
      },
      "P2_P3": {
        "row_p_values": [
          0.8447084122677303,
          0.13567393291941912,
          0.8982844925252912
        ],
        "min_p_value": 0.13567393291941912,
        "chi2_pass": true
      },
      "P3_P4": {
        "row_p_values": [
          0.2632200186194605,
          0.4026324754172577,
          0.6276560822652664
        ],
        "min_p_value": 0.2632200186194605,
        "chi2_pass": true
      },
      "P4_P5": {
        "row_p_values": [
          0.6032407371257571,
          0.6089913310448396,
          0.7143640667213964
        ],
        "min_p_value": 0.6032407371257571,
        "chi2_pass": true
      }
    },
    "pass": true
  },
  "overall_pass": false,
  "use_sliding_window": false
}