{
  "step0a_rolling_stability": {
    "n_windows": 5,
    "window_size": 481,
    "per_pair": {
      "P0_P1": {
        "max_elem_std": 0.05483297750569532,
        "mean_elem_std": 0.029603725985708026,
        "std_pass": false,
        "kl_values": [
          0.009826937461537394,
          0.012301744279293106,
          0.005510698562887485,
          0.010112379612209746,
          0.0089158544653383
        ],
        "max_kl": 0.012301744279293106,
        "mean_kl": 0.009333522876253206,
        "kl_pass": true
      },
      "P1_P2": {
        "max_elem_std": 0.048055532599811684,
        "mean_elem_std": 0.023278930690157153,
        "std_pass": true,
        "kl_values": [
          0.009236380770450388,
          0.0018299524158098606,
          0.010274812442618082,
          0.00327625185983597,
          0.004565589913776977
        ],
        "max_kl": 0.010274812442618082,
        "mean_kl": 0.0058365974804982556,
        "kl_pass": true
      },
      "P2_P3": {
        "max_elem_std": 0.10924009952294844,
        "mean_elem_std": 0.0410049950571555,
        "std_pass": false,
        "kl_values": [
          0.02379537171506142,
          0.011328335057512013,
          0.0019422531820410746,
          0.02483811486245421,
          0.020914403133270986
        ],
        "max_kl": 0.02483811486245421,
        "mean_kl": 0.016563695590067942,
        "kl_pass": false
      },
      "P3_P4": {
        "max_elem_std": 0.10545686285358373,
        "mean_elem_std": 0.04142259578124154,
        "std_pass": false,
        "kl_values": [
          0.01488707941332502,
          0.007101416281938799,
          0.01956830719434302,
          0.013350568260210286,
          0.024397173362963747
        ],
        "max_kl": 0.024397173362963747,
        "mean_kl": 0.015860908902556172,
        "kl_pass": false
      }
    },
    "pass": false
  },
  "step0b_train_test_consistency": {
    "per_pair": {
      "P0_P1": {
        "row_p_values": [
          0.3641698322959739,
          0.7178249201523216,
          0.34328171307607874
        ],
        "min_p_value": 0.34328171307607874,
        "chi2_pass": true
      },
      "P1_P2": {
        "row_p_values": [
          0.5642194014560218,
          0.8092327239884693,
          0.2758031419118768
        ],
        "min_p_value": 0.2758031419118768,
        "chi2_pass": true
      },
      "P2_P3": {
        "row_p_values": [
          0.22437793163035863,
          0.16267319730226354,
          0.7326470524200717
        ],
        "min_p_value": 0.16267319730226354,
        "chi2_pass": true
      },
      "P3_P4": {
        "row_p_values": [
          0.9282411490080013,
          0.9059450996015036,
          0.1575349998124836
        ],
        "min_p_value": 0.1575349998124836,
        "chi2_pass": true
      }
    },
    "pass": true
  },
  "overall_pass": false,
  "use_sliding_window": false
}