{
  "lottery_type": "shuangseqiu",
  "rules": {
    "rule1_ordering_constraint": {
      "error_rate": 0.0,
      "errors": 0,
      "total": 3072,
      "avg_excluded_per_pos": 5.0,
      "go": true
    },
    "rule2_direction_extreme": {
      "scan_results": {
        "theta_0.9": {
          "theta": 0.9,
          "error_rate": 0.033070088845014806,
          "errors": 67,
          "total_checks": 2026,
          "trigger_rate": 0.6595052083333334,
          "avg_excluded_when_triggered": 13.364758144126357,
          "go": false
        },
        "theta_0.92": {
          "theta": 0.92,
          "error_rate": 0.030906233630172867,
          "errors": 59,
          "total_checks": 1909,
          "trigger_rate": 0.6214192708333334,
          "avg_excluded_when_triggered": 13.263488737558932,
          "go": false
        },
        "theta_0.94": {
          "theta": 0.94,
          "error_rate": 0.023715415019762844,
          "errors": 42,
          "total_checks": 1771,
          "trigger_rate": 0.5764973958333334,
          "avg_excluded_when_triggered": 13.197063805759457,
          "go": false
        },
        "theta_0.95": {
          "theta": 0.95,
          "error_rate": 0.02015411973918198,
          "errors": 34,
          "total_checks": 1687,
          "trigger_rate": 0.5491536458333334,
          "avg_excluded_when_triggered": 13.180794309425014,
          "go": false
        },
        "theta_0.96": {
          "theta": 0.96,
          "error_rate": 0.015180265654648957,
          "errors": 24,
          "total_checks": 1581,
          "trigger_rate": 0.5146484375,
          "avg_excluded_when_triggered": 13.076533839342188,
          "go": false
        },
        "theta_0.97": {
          "theta": 0.97,
          "error_rate": 0.01304945054945055,
          "errors": 19,
          "total_checks": 1456,
          "trigger_rate": 0.4739583333333333,
          "avg_excluded_when_triggered": 13.004807692307692,
          "go": false
        },
        "theta_0.98": {
          "theta": 0.98,
          "error_rate": 0.007125890736342043,
          "errors": 9,
          "total_checks": 1263,
          "trigger_rate": 0.4111328125,
          "avg_excluded_when_triggered": 12.8756927949327,
          "go": true
        },
        "theta_0.99": {
          "theta": 0.99,
          "error_rate": 0.0031282586027111575,
          "errors": 3,
          "total_checks": 959,
          "trigger_rate": 0.3121744791666667,
          "avg_excluded_when_triggered": 12.436913451511991,
          "go": true
        }
      },
      "best_theta": 0.98,
      "go": true
    },
    "rule3_diff_extreme": {
      "error_rate": 0.0087890625,
      "errors": 27,
      "total": 3072,
      "avg_excluded_per_pos": 7.2705078125,
      "diff_percentiles": {
        "P0": {
          "U": {
            "p1": 1.0,
            "p99": 15.0
          },
          "D": {
            "p1": -15.0,
            "p99": -1.0
          }
        },
        "P1": {
          "U": {
            "p1": 1.0,
            "p99": 18.0
          },
          "D": {
            "p1": -16.799999999999997,
            "p99": -1.0
          }
        },
        "P2": {
          "U": {
            "p1": 1.0,
            "p99": 19.0
          },
          "D": {
            "p1": -18.0,
            "p99": -1.0
          }
        },
        "P3": {
          "U": {
            "p1": 1.0,
            "p99": 18.0
          },
          "D": {
            "p1": -19.0,
            "p99": -1.0
          }
        },
        "P4": {
          "U": {
            "p1": 1.0,
            "p99": 17.0
          },
          "D": {
            "p1": -19.0,
            "p99": -1.0
          }
        },
        "P5": {
          "U": {
            "p1": 1.0,
            "p99": 15.0
          },
          "D": {
            "p1": -14.0,
            "p99": -1.0
          }
        }
      },
      "go": true
    }
  },
  "summary": {
    "go_rules": [
      "rule1_ordering_constraint",
      "rule2_direction_extreme",
      "rule3_diff_extreme"
    ],
    "n_go_rules": 3,
    "overall_go": true
  }
}