{
  "lottery_type": "daletou",
  "signals_available": {
    "A": true,
    "B": true,
    "C": true,
    "D": true,
    "E": true,
    "F": true
  },
  "baseline_auc": 0.7818823529411765,
  "best_config": {
    "alphas": {
      "A": 0.15,
      "B": 0.55,
      "C": 0.2,
      "D": 0.1,
      "E": 0.0,
      "F": 0.0
    },
    "auc": 0.8883737024221453
  },
  "auc_improvement": 0.10649134948096883,
  "optimal_ks": [
    14,
    16,
    18,
    19,
    16
  ],
  "full_evaluation": {
    "P0": {
      "auc": 0.9296885813148789,
      "mean_rank": 3.3905882352941177
    },
    "P1": {
      "auc": 0.8905190311418685,
      "mean_rank": 4.722352941176471
    },
    "P2": {
      "auc": 0.8720415224913495,
      "mean_rank": 5.350588235294118
    },
    "P3": {
      "auc": 0.8647750865051903,
      "mean_rank": 5.597647058823529
    },
    "P4": {
      "auc": 0.8848442906574394,
      "mean_rank": 4.915294117647059
    },
    "overall_auc": 0.8883737024221453,
    "combo_stats": {
      "avg_combo_count": 167615.85411764705,
      "combo_reduction": 0.48367427081234426,
      "combo_survival": 0.8211764705882353,
      "combo_efficiency": 0.39718193062001916
    }
  },
  "marginal_contribution": {
    "B": {
      "auc_without": 0.7705743944636678,
      "marginal_delta": 0.11779930795847748
    },
    "C": {
      "auc_without": 0.8864221453287197,
      "marginal_delta": 0.0019515570934256488
    },
    "D": {
      "auc_without": 0.8881522491349483,
      "marginal_delta": 0.0002214532871970265
    },
    "E": {
      "auc_without": 0.8883737024221453,
      "marginal_delta": 0.0
    },
    "F": {
      "auc_without": 0.8883737024221453,
      "marginal_delta": 0.0
    }
  },
  "grid_search": {
    "n_configs": 727,
    "top5": [
      {
        "alphas": {
          "A": 0.15,
          "B": 0.55,
          "C": 0.2,
          "D": 0.1,
          "E": 0.0,
          "F": 0.0
        },
        "auc": 0.8883737024221453
      },
      {
        "alphas": {
          "A": 0.15,
          "B": 0.6,
          "C": 0.25,
          "D": 0.0,
          "E": 0.0,
          "F": 0.0
        },
        "auc": 0.8883044982698962
      },
      {
        "alphas": {
          "A": 0.15,
          "B": 0.55,
          "C": 0.3,
          "D": 0.0,
          "E": 0.0,
          "F": 0.0
        },
        "auc": 0.8882768166089965
      },
      {
        "alphas": {
          "A": 0.15,
          "B": 0.55,
          "C": 0.2,
          "D": 0.05,
          "E": 0.05,
          "F": 0.0
        },
        "auc": 0.8881937716262975
      },
      {
        "alphas": {
          "A": 0.15,
          "B": 0.55,
          "C": 0.25,
          "D": 0.05,
          "E": 0.0,
          "F": 0.0
        },
        "auc": 0.8881937716262975
      }
    ]
  }
}