{
  "lottery_type": "shuangseqiu",
  "signals_available": {
    "A": true,
    "B": true,
    "C": true,
    "D": true,
    "E": true,
    "F": true,
    "G": true
  },
  "baseline_auc": 0.83319091796875,
  "best_config": {
    "alphas": {
      "A": 0.15,
      "B": 0.8,
      "C": 0.0,
      "D": 0.0,
      "E": 0.0,
      "F": 0.05,
      "G": 0.0
    },
    "auc": 0.9265645345052084
  },
  "auc_improvement": 0.09337361653645837,
  "optimal_ks": [
    8,
    12,
    14,
    13,
    14,
    10
  ],
  "full_evaluation": {
    "P0": {
      "auc": 0.95849609375,
      "mean_rank": 2.328125
    },
    "P1": {
      "auc": 0.92620849609375,
      "mean_rank": 3.361328125
    },
    "P2": {
      "auc": 0.91632080078125,
      "mean_rank": 3.677734375
    },
    "P3": {
      "auc": 0.91253662109375,
      "mean_rank": 3.798828125
    },
    "P4": {
      "auc": 0.907958984375,
      "mean_rank": 3.9453125
    },
    "P5": {
      "auc": 0.9378662109375,
      "mean_rank": 2.98828125
    },
    "overall_auc": 0.9265645345052084,
    "combo_stats": {
      "avg_combo_count": 350466.30859375,
      "combo_reduction": 0.6835712944092371,
      "combo_survival": 0.798828125,
      "combo_efficiency": 0.5460559754167539
    }
  },
  "marginal_contribution": {
    "B": {
      "auc_without": 0.8329264322916666,
      "marginal_delta": 0.09363810221354174
    },
    "C": {
      "auc_without": 0.9265645345052084,
      "marginal_delta": 0.0
    },
    "D": {
      "auc_without": 0.9265645345052084,
      "marginal_delta": 0.0
    },
    "E": {
      "auc_without": 0.9265645345052084,
      "marginal_delta": 0.0
    },
    "F": {
      "auc_without": 0.92626953125,
      "marginal_delta": 0.00029500325520837034
    },
    "G": {
      "auc_without": 0.9265645345052084,
      "marginal_delta": 0.0
    }
  },
  "grid_search": {
    "n_configs": 415,
    "top5": [
      {
        "alphas": {
          "A": 0.15,
          "B": 0.8,
          "C": 0.0,
          "D": 0.0,
          "E": 0.0,
          "F": 0.05,
          "G": 0.0
        },
        "auc": 0.9265645345052084
      },
      {
        "alphas": {
          "A": 0.15,
          "B": 0.75,
          "C": 0.0,
          "D": 0.05,
          "E": 0.0,
          "F": 0.05,
          "G": 0.0
        },
        "auc": 0.9265543619791666
      },
      {
        "alphas": {
          "A": 0.15,
          "B": 0.75,
          "C": 0.05,
          "D": 0.0,
          "E": 0.0,
          "F": 0.05,
          "G": 0.0
        },
        "auc": 0.9264933268229166
      },
      {
        "alphas": {
          "A": 0.15,
          "B": 0.75,
          "C": 0.0,
          "D": 0.0,
          "E": 0.0,
          "F": 0.1,
          "G": 0.0
        },
        "auc": 0.926483154296875
      },
      {
        "alphas": {
          "A": 0.15,
          "B": 0.75,
          "C": 0.0,
          "D": 0.0,
          "E": 0.05,
          "F": 0.05,
          "G": 0.0
        },
        "auc": 0.9264424641927084
      }
    ]
  }
}