{
  "lottery_type": "shuangseqiu",
  "groups": {
    "G0": {
      "group": "G0",
      "description": "基线 (A1+A2+局面)",
      "n_features": 2494,
      "xgboost": {
        "direction_accuracy": 0.8033854166666666,
        "avg_reduction": 0.21583017676767677,
        "avg_survival": 0.9326171875,
        "efficiency": 0.20128693243469856,
        "per_position": {
          "P0": {
            "direction_accuracy": 0.791015625,
            "avg_reduction": 0.24627130681818182,
            "avg_survival": 0.93359375,
            "efficiency": 0.22991735284978693
          },
          "P1": {
            "direction_accuracy": 0.82421875,
            "avg_reduction": 0.20833333333333331,
            "avg_survival": 0.9375,
            "efficiency": 0.19531249999999997
          },
          "P2": {
            "direction_accuracy": 0.849609375,
            "avg_reduction": 0.2661576704545454,
            "avg_survival": 0.935546875,
            "efficiency": 0.2490029768510298
          },
          "P3": {
            "direction_accuracy": 0.796875,
            "avg_reduction": 0.20933948863636365,
            "avg_survival": 0.921875,
            "efficiency": 0.19298484108664773
          },
          "P4": {
            "direction_accuracy": 0.787109375,
            "avg_reduction": 0.19981060606060602,
            "avg_survival": 0.927734375,
            "efficiency": 0.18537116773200754
          },
          "P5": {
            "direction_accuracy": 0.771484375,
            "avg_reduction": 0.16506865530303028,
            "avg_survival": 0.939453125,
            "efficiency": 0.15507426406397962
          }
        }
      },
      "mlp": {
        "direction_accuracy": 0.8658854166666666,
        "avg_reduction": 0.35639599116161613,
        "avg_survival": 0.9332682291666666,
        "efficiency": 0.33261305555350046,
        "per_position": {
          "P0": {
            "direction_accuracy": 0.8125,
            "avg_reduction": 0.3633996212121212,
            "avg_survival": 0.953125,
            "efficiency": 0.34636526396780304
          },
          "P1": {
            "direction_accuracy": 0.896484375,
            "avg_reduction": 0.35564630681818177,
            "avg_survival": 0.9375,
            "efficiency": 0.3334184126420454
          },
          "P2": {
            "direction_accuracy": 0.904296875,
            "avg_reduction": 0.39364346590909083,
            "avg_survival": 0.943359375,
            "efficiency": 0.37134725397283375
          },
          "P3": {
            "direction_accuracy": 0.873046875,
            "avg_reduction": 0.3506155303030302,
            "avg_survival": 0.916015625,
            "efficiency": 0.32116930412523664
          },
          "P4": {
            "direction_accuracy": 0.865234375,
            "avg_reduction": 0.3338068181818181,
            "avg_survival": 0.92578125,
            "efficiency": 0.3090320933948863
          },
          "P5": {
            "direction_accuracy": 0.84375,
            "avg_reduction": 0.34126420454545453,
            "avg_survival": 0.923828125,
            "efficiency": 0.31526947021484375
          }
        }
      }
    },
    "G1": {
      "group": "G1",
      "description": "G0 + A3 差分模式",
      "n_features": 2617,
      "xgboost": {
        "direction_accuracy": 0.8024088541666666,
        "avg_reduction": 0.21382773042929293,
        "avg_survival": 0.9313151041666666,
        "efficiency": 0.19914099503847885,
        "per_position": {
          "P0": {
            "direction_accuracy": 0.77734375,
            "avg_reduction": 0.2421875,
            "avg_survival": 0.927734375,
            "efficiency": 0.2246856689453125
          },
          "P1": {
            "direction_accuracy": 0.822265625,
            "avg_reduction": 0.20022490530303028,
            "avg_survival": 0.93359375,
            "efficiency": 0.18692872018525092
          },
          "P2": {
            "direction_accuracy": 0.853515625,
            "avg_reduction": 0.2649147727272727,
            "avg_survival": 0.93359375,
            "efficiency": 0.24732277610085227
          },
          "P3": {
            "direction_accuracy": 0.787109375,
            "avg_reduction": 0.21993371212121213,
            "avg_survival": 0.91796875,
            "efficiency": 0.20189227479876895
          },
          "P4": {
            "direction_accuracy": 0.78515625,
            "avg_reduction": 0.18744081439393936,
            "avg_survival": 0.935546875,
            "efficiency": 0.175359668153705
          },
          "P5": {
            "direction_accuracy": 0.7890625,
            "avg_reduction": 0.168264678030303,
            "avg_survival": 0.939453125,
            "efficiency": 0.158076777602687
          }
        }
      },
      "mlp": {
        "direction_accuracy": 0.84765625,
        "avg_reduction": 0.32837160669191917,
        "avg_survival": 0.9296875,
        "efficiency": 0.3052829780963936,
        "per_position": {
          "P0": {
            "direction_accuracy": 0.80078125,
            "avg_reduction": 0.35120738636363635,
            "avg_survival": 0.93359375,
            "efficiency": 0.32788502086292615
          },
          "P1": {
            "direction_accuracy": 0.876953125,
            "avg_reduction": 0.3396661931818181,
            "avg_survival": 0.931640625,
            "efficiency": 0.3164468245072798
          },
          "P2": {
            "direction_accuracy": 0.884765625,
            "avg_reduction": 0.3494910037878788,
            "avg_survival": 0.943359375,
            "efficiency": 0.32969561490145594
          },
          "P3": {
            "direction_accuracy": 0.857421875,
            "avg_reduction": 0.33558238636363635,
            "avg_survival": 0.91015625,
            "efficiency": 0.3054324063387784
          },
          "P4": {
            "direction_accuracy": 0.837890625,
            "avg_reduction": 0.3056936553030303,
            "avg_survival": 0.923828125,
            "efficiency": 0.28240839640299475
          },
          "P5": {
            "direction_accuracy": 0.828125,
            "avg_reduction": 0.28858901515151514,
            "avg_survival": 0.935546875,
            "efficiency": 0.26998855128432764
          }
        }
      }
    },
    "G2": {
      "group": "G2",
      "description": "G0 + A4 统计量模式",
      "n_features": 2632,
      "xgboost": {
        "direction_accuracy": 0.8024088541666666,
        "avg_reduction": 0.21521859217171713,
        "avg_survival": 0.9352213541666666,
        "efficiency": 0.20127702321267685,
        "per_position": {
          "P0": {
            "direction_accuracy": 0.794921875,
            "avg_reduction": 0.25023674242424243,
            "avg_survival": 0.927734375,
            "efficiency": 0.23215322783499054
          },
          "P1": {
            "direction_accuracy": 0.82421875,
            "avg_reduction": 0.20087594696969696,
            "avg_survival": 0.9375,
            "efficiency": 0.1883212002840909
          },
          "P2": {
            "direction_accuracy": 0.8515625,
            "avg_reduction": 0.2685842803030303,
            "avg_survival": 0.9375,
            "efficiency": 0.2517977627840909
          },
          "P3": {
            "direction_accuracy": 0.791015625,
            "avg_reduction": 0.21164772727272727,
            "avg_survival": 0.92578125,
            "efficiency": 0.19593949751420453
          },
          "P4": {
            "direction_accuracy": 0.78125,
            "avg_reduction": 0.18199573863636365,
            "avg_survival": 0.94140625,
            "efficiency": 0.17133192582563922
          },
          "P5": {
            "direction_accuracy": 0.771484375,
            "avg_reduction": 0.17797111742424243,
            "avg_survival": 0.94140625,
            "efficiency": 0.16754312226266574
          }
        }
      },
      "mlp": {
        "direction_accuracy": 0.8665364583333334,