{
  "per_position": {
    "P0": {
      "direction_accuracy": 0.8188235294117647,
      "avg_reduction": 0.3452941176470588,
      "avg_survival": 0.9788235294117648,
      "efficiency": 0.33798200692041525
    },
    "P1": {
      "direction_accuracy": 0.8258823529411765,
      "avg_reduction": 0.2586274509803922,
      "avg_survival": 0.9670588235294117,
      "efficiency": 0.25010795847750866
    }
  },
  "overall": {
    "direction_accuracy": 0.8223529411764706,
    "avg_reduction": 0.3019607843137255,
    "avg_survival": 0.9729411764705882,
    "efficiency": 0.29379008073817764
  },
  "method": "3A_statistical_baseline",
  "n_rule_pos_pairs": 782
}