{
  "per_position": {
    "P0": {
      "direction_accuracy": 0.9609375,
      "avg_reduction": 0.364990234375,
      "avg_survival": 0.978515625,
      "efficiency": 0.3571486473083496
    }
  },
  "overall": {
    "direction_accuracy": 0.9609375,
    "avg_reduction": 0.364990234375,
    "avg_survival": 0.978515625,
    "efficiency": 0.3571486473083496
  },
  "method": "3B_xgboost",
  "feature_importances": {
    "P0": [
      [
        "a2_c45",
        0.6184922247856579
      ],
      [
        "a2_c24",
        0.05635911565947727
      ],
      [
        "a2_c30",
        0.04829324225542454
      ],
      [
        "a2_c12",
        0.04120126444554036
      ],
      [
        "a2_c13",
        0.03788278262381928
      ],
      [
        "a2_c16",
        0.0326116232882105
      ],
      [
        "avg_lift_triggered",
        0.02890053872706102
      ],
      [
        "avg_conf_triggered",
        0.0217660083188664
      ],
      [
        "val_lag1_P0",
        0.015356274252281423
      ],
      [
        "a2_c37",
        0.01519230656297666
      ],
      [
        "n_triggered_a2",
        0.013727470948550289
      ],
      [
        "a2_c8",
        0.013598237996541506
      ],
      [
        "a2_c34",
        0.012308387078049068
      ],
      [
        "val_lag5_P0",
        0.009370338305131213
      ],
      [
        "a2_c2",
        0.005117663411800462
      ],
      [
        "a2_c31",
        0.004325912860745217
      ],
      [
        "a2_c36",
        0.003674213934384044
      ],
      [
        "diff_lag1_P0",
        0.003347833940729693
      ],
      [
        "a2_c42",
        0.002563007334074642
      ],
      [
        "a2_c7",
        0.0022963930123560605
      ]
    ]
  },
  "models_info": {
    "P0": {
      "best_iteration": 140,
      "val_accuracy": 0.9705882352941176
    }
  }
}