{
  "lottery_type": "daletou",
  "comparison": {
    "methods": [
      {
        "method": "3B_xgboost",
        "direction_accuracy": 0.9670588235294117,
        "avg_reduction": 0.43823529411764706,
        "avg_survival": 0.9835294117647059,
        "efficiency": 0.4310173010380623,
        "per_position": {
          "P0": {
            "direction_accuracy": 0.9670588235294117,
            "avg_reduction": 0.44823529411764707,
            "avg_survival": 0.9811764705882353,
            "efficiency": 0.43979792387543254
          },
          "P1": {
            "direction_accuracy": 0.9670588235294117,
            "avg_reduction": 0.42823529411764705,
            "avg_survival": 0.9858823529411764,
            "efficiency": 0.4221896193771626
          }
        }
      },
      {
        "method": "3A_statistical",
        "direction_accuracy": 0.8223529411764706,
        "avg_reduction": 0.3019607843137255,
        "avg_survival": 0.9729411764705882,
        "efficiency": 0.29379008073817764,
        "per_position": {
          "P0": {
            "direction_accuracy": 0.8188235294117647,
            "avg_reduction": 0.3452941176470588,
            "avg_survival": 0.9788235294117648,
            "efficiency": 0.33798200692041525
          },
          "P1": {
            "direction_accuracy": 0.8258823529411765,
            "avg_reduction": 0.2586274509803922,
            "avg_survival": 0.9670588235294117,
            "efficiency": 0.25010795847750866
          }
        }
      }
    ],
    "best_method": "3B_xgboost",
    "best_efficiency": 0.4310173010380623
  },
  "feature_analysis": {
    "per_position": {
      "P0": [
        [
          "a2_c20",
          0.2283148081009061
        ],
        [
          "a2_c147",
          0.13855542187653402
        ],
        [
          "val_lag1_P0",
          0.09874720962369062
        ],
        [
          "a2_c518",
          0.08946987676427125
        ],
        [
          "a2_c86",
          0.059172336647660986
        ],
        [
          "avg_lift_triggered",
          0.0442195668556195
        ],
        [
          "a2_c755",
          0.041490076485773575
        ],
        [
          "avg_conf_triggered",
          0.04124107163042851
        ],
        [
          "a2_c706",
          0.03299022111149467
        ],
        [
          "n_triggered_a2",
          0.03275783053829508
        ],
        [
          "a2_c219",
          0.027895134840352633
        ],
        [
          "a2_c562",
          0.02575611468672452
        ],
        [
          "a2_c760",
          0.022854211213464776
        ],
        [
          "a2_c840",
          0.007423467951990569
        ],
        [
          "a2_c809",
          0.00682797560194204
        ],
        [
          "a2_c945",
          0.006521803782447844
        ],
        [
          "a2_c636",
          0.006432598685973357
        ],
        [
          "a2_c882",
          0.005034490156208137
        ],
        [
          "diff_lag1_P0",
          0.004878447074350101
        ],
        [
          "a2_c192",
          0.004480295856618159
        ]
      ],
      "P1": [
        [
          "a2_c476",
          0.4188499419759132
        ],
        [
          "val_lag1_P1",
          0.07594992427145564
        ],
        [
          "a2_c28",
          0.07172625979787245
        ],
        [
          "a2_c440",
          0.0510211335796039
        ],
        [
          "a2_c961",
          0.032431056542834694
        ],
        [
          "n_triggered_a2",
          0.03063657701194325
        ],
        [
          "a2_c280",
          0.021755475840806837
        ],
        [
          "a2_c179",
          0.02123445554697654
        ],
        [
          "avg_conf_triggered",
          0.021007497944161728
        ],
        [
          "a2_c644",
          0.02000183871169646
        ],
        [
          "a2_c719",
          0.017686360793633466
        ],
        [
          "a2_c745",
          0.017545198452832155
        ],
        [
          "a2_c984",
          0.015963856441093684
        ],
        [
          "a2_c192",
          0.012000855417153733
        ],
        [
          "a2_c197",
          0.009485987487344489
        ],
        [
          "a2_c981",
          0.008621154110325066
        ],
        [
          "a2_c876",
          0.008333905738172791
        ],
        [
          "a2_c938",
          0.007935381450269532
        ],
        [
          "a2_c813",
          0.007715891594499805
        ],
        [
          "a2_c809",
          0.00752521013746754
        ]
      ]
    },
    "aggregated_top20": [
      [
        "a2_c476",
        0.4188499419759132
      ],
      [
        "a2_c20",
        0.2283148081009061
      ],
      [
        "a2_c147",
        0.13855542187653402
      ],
      [
        "val_lag1_P0",
        0.09874720962369062
      ],
      [
        "a2_c518",
        0.08946987676427125
      ],
      [
        "val_lag1_P1",
        0.07594992427145564
      ],
      [
        "a2_c28",
        0.07172625979787245
      ],
      [
        "n_triggered_a2",
        0.06339440755023833
      ],
      [
        "avg_conf_triggered",
        0.06224856957459024
      ],
      [
        "a2_c86",
        0.059172336647660986
      ],
      [
        "a2_c440",
        0.0510211335796039
      ],
      [
        "avg_lift_triggered",
        0.0442195668556195
      ],
      [
        "a2_c755",
        0.041490076485773575
      ],
      [
        "a2_c706",
        0.03299022111149467
      ],
      [
        "a2_c961",
        0.032431056542834694
      ],
      [
        "a2_c219",
        0.027895134840352633
      ],
      [
        "a2_c562",
        0.02575611468672452
      ],
      [
        "a2_c760",
        0.022854211213464776
      ],
      [
        "a2_c280",
        0.021755475840806837
      ],
      [
        "a2_c179",
        0.02123445554697654
      ]
    ],
    "category_importance": {
      "a2_c": 0.8061,
      "val_lag": 0.0969,
      "n_triggered": 0.0352,
      "avg_conf": 0.0345,
      "avg_lift": 0.0245,
      "diff_lag": 0.0027
    },
    "importance_split": {
      "rule_features": 0.8061,
      "context_features": 0.0996,
      "meta_features": 0.0942
    }
  },
  "failure_analysis": {
    "low_survival_positions": [],
    "observations": [
      "所有位置存活率均 >= 85%，无明显失败模式"
    ]
  },
  "conclusion": {
    "best_method": "3B_xgboost",
    "best_efficiency": 0.4310173010380623,
    "direction_accuracy": 0.9670588235294117,
    "avg_reduction": 0.43823529411764706,
    "avg_survival": 0.9835294117647059,
    "verdict": "SUCCESS",
    "message": "综合效率 0.4310 >= 0.25，规则适配方案可行"
  },
  "recommendations": [
    "局面特征贡献低（<10%）：考虑增加更多局面特征（如更长的lag、二阶差分等）",
    "当前规则用全量数据挖掘，存在数据泄露风险。如果实验结果有价值，建议用时间切分后的数据重新挖掘规则做严格验证",
    "v2 Step 3 建议采用 3B_xgboost 方案，方向预测准确率 0.9671，可在此基础上叠加约束传播进一步缩号"
  ]
}