{
  "lottery_type": "shuangseqiu",
  "comparison": {
    "methods": [
      {
        "method": "3B_xgboost",
        "direction_accuracy": 0.9609375,
        "avg_reduction": 0.364990234375,
        "avg_survival": 0.978515625,
        "efficiency": 0.3571486473083496,
        "per_position": {
          "P0": {
            "direction_accuracy": 0.9609375,
            "avg_reduction": 0.364990234375,
            "avg_survival": 0.978515625,
            "efficiency": 0.3571486473083496
          }
        }
      },
      {
        "method": "3A_statistical",
        "direction_accuracy": 0.900390625,
        "avg_reduction": 0.3525390625,
        "avg_survival": 0.97265625,
        "efficiency": 0.3428993225097656,
        "per_position": {
          "P0": {
            "direction_accuracy": 0.900390625,
            "avg_reduction": 0.3525390625,
            "avg_survival": 0.97265625,
            "efficiency": 0.3428993225097656
          }
        }
      }
    ],
    "best_method": "3B_xgboost",
    "best_efficiency": 0.3571486473083496
  },
  "feature_analysis": {
    "per_position": {
      "P0": [
        [
          "a2_c45",
          0.6184922247856579
        ],
        [
          "a2_c24",
          0.05635911565947727
        ],
        [
          "a2_c30",
          0.04829324225542454
        ],
        [
          "a2_c12",
          0.04120126444554036
        ],
        [
          "a2_c13",
          0.03788278262381928
        ],
        [
          "a2_c16",
          0.0326116232882105
        ],
        [
          "avg_lift_triggered",
          0.02890053872706102
        ],
        [
          "avg_conf_triggered",
          0.0217660083188664
        ],
        [
          "val_lag1_P0",
          0.015356274252281423
        ],
        [
          "a2_c37",
          0.01519230656297666
        ],
        [
          "n_triggered_a2",
          0.013727470948550289
        ],
        [
          "a2_c8",
          0.013598237996541506
        ],
        [
          "a2_c34",
          0.012308387078049068
        ],
        [
          "val_lag5_P0",
          0.009370338305131213
        ],
        [
          "a2_c2",
          0.005117663411800462
        ],
        [
          "a2_c31",
          0.004325912860745217
        ],
        [
          "a2_c36",
          0.003674213934384044
        ],
        [
          "diff_lag1_P0",
          0.003347833940729693
        ],
        [
          "a2_c42",
          0.002563007334074642
        ],
        [
          "a2_c7",
          0.0022963930123560605
        ]
      ]
    },
    "aggregated_top20": [
      [
        "a2_c45",
        0.6184922247856579
      ],
      [
        "a2_c24",
        0.05635911565947727
      ],
      [
        "a2_c30",
        0.04829324225542454
      ],
      [
        "a2_c12",
        0.04120126444554036
      ],
      [
        "a2_c13",
        0.03788278262381928
      ],
      [
        "a2_c16",
        0.0326116232882105
      ],
      [
        "avg_lift_triggered",
        0.02890053872706102
      ],
      [
        "avg_conf_triggered",
        0.0217660083188664
      ],
      [
        "val_lag1_P0",
        0.015356274252281423
      ],
      [
        "a2_c37",
        0.01519230656297666
      ],
      [
        "n_triggered_a2",
        0.013727470948550289
      ],
      [
        "a2_c8",
        0.013598237996541506
      ],
      [
        "a2_c34",
        0.012308387078049068
      ],
      [
        "val_lag5_P0",
        0.009370338305131213
      ],
      [
        "a2_c2",
        0.005117663411800462
      ],
      [
        "a2_c31",
        0.004325912860745217
      ],
      [
        "a2_c36",
        0.003674213934384044
      ],
      [
        "diff_lag1_P0",
        0.003347833940729693
      ],
      [
        "a2_c42",
        0.002563007334074642
      ],
      [
        "a2_c7",
        0.0022963930123560605
      ]
    ],
    "category_importance": {
      "a2_c": 0.9063,
      "avg_lift": 0.0293,
      "val_lag": 0.0251,
      "avg_conf": 0.0221,
      "n_triggered": 0.0139,
      "diff_lag": 0.0034
    },
    "importance_split": {
      "rule_features": 0.9063,
      "context_features": 0.0285,
      "meta_features": 0.0653
    }
  },
  "failure_analysis": {
    "low_survival_positions": [],
    "observations": [
      "所有位置存活率均 >= 85%，无明显失败模式"
    ]
  },
  "conclusion": {
    "best_method": "3B_xgboost",
    "best_efficiency": 0.3571486473083496,
    "direction_accuracy": 0.9609375,
    "avg_reduction": 0.364990234375,
    "avg_survival": 0.978515625,
    "verdict": "SUCCESS",
    "message": "综合效率 0.3571 >= 0.25，规则适配方案可行"
  },
  "recommendations": [
    "局面特征贡献低（<10%）：考虑增加更多局面特征（如更长的lag、二阶差分等）",
    "当前规则用全量数据挖掘，存在数据泄露风险。如果实验结果有价值，建议用时间切分后的数据重新挖掘规则做严格验证",
    "v2 Step 3 建议采用 3B_xgboost 方案，方向预测准确率 0.9609，可在此基础上叠加约束传播进一步缩号"
  ]
}