{
  "per_position": {
    "P0": {
      "direction_accuracy": 0.9670588235294117,
      "avg_reduction": 0.44823529411764707,
      "avg_survival": 0.9811764705882353,
      "efficiency": 0.43979792387543254
    },
    "P1": {
      "direction_accuracy": 0.9670588235294117,
      "avg_reduction": 0.42823529411764705,
      "avg_survival": 0.9858823529411764,
      "efficiency": 0.4221896193771626
    }
  },
  "overall": {
    "direction_accuracy": 0.9670588235294117,
    "avg_reduction": 0.43823529411764706,
    "avg_survival": 0.9835294117647059,
    "efficiency": 0.4310173010380623
  },
  "method": "3B_xgboost",
  "feature_importances": {
    "P0": [
      [
        "a2_c20",
        0.2283148081009061
      ],
      [
        "a2_c147",
        0.13855542187653402
      ],
      [
        "val_lag1_P0",
        0.09874720962369062
      ],
      [
        "a2_c518",
        0.08946987676427125
      ],
      [
        "a2_c86",
        0.059172336647660986
      ],
      [
        "avg_lift_triggered",
        0.0442195668556195
      ],
      [
        "a2_c755",
        0.041490076485773575
      ],
      [
        "avg_conf_triggered",
        0.04124107163042851
      ],
      [
        "a2_c706",
        0.03299022111149467
      ],
      [
        "n_triggered_a2",
        0.03275783053829508
      ],
      [
        "a2_c219",
        0.027895134840352633
      ],
      [
        "a2_c562",
        0.02575611468672452
      ],
      [
        "a2_c760",
        0.022854211213464776
      ],
      [
        "a2_c840",
        0.007423467951990569
      ],
      [
        "a2_c809",
        0.00682797560194204
      ],
      [
        "a2_c945",
        0.006521803782447844
      ],
      [
        "a2_c636",
        0.006432598685973357
      ],
      [
        "a2_c882",
        0.005034490156208137
      ],
      [
        "diff_lag1_P0",
        0.004878447074350101
      ],
      [
        "a2_c192",
        0.004480295856618159
      ]
    ],
    "P1": [
      [
        "a2_c476",
        0.4188499419759132
      ],
      [
        "val_lag1_P1",
        0.07594992427145564
      ],
      [
        "a2_c28",
        0.07172625979787245
      ],
      [
        "a2_c440",
        0.0510211335796039
      ],
      [
        "a2_c961",
        0.032431056542834694
      ],
      [
        "n_triggered_a2",
        0.03063657701194325
      ],
      [
        "a2_c280",
        0.021755475840806837
      ],
      [
        "a2_c179",
        0.02123445554697654
      ],
      [
        "avg_conf_triggered",
        0.021007497944161728
      ],
      [
        "a2_c644",
        0.02000183871169646
      ],
      [
        "a2_c719",
        0.017686360793633466
      ],
      [
        "a2_c745",
        0.017545198452832155
      ],
      [
        "a2_c984",
        0.015963856441093684
      ],
      [
        "a2_c192",
        0.012000855417153733
      ],
      [
        "a2_c197",
        0.009485987487344489
      ],
      [
        "a2_c981",
        0.008621154110325066
      ],
      [
        "a2_c876",
        0.008333905738172791
      ],
      [
        "a2_c938",
        0.007935381450269532
      ],
      [
        "a2_c813",
        0.007715891594499805
      ],
      [
        "a2_c809",
        0.00752521013746754
      ]
    ]
  },
  "models_info": {
    "P0": {
      "best_iteration": 176,
      "val_accuracy": 0.9432624113475178
    },
    "P1": {
      "best_iteration": 230,
      "val_accuracy": 0.9858156028368794
    }
  }
}