{
  "status": "completed",
  "position": 0,
  "dimensions": [
    "D1",
    "D8"
  ],
  "n_patterns_found": 7,
  "n_validated": 1,
  "n_insufficient": 1,
  "validation_rate": 0.14285714285714285,
  "uncond_mean": 5.435806831566549,
  "uncond_std": 4.821886628938159,
  "uncond_iqr": 6.0,
  "patterns": [
    {
      "dimension": "D1_n3_x_D8_span",
      "condition": "((1, 1, 1), 0)",
      "support": 20,
      "ks_stat": 0.6279740871613663,
      "ks_p": 4.615203328071751e-08,
      "js_divergence": 0.29974054480444334,
      "mean": 13.05,
      "median": 12.0,
      "std": 6.272758563821822,
      "q10": 4.9,
      "q25": 10.0,
      "q50": 12.0,
      "q75": 17.0,
      "q90": 21.300000000000004,
      "iqr": 7.0,
      "concentration": 1.1666666666666667,
      "mean_shift_sigma": 1.5790900438715199,
      "validation": {
        "status": "invalid",
        "n_test": 10,
        "ks_stat": 0.3744268077601411,
        "ks_p": 0.09343269494834983,
        "test_mean": 6.0,
        "test_median": 5.5,
        "train_test_mean_diff": 7.050000000000001
      }
    },
    {
      "dimension": "D1_n3_x_D8_sum",
      "condition": "((1, 1, 1), np.int64(4))",
      "support": 23,
      "ks_stat": 0.5605827828135402,
      "ks_p": 3.0431640201967857e-07,
      "js_divergence": 0.25442319063916585,
      "mean": 12.130434782608695,
      "median": 11.0,
      "std": 6.576006108019001,
      "q10": 2.8000000000000007,
      "q25": 9.0,
      "q50": 11.0,
      "q75": 16.0,
      "q90": 20.400000000000002,
      "iqr": 7.0,
      "concentration": 1.1666666666666667,
      "mean_shift_sigma": 1.3883835241718219,
      "validation": {
        "status": "insufficient",
        "n_test": 8
      }
    },
    {
      "dimension": "D1_n2_x_D8_ac_value",
      "condition": "((1, 1), 0)",
      "support": 21,
      "ks_stat": 0.4922598014470806,
      "ks_p": 3.687401096537445e-05,
      "js_divergence": 0.2308955019787431,
      "mean": 12.19047619047619,
      "median": 10.0,
      "std": 7.74362439822992,
      "q10": 2.0,
      "q25": 7.0,
      "q50": 10.0,
      "q75": 18.0,
      "q90": 24.0,
      "iqr": 11.0,
      "concentration": 1.8333333333333333,
      "mean_shift_sigma": 1.4008353739326935,
      "validation": {
        "status": "invalid",
        "n_test": 11,
        "ks_stat": 0.3057559724226391,
        "ks_p": 0.21153408070776145,
        "test_mean": 7.818181818181818,
        "test_median": 6.0,
        "train_test_mean_diff": 4.3722943722943715
      }
    },
    {
      "dimension": "D1_n4_x_D8_span",
      "condition": "((1, 1, -1, 1), 0)",
      "support": 24,
      "ks_stat": 0.4168138987043581,
      "ks_p": 0.00030895554329462345,
      "js_divergence": 0.1626756673245156,
      "mean": 10.916666666666666,
      "median": 10.5,
      "std": 6.376497645433755,
      "q10": 3.6000000000000005,
      "q25": 6.0,
      "q50": 10.5,
      "q75": 15.25,
      "q90": 17.0,
      "iqr": 9.25,
      "concentration": 1.5416666666666667,
      "mean_shift_sigma": 1.1366629406438518,
      "validation": {
        "status": "invalid",
        "n_test": 10,
        "ks_stat": 0.3065255731922399,
        "ks_p": 0.25277307391650794,
        "test_mean": 3.8,
        "test_median": 4.0,
        "train_test_mean_diff": 7.116666666666666
      }
    },
    {
      "dimension": "D1_n1_x_D8_span",
      "condition": "((1,), np.int64(4))",
      "support": 62,
      "ks_stat": 0.2323796496827387,
      "ks_p": 0.002525780289373883,
      "js_divergence": 0.06709195722677772,
      "mean": 3.596774193548387,
      "median": 2.0,
      "std": 3.756541294515281,
      "q10": 1.0,
      "q25": 1.0,
      "q50": 2.0,
      "q75": 4.0,
      "q90": 7.899999999999999,
      "iqr": 3.0,
      "concentration": 0.5,
      "mean_shift_sigma": 0.38139275755289603,
      "validation": {
        "status": "valid",
        "n_test": 36,
        "ks_stat": 0.31040564373897706,
        "ks_p": 0.0017624208958280886,
        "test_mean": 2.861111111111111,
        "test_median": 2.0,
        "train_test_mean_diff": 0.7356630824372759
      }
    },
    {
      "dimension": "D1_n2_x_D8_span",
      "condition": "((-1, 1), np.int64(2))",
      "support": 116,
      "ks_stat": 0.16011737947280777,
      "ks_p": 0.0066921495995823,
      "js_divergence": 0.03078380645291775,
      "mean": 4.0,
      "median": 4.0,
      "std": 3.0933744547405473,
      "q10": 1.0,
      "q25": 2.0,
      "q50": 4.0,
      "q75": 6.0,
      "q90": 8.0,
      "iqr": 4.0,
      "concentration": 0.6666666666666666,
      "mean_shift_sigma": 0.29776868310210197,
      "validation": {
        "status": "invalid",
        "n_test": 90,
        "ks_stat": 0.053791887125220456,
        "ks_p": 0.9582611454575684,
        "test_mean": 4.833333333333333,
        "test_median": 4.0,
        "train_test_mean_diff": 0.833333333333333
      }
    },
    {
      "dimension": "D1_n1_x_D8_span",
      "condition": "((1,), np.int64(2))",
      "support": 186,
      "ks_stat": 0.12498575173828792,
      "ks_p": 0.009613734267460435,
      "js_divergence": 0.02554673178437685,
      "mean": 4.204301075268817,
      "median": 4.0,
      "std": 3.320056806694166,
      "q10": 1.0,
      "q25": 2.0,
      "q50": 4.0,
      "q75": 6.0,
      "q90": 9.0,
      "iqr": 4.0,
      "concentration": 0.6666666666666666,
      "mean_shift_sigma": 0.255399152047033,
      "validation": {
        "status": "invalid",
        "n_test": 132,
        "ks_stat": 0.08048741382074716,
        "ks_p": 0.4047367762455316,
        "test_mean": 4.575757575757576,
        "test_median": 4.0,
        "train_test_mean_diff": 0.3714565004887591
      }
    }
  ],
  "task_id": "dlt_P0_D1_x_D8",
  "lottery": "daletou",
  "elapsed_seconds": 0.3
}