{
  "status": "completed",
  "position": 2,
  "dimensions": [
    "D7"
  ],
  "n_patterns_found": 5,
  "n_validated": 4,
  "n_insufficient": 0,
  "validation_rate": 0.8,
  "uncond_mean": 7.451118963486454,
  "uncond_std": 5.424524582468086,
  "uncond_iqr": 8.0,
  "patterns": [
    {
      "dimension": "D7",
      "condition": "(0, -1)",
      "support": 32,
      "ks_stat": 0.3600927561837456,
      "ks_p": 0.00037517253785640346,
      "js_divergence": 0.0761214583754027,
      "mean": 4.1875,
      "median": 4.0,
      "std": 2.7999720980752647,
      "q10": 1.0,
      "q25": 2.0,
      "q50": 4.0,
      "q75": 5.0,
      "q90": 8.900000000000002,
      "iqr": 3.0,
      "concentration": 0.375,
      "mean_shift_sigma": 0.6016414736204497,
      "validation": {
        "status": "invalid",
        "n_test": 21,
        "ks_stat": 0.24867724867724866,
        "ks_p": 0.13187575849699792,
        "test_mean": 5.190476190476191,
        "test_median": 4.0,
        "train_test_mean_diff": 1.0029761904761907
      }
    },
    {
      "dimension": "D7",
      "condition": "(1, -1)",
      "support": 168,
      "ks_stat": 0.20738684166246005,
      "ks_p": 3.035102742045568e-06,
      "js_divergence": 0.05356897965469463,
      "mean": 5.0773809523809526,
      "median": 5.0,
      "std": 3.543936847445903,
      "q10": 1.0,
      "q25": 2.0,
      "q50": 5.0,
      "q75": 7.0,
      "q90": 10.0,
      "iqr": 5.0,
      "concentration": 0.625,
      "mean_shift_sigma": 0.4375937420907553,
      "validation": {
        "status": "valid",
        "n_test": 125,
        "ks_stat": 0.22334391534391534,
        "ks_p": 2.0425354327924452e-05,
        "test_mean": 5.024,
        "test_median": 4.0,
        "train_test_mean_diff": 0.05338095238095253
      }
    },
    {
      "dimension": "D7",
      "condition": "(-1, 1)",
      "support": 190,
      "ks_stat": 0.2308164403942719,
      "ks_p": 1.7491240424564837e-08,
      "js_divergence": 0.05238012913093154,
      "mean": 5.110526315789474,
      "median": 4.0,
      "std": 4.183098163957843,
      "q10": 1.0,
      "q25": 2.0,
      "q50": 4.0,
      "q75": 7.0,
      "q90": 11.0,
      "iqr": 5.0,
      "concentration": 0.625,
      "mean_shift_sigma": 0.43148346221191647,
      "validation": {
        "status": "valid",
        "n_test": 104,
        "ks_stat": 0.18457468457468457,
        "ks_p": 0.0025756854627620772,
        "test_mean": 5.278846153846154,
        "test_median": 4.0,
        "train_test_mean_diff": 0.16831983805668038
      }
    },
    {
      "dimension": "D7",
      "condition": "(1, 0)",
      "support": 36,
      "ks_stat": 0.9575971731448764,
      "ks_p": 1.5461151326333141e-46,
      "js_divergence": 0.0,
      "mean": 0.0,
      "median": 0.0,
      "std": 0.0,
      "q10": 0.0,
      "q25": 0.0,
      "q50": 0.0,
      "q75": 0.0,
      "q90": 0.0,
      "iqr": 0.0,
      "concentration": 0.0,
      "mean_shift_sigma": 1.3735985246648648,
      "validation": {
        "status": "valid",
        "n_test": 16,
        "ks_stat": 0.95326278659612,
        "ks_p": 9.501013867169017e-21,
        "test_mean": 0.0,
        "test_median": 0.0,
        "train_test_mean_diff": 0.0
      }
    },
    {
      "dimension": "D7",
      "condition": "(-1, 0)",
      "support": 32,
      "ks_stat": 0.9575971731448764,
      "ks_p": 1.0830081990223431e-41,
      "js_divergence": 0.0,
      "mean": 0.0,
      "median": 0.0,
      "std": 0.0,
      "q10": 0.0,
      "q25": 0.0,
      "q50": 0.0,
      "q75": 0.0,
      "q90": 0.0,
      "iqr": 0.0,
      "concentration": 0.0,
      "mean_shift_sigma": 1.3735985246648648,
      "validation": {
        "status": "valid",
        "n_test": 34,
        "ks_stat": 0.95326278659612,
        "ks_p": 8.15620778920884e-42,
        "test_mean": 0.0,
        "test_median": 0.0,
        "train_test_mean_diff": 0.0
      }
    }
  ],
  "task_id": "dlt_P2_D7",
  "lottery": "daletou",
  "elapsed_seconds": 0.2
}