{
  "status": "completed",
  "position": 0,
  "dimensions": [
    "D5",
    "D3"
  ],
  "n_patterns_found": 6,
  "n_validated": 4,
  "n_insufficient": 1,
  "validation_rate": 0.6666666666666666,
  "uncond_mean": 5.435806831566549,
  "uncond_std": 4.821886628938159,
  "uncond_iqr": 6.0,
  "patterns": [
    {
      "dimension": "D5_x_D3",
      "condition": "((1, 0), np.int64(2))",
      "support": 48,
      "ks_stat": 0.5362926972909305,
      "ks_p": 4.718197367025258e-13,
      "js_divergence": 0.19610397589182418,
      "mean": 11.729166666666666,
      "median": 13.0,
      "std": 4.428786437112943,
      "q10": 5.7,
      "q25": 8.0,
      "q50": 13.0,
      "q75": 15.0,
      "q90": 17.0,
      "iqr": 7.0,
      "concentration": 1.1666666666666667,
      "mean_shift_sigma": 1.305165450662202,
      "validation": {
        "status": "valid",
        "n_test": 20,
        "ks_stat": 0.5739858906525573,
        "ks_p": 1.192201195090519e-06,
        "test_mean": 10.3,
        "test_median": 10.0,
        "train_test_mean_diff": 1.4291666666666654
      }
    },
    {
      "dimension": "D5_x_D3",
      "condition": "((0, 0), np.int64(2))",
      "support": 32,
      "ks_stat": 0.5510895170789164,
      "ks_p": 1.7767136332826987e-09,
      "js_divergence": 0.19529074352826115,
      "mean": 10.875,
      "median": 11.5,
      "std": 4.121210380458634,
      "q10": 3.4000000000000004,
      "q25": 8.0,
      "q50": 11.5,
      "q75": 14.0,
      "q90": 15.0,
      "iqr": 6.0,
      "concentration": 1.0,
      "mean_shift_sigma": 1.1280217862839366,
      "validation": {
        "status": "valid",
        "n_test": 28,
        "ks_stat": 0.6022927689594356,
        "ks_p": 5.479354229212773e-10,
        "test_mean": 11.214285714285714,
        "test_median": 11.0,
        "train_test_mean_diff": 0.3392857142857135
      }
    },
    {
      "dimension": "D5_x_D3",
      "condition": "((0, 2), np.int64(1))",
      "support": 20,
      "ks_stat": 0.44181389870435805,
      "ks_p": 0.0004969909736831868,
      "js_divergence": 0.13974215195734285,
      "mean": 7.45,
      "median": 8.0,
      "std": 2.246664193866097,
      "q10": 4.9,
      "q25": 6.0,
      "q50": 8.0,
      "q75": 9.0,
      "q90": 10.0,
      "iqr": 3.0,
      "concentration": 0.5,
      "mean_shift_sigma": 0.41771889789889194,
      "validation": {
        "status": "insufficient",
        "n_test": 9
      }
    },
    {
      "dimension": "D5_x_D3",
      "condition": "((1, 2), np.int64(1))",
      "support": 33,
      "ks_stat": 0.2937145304636471,
      "ks_p": 0.0057146081123498615,
      "js_divergence": 0.08275899568784809,
      "mean": 5.848484848484849,
      "median": 6.0,
      "std": 2.5716544859729846,
      "q10": 3.0,
      "q25": 4.0,
      "q50": 6.0,
      "q75": 8.0,
      "q90": 9.0,
      "iqr": 4.0,
      "concentration": 0.6666666666666666,
      "mean_shift_sigma": 0.08558434668323513,
      "validation": {
        "status": "invalid",
        "n_test": 18,
        "ks_stat": 0.1966490299823633,
        "ks_p": 0.4452818807109327,
        "test_mean": 5.5,
        "test_median": 5.0,
        "train_test_mean_diff": 0.3484848484848486
      }
    },
    {
      "dimension": "D5_x_D3",
      "condition": "((1, 2), 0)",
      "support": 185,
      "ks_stat": 0.17710502021456084,
      "ks_p": 4.752538706269143e-05,
      "js_divergence": 0.026516242703693394,
      "mean": 3.9891891891891893,
      "median": 3.0,
      "std": 3.9837361103165305,
      "q10": 1.0,
      "q25": 1.0,
      "q50": 3.0,
      "q75": 5.0,
      "q90": 9.0,
      "iqr": 4.0,
      "concentration": 0.6666666666666666,
      "mean_shift_sigma": 0.30001071234143134,
      "validation": {
        "status": "valid",
        "n_test": 149,
        "ks_stat": 0.12650474059870034,
        "ks_p": 0.026750686267587885,
        "test_mean": 3.704697986577181,
        "test_median": 3.0,
        "train_test_mean_diff": 0.2844912026120081
      }
    },
    {
      "dimension": "D5_x_D3",
      "condition": "((1, 1), 0)",
      "support": 262,
      "ks_stat": 0.17346856202627248,
      "ks_p": 1.9151809812721435e-06,
      "js_divergence": 0.02493553696600948,
      "mean": 3.66412213740458,
      "median": 3.0,
      "std": 3.5556871701905983,
      "q10": 0.0,
      "q25": 1.0,
      "q50": 3.0,
      "q75": 5.0,
      "q90": 8.0,
      "iqr": 4.0,
      "concentration": 0.6666666666666666,
      "mean_shift_sigma": 0.3674256220644733,
      "validation": {
        "status": "valid",
        "n_test": 179,
        "ks_stat": 0.17012010680539544,
        "ks_p": 0.00021836206882681287,
        "test_mean": 3.7374301675977653,
        "test_median": 3.0,
        "train_test_mean_diff": 0.07330803019318521
      }
    }
  ],
  "task_id": "dlt_P0_D5_x_D3",
  "lottery": "daletou",
  "elapsed_seconds": 0.2
}