{
  "status": "completed",
  "position": 2,
  "dimensions": [
    "D1",
    "D3",
    "D7"
  ],
  "n_patterns_found": 5,
  "n_validated": 3,
  "n_insufficient": 0,
  "validation_rate": 0.6,
  "uncond_mean": 7.451118963486454,
  "uncond_std": 5.424524582468086,
  "uncond_iqr": 8.0,
  "patterns": [
    {
      "dimension": "D1_n1_x_D3_x_D7",
      "condition": "((-1,), 0, (1, 1))",
      "support": 54,
      "ks_stat": 0.454914278235833,
      "ks_p": 2.1108604299011609e-10,
      "js_divergence": 0.1357230272074485,
      "mean": 13.648148148148149,
      "median": 14.0,
      "std": 6.245464746836544,
      "q10": 4.300000000000001,
      "q25": 9.25,
      "q50": 14.0,
      "q75": 17.0,
      "q90": 22.700000000000003,
      "iqr": 7.75,
      "concentration": 0.96875,
      "mean_shift_sigma": 1.1424096417021175,
      "validation": {
        "status": "valid",
        "n_test": 53,
        "ks_stat": 0.3794382882433197,
        "ks_p": 4.664670785880533e-07,
        "test_mean": 12.30188679245283,
        "test_median": 12.0,
        "train_test_mean_diff": 1.3462613556953187
      }
    },
    {
      "dimension": "D1_n2_x_D3_x_D7",
      "condition": "((1, -1), np.int64(2), (-1, 1))",
      "support": 36,
      "ks_stat": 0.3136042402826855,
      "ks_p": 0.001404639672601288,
      "js_divergence": 0.11318546361610737,
      "mean": 4.5,
      "median": 3.0,
      "std": 3.5629263877386586,
      "q10": 1.0,
      "q25": 2.0,
      "q50": 3.0,
      "q75": 5.25,
      "q90": 10.0,
      "iqr": 3.25,
      "concentration": 0.40625,
      "mean_shift_sigma": 0.5440327384678815,
      "validation": {
        "status": "invalid",
        "n_test": 16,
        "ks_stat": 0.22938712522045857,
        "ks_p": 0.32576228337673285,
        "test_mean": 5.375,
        "test_median": 5.5,
        "train_test_mean_diff": 0.875
      }
    },
    {
      "dimension": "D1_n1_x_D3_x_D7",
      "condition": "((-1,), np.int64(1), (-1, -1))",
      "support": 36,
      "ks_stat": 0.3792697290930506,
      "ks_p": 4.5909873064581904e-05,
      "js_divergence": 0.06710382382619963,
      "mean": 3.6666666666666665,
      "median": 3.0,
      "std": 2.0949675149960894,
      "q10": 1.5,
      "q25": 2.0,
      "q50": 3.0,
      "q75": 5.0,
      "q90": 7.5,
      "iqr": 3.0,
      "concentration": 0.375,
      "mean_shift_sigma": 0.6976560322080636,
      "validation": {
        "status": "valid",
        "n_test": 21,
        "ks_stat": 0.328042328042328,
        "ks_p": 0.0179498382528658,
        "test_mean": 4.0,
        "test_median": 4.0,
        "train_test_mean_diff": 0.3333333333333335
      }
    },
    {
      "dimension": "D1_n1_x_D3_x_D7",
      "condition": "((-1,), np.int64(2), (-1, 1))",
      "support": 51,
      "ks_stat": 0.269486593223862,
      "ks_p": 0.0011485487464388104,
      "js_divergence": 0.06669541086684358,
      "mean": 4.9411764705882355,
      "median": 4.0,
      "std": 3.8471367744096376,
      "q10": 1.0,
      "q25": 2.0,
      "q50": 4.0,
      "q75": 6.5,
      "q90": 11.0,
      "iqr": 4.5,
      "concentration": 0.5625,
      "mean_shift_sigma": 0.4627027594289615,
      "validation": {
        "status": "invalid",
        "n_test": 23,
        "ks_stat": 0.24840886435089335,
        "ks_p": 0.10328921008186584,
        "test_mean": 4.565217391304348,
        "test_median": 3.0,
        "train_test_mean_diff": 0.37595907928388783
      }
    },
    {
      "dimension": "D1_n1_x_D3_x_D7",
      "condition": "((1,), np.int64(3), (1, 1))",
      "support": 42,
      "ks_stat": 0.3264344607100791,
      "ks_p": 0.0002177158093621653,
      "js_divergence": 0.01855180160677525,
      "mean": 4.4523809523809526,
      "median": 4.5,
      "std": 2.4122937212811433,
      "q10": 1.0,
      "q25": 2.25,
      "q50": 4.5,
      "q75": 6.0,
      "q90": 7.0,
      "iqr": 3.75,
      "concentration": 0.46875,
      "mean_shift_sigma": 0.5528112123958918,
      "validation": {
        "status": "valid",
        "n_test": 25,
        "ks_stat": 0.3520282186948854,
        "ks_p": 0.0032422555359879787,
        "test_mean": 3.68,
        "test_median": 3.0,
        "train_test_mean_diff": 0.7723809523809524
      }
    }
  ],
  "task_id": "dlt_P2_D1_x_D3_x_D7",
  "lottery": "daletou",
  "elapsed_seconds": 0.2
}