{
  "status": "completed",
  "position": 4,
  "dimensions": [
    "D1",
    "D3",
    "D12"
  ],
  "n_patterns_found": 13,
  "n_validated": 7,
  "n_insufficient": 0,
  "validation_rate": 0.5384615384615384,
  "uncond_mean": 4.479387514723204,
  "uncond_std": 4.082466932651478,
  "uncond_iqr": 6.0,
  "patterns": [
    {
      "dimension": "D1_n1_x_D3_x_D12",
      "condition": "((-1,), np.int64(2), 0)",
      "support": 58,
      "ks_stat": 0.6840502010478859,
      "ks_p": 1.8401926813942383e-26,
      "js_divergence": 0.3294838042511704,
      "mean": 13.03448275862069,
      "median": 14.0,
      "std": 4.299019604520031,
      "q10": 6.0,
      "q25": 11.0,
      "q50": 14.0,
      "q75": 16.0,
      "q90": 17.300000000000004,
      "iqr": 5.0,
      "concentration": 0.8333333333333334,
      "mean_shift_sigma": 2.095570003390359,
      "validation": {
        "status": "valid",
        "n_test": 85,
        "ks_stat": 0.5936922917315074,
        "ks_p": 6.272511209712135e-27,
        "test_mean": 12.364705882352942,
        "test_median": 13.0,
        "train_test_mean_diff": 0.6697768762677487
      }
    },
    {
      "dimension": "D1_n4_x_D3_x_D12",
      "condition": "((-1, 1, -1, -1), np.int64(3), 0)",
      "support": 30,
      "ks_stat": 0.4866902237926973,
      "ks_p": 5.978112514792402e-07,
      "js_divergence": 0.20112520962015007,
      "mean": 7.633333333333334,
      "median": 8.0,
      "std": 3.1356374506983777,
      "q10": 3.8000000000000007,
      "q25": 6.0,
      "q50": 8.0,
      "q75": 10.0,
      "q90": 12.0,
      "iqr": 4.0,
      "concentration": 0.6666666666666666,
      "mean_shift_sigma": 0.7725588156966914,
      "validation": {
        "status": "invalid",
        "n_test": 27,
        "ks_stat": 0.23544973544973544,
        "ks_p": 0.09135814904345328,
        "test_mean": 6.444444444444445,
        "test_median": 7.0,
        "train_test_mean_diff": 1.188888888888889
      }
    },
    {
      "dimension": "D1_n3_x_D3_x_D12",
      "condition": "((1, -1, -1), np.int64(3), 0)",
      "support": 52,
      "ks_stat": 0.3974132463531757,
      "ks_p": 1.07969109225882e-07,
      "js_divergence": 0.11285577816233537,
      "mean": 6.884615384615385,
      "median": 7.0,
      "std": 3.2024860904870946,
      "q10": 2.1000000000000005,
      "q25": 5.0,
      "q50": 7.0,
      "q75": 9.0,
      "q90": 11.0,
      "iqr": 4.0,
      "concentration": 0.6666666666666666,
      "mean_shift_sigma": 0.5891604046208491,
      "validation": {
        "status": "invalid",
        "n_test": 51,
        "ks_stat": 0.1395891690009337,
        "ks_p": 0.2706552023382087,
        "test_mean": 5.823529411764706,
        "test_median": 5.0,
        "train_test_mean_diff": 1.0610859728506794
      }
    },
    {
      "dimension": "D1_n3_x_D3_x_D12",
      "condition": "((-1, 1, -1), np.int64(4), 1)",
      "support": 59,
      "ks_stat": 0.23850591922700684,
      "ks_p": 0.002437954566635267,
      "js_divergence": 0.0915974713538826,
      "mean": 3.288135593220339,
      "median": 3.0,
      "std": 3.5987325803683037,
      "q10": 0.0,
      "q25": 1.0,
      "q50": 3.0,
      "q75": 4.0,
      "q90": 8.200000000000003,
      "iqr": 3.0,
      "concentration": 0.5,
      "mean_shift_sigma": 0.2917970778832913,
      "validation": {
        "status": "invalid",
        "n_test": 40,
        "ks_stat": 0.19329805996472663,
        "ks_p": 0.09686379560837172,
        "test_mean": 4.475,
        "test_median": 3.0,
        "train_test_mean_diff": 1.1868644067796605
      }
    },
    {
      "dimension": "D1_n4_x_D3_x_D12",
      "condition": "((-1, 1, 1, -1), np.int64(3), 0)",
      "support": 30,
      "ks_stat": 0.32002355712603064,
      "ks_p": 0.0034815469573935246,
      "js_divergence": 0.08347481392468913,
      "mean": 6.5,
      "median": 7.0,
      "std": 3.0849095070466275,
      "q10": 2.9000000000000004,
      "q25": 4.0,
      "q50": 7.0,
      "q75": 8.75,
      "q90": 10.100000000000001,
      "iqr": 4.75,
      "concentration": 0.7916666666666666,
      "mean_shift_sigma": 0.4949488920818889,
      "validation": {
        "status": "invalid",
        "n_test": 15,
        "ks_stat": 0.20617283950617285,
        "ks_p": 0.49152624842548376,
        "test_mean": 5.333333333333333,
        "test_median": 5.0,
        "train_test_mean_diff": 1.166666666666667
      }
    },
    {
      "dimension": "D1_n2_x_D3_x_D12",
      "condition": "((1, -1), np.int64(3), 0)",
      "support": 115,
      "ks_stat": 0.2785169252829416,
      "ks_p": 7.092241627857739e-08,
      "js_divergence": 0.07220918722926098,
      "mean": 6.173913043478261,
      "median": 7.0,
      "std": 3.225606433215897,
      "q10": 2.0,
      "q25": 4.0,
      "q50": 7.0,
      "q75": 8.0,
      "q90": 10.600000000000009,
      "iqr": 4.0,
      "concentration": 0.6666666666666666,
      "mean_shift_sigma": 0.41507391405972704,
      "validation": {
        "status": "valid",
        "n_test": 74,
        "ks_stat": 0.20742170742170743,
        "ks_p": 0.004227544686479551,
        "test_mean": 5.864864864864865,
        "test_median": 6.0,
        "train_test_mean_diff": 0.30904817861339584
      }
    },
    {
      "dimension": "D1_n3_x_D3_x_D12",
      "condition": "((-1, 1, -1), np.int64(3), 0)",
      "support": 70,
      "ks_stat": 0.26609456503449436,
      "ks_p": 0.00010834464513917066,
      "js_divergence": 0.06064569119967105,
      "mean": 5.957142857142857,
      "median": 6.0,
      "std": 3.235674865732756,
      "q10": 1.9000000000000004,
      "q25": 3.25,
      "q50": 6.0,
      "q75": 8.0,
      "q90": 10.100000000000001,
      "iqr": 4.75,
      "concentration": 0.7916666666666666,
      "mean_shift_sigma": 0.3619760715268996,
      "validation": {
        "status": "valid",
        "n_test": 52,
        "ks_stat": 0.20482295482295482,
        "ks_p": 0.026236384278928375,
        "test_mean": 5.9423076923076925,
        "test_median": 6.5,
        "train_test_mean_diff": 0.014835164835164782
      }
    },
    {
      "dimension": "D1_n2_x_D3_x_D12",
      "condition": "((1, -1), np.int64(4), 1)",
      "support": 103,
      "ks_stat": 0.18716479696273172,
      "ks_p": 0.001877360519127102,
      "js_divergence": 0.05851239656693237,
      "mean": 3.436893203883495,
      "median": 2.0,
      "std": 3.597922547595696,
      "q10": 0.0,
      "q25": 1.0,
      "q50": 2.0,
      "q75": 4.0,
      "q90": 8.0,
      "iqr": 3.0,
      "concentration": 0.5,
      "mean_shift_sigma": 0.2553589111774214,
      "validation": {
        "status": "valid",
        "n_test": 60,
        "ks_stat": 0.19329805996472663,
        "ks_p": 0.024307320431790083,
        "test_mean": 4.283333333333333,
        "test_median": 3.0,
        "train_test_mean_diff": 0.8464401294498383
      }
    },
    {
      "dimension": "D1_n2_x_D3_x_D12",
      "condition": "((1, -1), np.int64(4), 0)",
      "support": 95,
      "ks_stat": 0.1975203025230922,
      "ks_p": 0.0014937752891661575,
      "js_divergence": 0.04950436358909838,
      "mean": 3.3684210526315788,
      "median": 3.0,
      "std": 2.4411068739576116,
      "q10": 1.0,
      "q25": 2.0,
      "q50": 3.0,
      "q75": 5.0,
      "q90": 6.0,
      "iqr": 3.0,
      "concentration": 0.5,
      "mean_shift_sigma": 0.272131160011644,
      "validation": {
        "status": "valid",
        "n_test": 68,
        "ks_stat": 0.1680412905903102,
        "ks_p": 0.047007355259526054,
        "test_mean": 3.926470588235294,
        "test_median": 3.5,
        "train_test_mean_diff": 0.5580495356037152
      }
    },
    {
      "dimension": "D1_n1_x_D3_x_D12",
      "condition": "((-1,), np.int64(4), 0)",
      "support": 168,
      "ks_stat": 0.1645002523977789,
      "ks_p": 0.0004380292139431932,
      "js_divergence": 0.0442785330422308,
      "mean": 3.5,
      "median": 3.0,
      "std": 2.7516228977511745,
      "q10": 1.0,
      "q25": 2.0,
      "q50": 3.0,
      "q75": 5.0,