{
  "status": "completed",
  "position": 2,
  "dimensions": [
    "D2",
    "D3"
  ],
  "n_patterns_found": 3,
  "n_validated": 2,
  "n_insufficient": 0,
  "validation_rate": 0.6666666666666666,
  "uncond_mean": 7.451118963486454,
  "uncond_std": 5.424524582468086,
  "uncond_iqr": 8.0,
  "patterns": [
    {
      "dimension": "D2_n1_x_D3",
      "condition": "((np.int64(4),), np.int64(2))",
      "support": 54,
      "ks_stat": 0.2527810496008376,
      "ks_p": 0.001958281636505812,
      "js_divergence": 0.05613842764715278,
      "mean": 4.62962962962963,
      "median": 4.0,
      "std": 3.5709543090945037,
      "q10": 0.3000000000000007,
      "q25": 2.0,
      "q50": 4.0,
      "q75": 6.0,
      "q90": 9.0,
      "iqr": 4.0,
      "concentration": 0.5,
      "mean_shift_sigma": 0.5201357816638531,
      "validation": {
        "status": "invalid",
        "n_test": 49,
        "ks_stat": 0.14424288233812044,
        "ks_p": 0.2562872527795729,
        "test_mean": 5.510204081632653,
        "test_median": 5.0,
        "train_test_mean_diff": 0.8805744520030236
      }
    },
    {
      "dimension": "D2_n1_x_D3",
      "condition": "((np.int64(5),), np.int64(2))",
      "support": 89,
      "ks_stat": 0.17647993012268234,
      "ks_p": 0.008916829827486634,
      "js_divergence": 0.05125968243615892,
      "mean": 5.573033707865169,
      "median": 5.0,
      "std": 4.016504267015494,
      "q10": 1.0,
      "q25": 3.0,
      "q50": 5.0,
      "q75": 8.0,
      "q90": 12.200000000000003,
      "iqr": 5.0,
      "concentration": 0.625,
      "mean_shift_sigma": 0.3462211714720964,
      "validation": {
        "status": "valid",
        "n_test": 64,
        "ks_stat": 0.18617724867724866,
        "ks_p": 0.02591204506784166,
        "test_mean": 4.859375,
        "test_median": 4.0,
        "train_test_mean_diff": 0.7136587078651688
      }
    },
    {
      "dimension": "D2_n1_x_D3",
      "condition": "((np.int64(2),), np.int64(2))",
      "support": 105,
      "ks_stat": 0.1750799259633182,
      "ks_p": 0.00401205014319336,
      "js_divergence": 0.03544780742206949,
      "mean": 5.485714285714286,
      "median": 5.0,
      "std": 3.7419482720567236,
      "q10": 1.0,
      "q25": 2.0,
      "q50": 5.0,
      "q75": 8.0,
      "q90": 10.0,
      "iqr": 6.0,
      "concentration": 0.75,
      "mean_shift_sigma": 0.3623183281580661,
      "validation": {
        "status": "valid",
        "n_test": 97,
        "ks_stat": 0.1991036200658194,
        "ks_p": 0.0013926747515378686,
        "test_mean": 5.670103092783505,
        "test_median": 6.0,
        "train_test_mean_diff": 0.18438880706921967
      }
    }
  ],
  "task_id": "dlt_P2_D2_x_D3",
  "lottery": "daletou",
  "elapsed_seconds": 0.2
}