{
  "status": "completed",
  "position": 3,
  "dimensions": [
    "D1",
    "D8"
  ],
  "n_patterns_found": 13,
  "n_validated": 2,
  "n_insufficient": 0,
  "validation_rate": 0.15384615384615385,
  "uncond_mean": 6.573027090694935,
  "uncond_std": 5.051527462657198,
  "uncond_iqr": 8.0,
  "patterns": [
    {
      "dimension": "D1_n5_x_D8_sum",
      "condition": "((-1, 1, -1, -1, -1), 0)",
      "support": 20,
      "ks_stat": 0.44899882214369846,
      "ks_p": 0.0003742495294250357,
      "js_divergence": 0.21712781920739546,
      "mean": 12.6,
      "median": 12.0,
      "std": 6.191930232165087,
      "q10": 3.9000000000000004,
      "q25": 8.0,
      "q50": 12.0,
      "q75": 18.0,
      "q90": 20.200000000000003,
      "iqr": 10.0,
      "concentration": 1.25,
      "mean_shift_sigma": 1.1930991079151263,
      "validation": {
        "status": "valid",
        "n_test": 10,
        "ks_stat": 0.5081128747795415,
        "ks_p": 0.006776638649392606,
        "test_mean": 12.2,
        "test_median": 12.0,
        "train_test_mean_diff": 0.40000000000000036
      }
    },
    {
      "dimension": "D1_n3_x_D8_sum",
      "condition": "((-1, -1, -1), 0)",
      "support": 36,
      "ks_stat": 0.45641931684334514,
      "ks_p": 3.1644117009505123e-07,
      "js_divergence": 0.19849011622376916,
      "mean": 12.666666666666666,
      "median": 12.0,
      "std": 5.953523699830583,
      "q10": 4.0,
      "q25": 8.0,
      "q50": 12.0,
      "q75": 18.0,
      "q90": 19.5,
      "iqr": 10.0,
      "concentration": 1.25,
      "mean_shift_sigma": 1.206296436279565,
      "validation": {
        "status": "valid",
        "n_test": 34,
        "ks_stat": 0.29116090880796763,
        "ks_p": 0.005658698234656142,
        "test_mean": 9.411764705882353,
        "test_median": 10.0,
        "train_test_mean_diff": 3.254901960784313
      }
    },
    {
      "dimension": "D1_n1_x_D8_sum",
      "condition": "((0,), np.int64(4))",
      "support": 20,
      "ks_stat": 0.3625441696113074,
      "ks_p": 0.007795689755315527,
      "js_divergence": 0.1974757665410598,
      "mean": 4.1,
      "median": 2.0,
      "std": 4.918333050943175,
      "q10": 0.0,
      "q25": 1.0,
      "q50": 2.0,
      "q75": 4.75,
      "q90": 10.300000000000004,
      "iqr": 3.75,
      "concentration": 0.46875,
      "mean_shift_sigma": 0.4895602585508021,
      "validation": {
        "status": "invalid",
        "n_test": 10,
        "ks_stat": 0.14215167548500882,
        "ks_p": 0.9714756999721028,
        "test_mean": 8.4,
        "test_median": 7.5,
        "train_test_mean_diff": 4.300000000000001
      }
    },
    {
      "dimension": "D1_n4_x_D8_sum",
      "condition": "((1, -1, -1, -1), 0)",
      "support": 28,
      "ks_stat": 0.43471310785798417,
      "ks_p": 3.0090373560611936e-05,
      "js_divergence": 0.18308732362327457,
      "mean": 12.392857142857142,
      "median": 12.0,
      "std": 6.195270579322618,
      "q10": 3.7,
      "q25": 8.0,
      "q50": 12.0,
      "q75": 17.25,
      "q90": 20.6,
      "iqr": 9.25,
      "concentration": 1.15625,
      "mean_shift_sigma": 1.152093123354192,
      "validation": {
        "status": "invalid",
        "n_test": 25,
        "ks_stat": 0.24645502645502645,
        "ks_p": 0.08541334825175624,
        "test_mean": 9.52,
        "test_median": 10.0,
        "train_test_mean_diff": 2.8728571428571428
      }
    },
    {
      "dimension": "D1_n4_x_D8_ac_value",
      "condition": "((1, 1, -1, -1), 4)",
      "support": 29,
      "ks_stat": 0.3185695138296576,
      "ks_p": 0.0045025344588006605,
      "js_divergence": 0.1623789207770756,
      "mean": 8.89655172413793,
      "median": 9.0,
      "std": 4.588928412109143,
      "q10": 2.6000000000000005,
      "q25": 6.0,
      "q50": 9.0,
      "q75": 12.0,
      "q90": 15.0,
      "iqr": 6.0,
      "concentration": 0.75,
      "mean_shift_sigma": 0.45996476325613767,
      "validation": {
        "status": "invalid",
        "n_test": 16,
        "ks_stat": 0.2006172839506173,
        "ks_p": 0.4870883876134435,
        "test_mean": 6.1875,
        "test_median": 7.5,
        "train_test_mean_diff": 2.7090517241379306
      }
    },
    {
      "dimension": "D1_n5_x_D8_ac_value",
      "condition": "((1, 1, -1, 1, -1), 4)",
      "support": 32,
      "ks_stat": 0.29843934040047115,
      "ks_p": 0.005614481058644854,
      "js_divergence": 0.1255428644198461,
      "mean": 4.09375,
      "median": 3.0,
      "std": 3.694247005480278,
      "q10": 1.0,
      "q25": 1.75,
      "q50": 3.0,
      "q75": 5.25,
      "q90": 8.700000000000006,
      "iqr": 3.5,
      "concentration": 0.4375,
      "mean_shift_sigma": 0.4907975080849682,
      "validation": {
        "status": "invalid",
        "n_test": 19,
        "ks_stat": 0.1337139144156688,
        "ks_p": 0.8481646001127693,
        "test_mean": 7.315789473684211,
        "test_median": 7.0,
        "train_test_mean_diff": 3.2220394736842106
      }
    },
    {
      "dimension": "D1_n4_x_D8_ac_value",
      "condition": "((1, -1, 1, -1), np.int64(2))",
      "support": 45,
      "ks_stat": 0.24899882214369848,
      "ks_p": 0.007000711431122022,
      "js_divergence": 0.10102259826779825,
      "mean": 8.133333333333333,
      "median": 9.0,
      "std": 4.261455150532504,
      "q10": 2.0,
      "q25": 5.0,
      "q50": 9.0,
      "q75": 11.0,
      "q90": 13.0,
      "iqr": 6.0,
      "concentration": 0.75,
      "mean_shift_sigma": 0.3088781074977365,
      "validation": {
        "status": "invalid",
        "n_test": 33,
        "ks_stat": 0.08866442199775533,
        "ks_p": 0.9428147607577433,
        "test_mean": 6.848484848484849,
        "test_median": 6.0,
        "train_test_mean_diff": 1.2848484848484842
      }
    },
    {
      "dimension": "D1_n3_x_D8_ac_value",
      "condition": "((-1, 1, -1), np.int64(2))",
      "support": 59,
      "ks_stat": 0.2591683136691222,
      "ks_p": 0.0007242679943157828,
      "js_divergence": 0.08033315219205767,
      "mean": 8.59322033898305,
      "median": 9.0,
      "std": 4.7518725802832025,
      "q10": 2.0,
      "q25": 5.0,
      "q50": 9.0,
      "q75": 11.0,
      "q90": 13.200000000000003,
      "iqr": 6.0,
      "concentration": 0.75,
      "mean_shift_sigma": 0.39991730485920307,
      "validation": {
        "status": "invalid",
        "n_test": 63,
        "ks_stat": 0.0582010582010582,
        "ks_p": 0.9813688363515799,
        "test_mean": 7.26984126984127,
        "test_median": 6.0,
        "train_test_mean_diff": 1.3233790691417804
      }
    },
    {
      "dimension": "D1_n4_x_D8_ac_value",
      "condition": "((1, -1, 1, -1), 4)",
      "support": 78,
      "ks_stat": 0.21971550240101476,
      "ks_p": 0.001214008545767397,
      "js_divergence": 0.056513153238244546,
      "mean": 4.897435897435898,
      "median": 4.0,
      "std": 4.564606713728913,
      "q10": 1.0,
      "q25": 2.0,
      "q50": 4.0,
      "q75": 6.0,
      "q90": 11.0,
      "iqr": 4.0,
      "concentration": 0.5,
      "mean_shift_sigma": 0.3316999077300165,
      "validation": {
        "status": "invalid",
        "n_test": 55,
        "ks_stat": 0.04801988135321469,
        "ks_p": 0.9992255950755256,
        "test_mean": 6.672727272727273,
        "test_median": 7.0,
        "train_test_mean_diff": 1.775291375291375
      }
    },
    {
      "dimension": "D1_n1_x_D8_sum",
      "condition": "((-1,), np.int64(2))",
      "support": 146,
      "ks_stat": 0.16088226277490036,
      "ks_p": 0.0016484528028963988,
      "js_divergence": 0.03695321113810919,
      "mean": 5.068493150684931,
      "median": 5.0,
      "std": 3.8189461614691114,
      "q10": 1.0,
      "q25": 2.0,
      "q50": 5.0,
      "q75": 7.0,
      "q90": 9.0,
      "iqr": 5.0,
      "concentration": 0.625,
      "mean_shift_sigma": 0.29783742662631996,
      "validation": {
        "status": "invalid",
        "n_test": 70,
        "ks_stat": 0.13139329805996472,