{
  "status": "completed",
  "position": 2,
  "dimensions": [
    "D7",
    "D3"
  ],
  "n_patterns_found": 8,
  "n_validated": 7,
  "n_insufficient": 0,
  "validation_rate": 0.875,
  "uncond_mean": 7.451118963486454,
  "uncond_std": 5.424524582468086,
  "uncond_iqr": 8.0,
  "patterns": [
    {
      "dimension": "D7_x_D3",
      "condition": "((1, 1), 0)",
      "support": 55,
      "ks_stat": 0.4424563657779205,
      "ks_p": 5.220715942311233e-10,
      "js_divergence": 0.12164330352082108,
      "mean": 13.6,
      "median": 14.0,
      "std": 6.198533550914941,
      "q10": 4.4,
      "q25": 9.5,
      "q50": 14.0,
      "q75": 17.0,
      "q90": 22.6,
      "iqr": 7.5,
      "concentration": 0.9375,
      "mean_shift_sigma": 1.1335336291749067,
      "validation": {
        "status": "valid",
        "n_test": 56,
        "ks_stat": 0.36596119929453264,
        "ks_p": 6.617719949614201e-07,
        "test_mean": 12.035714285714286,
        "test_median": 12.0,
        "train_test_mean_diff": 1.5642857142857132
      }
    },
    {
      "dimension": "D7_x_D3",
      "condition": "((-1, 1), np.int64(3))",
      "support": 45,
      "ks_stat": 0.3968983117393011,
      "ks_p": 9.783972015021272e-07,
      "js_divergence": 0.07273122585334164,
      "mean": 3.6222222222222222,
      "median": 3.0,
      "std": 2.2928767848746876,
      "q10": 1.0,
      "q25": 2.0,
      "q50": 3.0,
      "q75": 4.0,
      "q90": 7.0,
      "iqr": 2.0,
      "concentration": 0.25,
      "mean_shift_sigma": 0.7058492745408733,
      "validation": {
        "status": "valid",
        "n_test": 12,
        "ks_stat": 0.548941798941799,
        "ks_p": 0.0006981912967638092,
        "test_mean": 3.0,
        "test_median": 3.0,
        "train_test_mean_diff": 0.6222222222222222
      }
    },
    {
      "dimension": "D7_x_D3",
      "condition": "((1, -1), np.int64(2))",
      "support": 49,
      "ks_stat": 0.34525612365087377,
      "ks_p": 1.420952289088111e-05,
      "js_divergence": 0.05919829817508706,
      "mean": 3.6122448979591835,
      "median": 2.0,
      "std": 2.624969010745066,
      "q10": 1.0,
      "q25": 1.0,
      "q50": 2.0,
      "q75": 6.0,
      "q90": 7.200000000000003,
      "iqr": 5.0,
      "concentration": 0.625,
      "mean_shift_sigma": 0.7076885738400754,
      "validation": {
        "status": "valid",
        "n_test": 48,
        "ks_stat": 0.32506613756613756,
        "ks_p": 7.87232199480548e-05,
        "test_mean": 4.104166666666667,
        "test_median": 4.0,
        "train_test_mean_diff": 0.4919217687074835
      }
    },
    {
      "dimension": "D7_x_D3",
      "condition": "((-1, -1), np.int64(1))",
      "support": 43,
      "ks_stat": 0.38702166707754676,
      "ks_p": 3.6530526329935594e-06,
      "js_divergence": 0.05389813722077693,
      "mean": 3.488372093023256,
      "median": 3.0,
      "std": 2.1606641208068713,
      "q10": 1.0,
      "q25": 2.0,
      "q50": 3.0,
      "q75": 5.0,
      "q90": 7.0,
      "iqr": 3.0,
      "concentration": 0.375,
      "mean_shift_sigma": 0.7305242717989863,
      "validation": {
        "status": "valid",
        "n_test": 31,
        "ks_stat": 0.3185697217955282,
        "ks_p": 0.003186151701218876,
        "test_mean": 4.193548387096774,
        "test_median": 4.0,
        "train_test_mean_diff": 0.7051762940735182
      }
    },
    {
      "dimension": "D7_x_D3",
      "condition": "((-1, 1), np.int64(2))",
      "support": 88,
      "ks_stat": 0.23405878573723096,
      "ks_p": 0.0001628398417767608,
      "js_divergence": 0.041712218807886545,
      "mean": 4.875,
      "median": 3.5,
      "std": 3.7258693311396835,
      "q10": 1.0,
      "q25": 2.0,
      "q50": 3.5,
      "q75": 7.0,
      "q90": 10.299999999999997,
      "iqr": 5.0,
      "concentration": 0.625,
      "mean_shift_sigma": 0.47490225628479954,
      "validation": {
        "status": "valid",
        "n_test": 51,
        "ks_stat": 0.22051042639277935,
        "ks_p": 0.014478527262217388,
        "test_mean": 4.745098039215686,
        "test_median": 4.0,
        "train_test_mean_diff": 0.1299019607843137
      }
    },
    {
      "dimension": "D7_x_D3",
      "condition": "((1, -1), np.int64(3))",
      "support": 79,
      "ks_stat": 0.20291929447898496,
      "ks_p": 0.003351096778303493,
      "js_divergence": 0.03904496897293239,
      "mean": 5.632911392405063,
      "median": 5.0,
      "std": 3.0571651267803412,
      "q10": 2.0,
      "q25": 3.0,
      "q50": 5.0,
      "q75": 7.0,
      "q90": 10.0,
      "iqr": 4.0,
      "concentration": 0.5,
      "mean_shift_sigma": 0.33518284292743145,
      "validation": {
        "status": "invalid",
        "n_test": 52,
        "ks_stat": 0.10765160765160765,
        "ks_p": 0.573355720844109,
        "test_mean": 6.326923076923077,
        "test_median": 5.5,
        "train_test_mean_diff": 0.6940116845180135
      }
    },
    {
      "dimension": "D7_x_D3",
      "condition": "((-1, -1), np.int64(2))",
      "support": 160,
      "ks_stat": 0.15434334511189635,
      "ks_p": 0.0016472180735120259,
      "js_divergence": 0.03248080413522813,
      "mean": 6.44375,
      "median": 6.0,
      "std": 3.4127460991846434,
      "q10": 2.0,
      "q25": 4.0,
      "q50": 6.0,
      "q75": 8.0,
      "q90": 11.099999999999994,
      "iqr": 4.0,
      "concentration": 0.5,
      "mean_shift_sigma": 0.18570640581890685,
      "validation": {
        "status": "valid",
        "n_test": 155,
        "ks_stat": 0.12609660351595836,
        "ks_p": 0.02365650109943624,
        "test_mean": 6.290322580645161,
        "test_median": 6.0,
        "train_test_mean_diff": 0.1534274193548386
      }
    },
    {
      "dimension": "D7_x_D3",
      "condition": "((1, 1), np.int64(3))",
      "support": 66,
      "ks_stat": 0.3004604347360531,
      "ks_p": 1.3972057237954517e-05,
      "js_divergence": 0.02998880062656526,
      "mean": 4.212121212121212,
      "median": 4.0,
      "std": 2.7052986812928053,
      "q10": 1.0,
      "q25": 2.0,
      "q50": 4.0,
      "q75": 6.0,
      "q90": 8.0,
      "iqr": 4.0,
      "concentration": 0.5,
      "mean_shift_sigma": 0.5971026035781263,
      "validation": {
        "status": "valid",
        "n_test": 28,
        "ks_stat": 0.3734567901234568,
        "ks_p": 0.0006325070957847802,
        "test_mean": 3.6785714285714284,
        "test_median": 3.0,
        "train_test_mean_diff": 0.5335497835497836
      }
    }
  ],
  "task_id": "dlt_P2_D7_x_D3",
  "lottery": "daletou",
  "elapsed_seconds": 0.2
}