{
  "status": "completed",
  "position": 1,
  "dimensions": [
    "D7"
  ],
  "n_patterns_found": 4,
  "n_validated": 3,
  "n_insufficient": 0,
  "validation_rate": 0.75,
  "uncond_mean": 7.1643109540636045,
  "uncond_std": 5.401280071407682,
  "uncond_iqr": 8.0,
  "patterns": [
    {
      "dimension": "D7",
      "condition": "(0, -1)",
      "support": 71,
      "ks_stat": 0.20050100366628512,
      "ks_p": 0.007042229227652667,
      "js_divergence": 0.08647078184323144,
      "mean": 5.323943661971831,
      "median": 4.0,
      "std": 4.113785302850988,
      "q10": 1.0,
      "q25": 2.0,
      "q50": 4.0,
      "q75": 8.0,
      "q90": 11.0,
      "iqr": 6.0,
      "concentration": 0.75,
      "mean_shift_sigma": 0.3407279881363635,
      "validation": {
        "status": "invalid",
        "n_test": 52,
        "ks_stat": 0.09747659747659748,
        "ks_p": 0.6940975642687426,
        "test_mean": 5.788461538461538,
        "test_median": 4.5,
        "train_test_mean_diff": 0.4645178764897073
      }
    },
    {
      "dimension": "D7",
      "condition": "(-1, 1)",
      "support": 184,
      "ks_stat": 0.15488170225841144,
      "ks_p": 0.0006036207227045764,
      "js_divergence": 0.02501091370056028,
      "mean": 5.494565217391305,
      "median": 4.5,
      "std": 4.174192557443446,
      "q10": 1.0,
      "q25": 2.0,
      "q50": 4.5,
      "q75": 8.0,
      "q90": 11.0,
      "iqr": 6.0,
      "concentration": 0.75,
      "mean_shift_sigma": 0.3091388920028971,
      "validation": {
        "status": "valid",
        "n_test": 131,
        "ks_stat": 0.18330034869475073,
        "ks_p": 0.0006291628172911747,
        "test_mean": 5.076335877862595,
        "test_median": 4.0,
        "train_test_mean_diff": 0.41822933952870933
      }
    },
    {
      "dimension": "D7",
      "condition": "(1, 0)",
      "support": 26,
      "ks_stat": 0.9587750294464076,
      "ks_p": 1.4167869190754898e-34,
      "js_divergence": 0.0,
      "mean": 0.0,
      "median": 0.0,
      "std": 0.0,
      "q10": 0.0,
      "q25": 0.0,
      "q50": 0.0,
      "q75": 0.0,
      "q90": 0.0,
      "iqr": 0.0,
      "concentration": 0.0,
      "mean_shift_sigma": 1.326409824957742,
      "validation": {
        "status": "valid",
        "n_test": 14,
        "ks_stat": 0.95326278659612,
        "ks_p": 2.6756531699453885e-18,
        "test_mean": 0.0,
        "test_median": 0.0,
        "train_test_mean_diff": 0.0
      }
    },
    {
      "dimension": "D7",
      "condition": "(-1, 0)",
      "support": 34,
      "ks_stat": 0.9587750294464076,
      "ks_p": 1.8466204218768935e-44,
      "js_divergence": 0.0,
      "mean": 0.0,
      "median": 0.0,
      "std": 0.0,
      "q10": 0.0,
      "q25": 0.0,
      "q50": 0.0,
      "q75": 0.0,
      "q90": 0.0,
      "iqr": 0.0,
      "concentration": 0.0,
      "mean_shift_sigma": 1.326409824957742,
      "validation": {
        "status": "valid",
        "n_test": 29,
        "ks_stat": 0.95326278659612,
        "ks_p": 3.9644724804051934e-36,
        "test_mean": 0.0,
        "test_median": 0.0,
        "train_test_mean_diff": 0.0
      }
    }
  ],
  "task_id": "dlt_P1_D7",
  "lottery": "daletou",
  "elapsed_seconds": 0.2
}