{
  "status": "completed",
  "position": 4,
  "dimensions": [
    "D5",
    "D3"
  ],
  "n_patterns_found": 5,
  "n_validated": 2,
  "n_insufficient": 0,
  "validation_rate": 0.4,
  "uncond_mean": 4.479387514723204,
  "uncond_std": 4.082466932651478,
  "uncond_iqr": 6.0,
  "patterns": [
    {
      "dimension": "D5_x_D3",
      "condition": "((1, 0), np.int64(2))",
      "support": 23,
      "ks_stat": 0.7306805960977109,
      "ks_p": 7.434723094543649e-13,
      "js_divergence": 0.29919975804151927,
      "mean": 12.91304347826087,
      "median": 14.0,
      "std": 4.272389042274173,
      "q10": 5.2,
      "q25": 11.5,
      "q50": 14.0,
      "q75": 15.5,
      "q90": 16.8,
      "iqr": 4.0,
      "concentration": 0.6666666666666666,
      "mean_shift_sigma": 2.065823459851071,
      "validation": {
        "status": "valid",
        "n_test": 47,
        "ks_stat": 0.5952193328079853,
        "ks_p": 1.0020153464979931e-15,
        "test_mean": 12.0,
        "test_median": 13.0,
        "train_test_mean_diff": 0.9130434782608692
      }
    },
    {
      "dimension": "D5_x_D3",
      "condition": "((0, 1), np.int64(3))",
      "support": 35,
      "ks_stat": 0.29466599360592294,
      "ks_p": 0.0039143393523576545,
      "js_divergence": 0.10359193626593116,
      "mean": 5.942857142857143,
      "median": 6.0,
      "std": 3.088622967721164,
      "q10": 2.0,
      "q25": 3.5,
      "q50": 6.0,
      "q75": 8.0,
      "q90": 10.200000000000003,
      "iqr": 4.5,
      "concentration": 0.75,
      "mean_shift_sigma": 0.35847678677545247,
      "validation": {
        "status": "invalid",
        "n_test": 37,
        "ks_stat": 0.1803946803946804,
        "ks_p": 0.17106780367001245,
        "test_mean": 6.27027027027027,
        "test_median": 6.0,
        "train_test_mean_diff": 0.3274131274131271
      }
    },
    {
      "dimension": "D5_x_D3",
      "condition": "((1, 1), np.int64(3))",
      "support": 51,
      "ks_stat": 0.3025704981639299,
      "ks_p": 0.0001617505003277425,
      "js_divergence": 0.08430608004242271,
      "mean": 5.921568627450981,
      "median": 6.0,
      "std": 2.989151215711295,
      "q10": 2.0,
      "q25": 4.0,
      "q50": 6.0,
      "q75": 7.0,
      "q90": 10.0,
      "iqr": 3.0,
      "concentration": 0.5,
      "mean_shift_sigma": 0.35326216636153135,
      "validation": {
        "status": "invalid",
        "n_test": 62,
        "ks_stat": 0.15392273994424532,
        "ks_p": 0.11038080092582697,
        "test_mean": 4.935483870967742,
        "test_median": 5.0,
        "train_test_mean_diff": 0.9860847564832387
      }
    },
    {
      "dimension": "D5_x_D3",
      "condition": "((1, 2), np.int64(4))",
      "support": 227,
      "ks_stat": 0.1370983224628093,
      "ks_p": 0.0009527584183545342,
      "js_divergence": 0.02597791490467125,
      "mean": 3.383259911894273,
      "median": 2.0,
      "std": 3.736742431386609,
      "q10": 0.0,
      "q25": 1.0,
      "q50": 2.0,
      "q75": 5.0,
      "q90": 9.0,
      "iqr": 4.0,
      "concentration": 0.6666666666666666,
      "mean_shift_sigma": 0.2684963824353669,
      "validation": {
        "status": "invalid",
        "n_test": 107,
        "ks_stat": 0.12778354678666204,
        "ks_p": 0.0745326639265203,
        "test_mean": 4.663551401869159,
        "test_median": 3.0,
        "train_test_mean_diff": 1.280291489974886
      }
    },
    {
      "dimension": "D5_x_D3",
      "condition": "((1, 1), np.int64(4))",
      "support": 269,
      "ks_stat": 0.14230605873518376,
      "ks_p": 0.00014392245465124858,
      "js_divergence": 0.024644771460425166,
      "mean": 3.382899628252788,
      "median": 3.0,
      "std": 3.2967040757641124,
      "q10": 0.0,
      "q25": 1.0,
      "q50": 3.0,
      "q75": 5.0,
      "q90": 7.0,
      "iqr": 4.0,
      "concentration": 0.6666666666666666,
      "mean_shift_sigma": 0.268584633889066,
      "validation": {
        "status": "valid",
        "n_test": 167,
        "ks_stat": 0.21964536535394819,
        "ks_p": 1.2018797119586673e-06,
        "test_mean": 3.81437125748503,
        "test_median": 3.0,
        "train_test_mean_diff": 0.431471629232242
      }
    }
  ],
  "task_id": "dlt_P4_D5_x_D3",
  "lottery": "daletou",
  "elapsed_seconds": 0.2
}