{
  "status": "completed",
  "position": 3,
  "dimensions": [
    "D1",
    "D3",
    "D12"
  ],
  "n_patterns_found": 11,
  "n_validated": 7,
  "n_insufficient": 0,
  "validation_rate": 0.6363636363636364,
  "uncond_mean": 6.573027090694935,
  "uncond_std": 5.051527462657198,
  "uncond_iqr": 8.0,
  "patterns": [
    {
      "dimension": "D1_n2_x_D3_x_D12",
      "condition": "((1, -1), np.int64(1), 0)",
      "support": 32,
      "ks_stat": 0.6469743816254417,
      "ks_p": 2.561782351432618e-13,
      "js_divergence": 0.3334742675439587,
      "mean": 15.53125,
      "median": 18.0,
      "std": 5.396667808703811,
      "q10": 9.0,
      "q25": 13.0,
      "q50": 18.0,
      "q75": 19.0,
      "q90": 20.0,
      "iqr": 6.0,
      "concentration": 0.75,
      "mean_shift_sigma": 1.7733691394390383,
      "validation": {
        "status": "valid",
        "n_test": 42,
        "ks_stat": 0.42416225749559083,
        "ks_p": 4.1816919414026763e-07,
        "test_mean": 12.142857142857142,
        "test_median": 14.0,
        "train_test_mean_diff": 3.3883928571428577
      }
    },
    {
      "dimension": "D1_n1_x_D3_x_D12",
      "condition": "((-1,), np.int64(1), 0)",
      "support": 93,
      "ks_stat": 0.4851628101371633,
      "ks_p": 1.40876908747892e-19,
      "js_divergence": 0.16599894351067268,
      "mean": 13.451612903225806,
      "median": 15.0,
      "std": 6.275941653258284,
      "q10": 5.0,
      "q25": 9.0,
      "q50": 15.0,
      "q75": 18.0,
      "q90": 20.0,
      "iqr": 9.0,
      "concentration": 1.125,
      "mean_shift_sigma": 1.3616843347640846,
      "validation": {
        "status": "valid",
        "n_test": 85,
        "ks_stat": 0.36837846249610956,
        "ks_p": 4.0994104647037696e-10,
        "test_mean": 12.058823529411764,
        "test_median": 12.0,
        "train_test_mean_diff": 1.3927893738140416
      }
    },
    {
      "dimension": "D1_n3_x_D3_x_D12",
      "condition": "((1, -1, -1), np.int64(1), 0)",
      "support": 33,
      "ks_stat": 0.4085019809401435,
      "ks_p": 2.145121827598237e-05,
      "js_divergence": 0.1601474365351539,
      "mean": 11.969696969696969,
      "median": 13.0,
      "std": 6.506336531389057,
      "q10": 2.6000000000000005,
      "q25": 6.0,
      "q50": 13.0,
      "q75": 16.0,
      "q90": 18.8,
      "iqr": 10.0,
      "concentration": 1.25,
      "mean_shift_sigma": 1.068324367014979,
      "validation": {
        "status": "valid",
        "n_test": 20,
        "ks_stat": 0.454320987654321,
        "ks_p": 0.0003187977804150356,
        "test_mean": 12.55,
        "test_median": 11.5,
        "train_test_mean_diff": 0.5803030303030319
      }
    },
    {
      "dimension": "D1_n2_x_D3_x_D12",
      "condition": "((-1, -1), np.int64(1), 0)",
      "support": 57,
      "ks_stat": 0.427437852581985,
      "ks_p": 1.1828044563979187e-09,
      "js_divergence": 0.13131423132329578,
      "mean": 12.456140350877194,
      "median": 13.0,
      "std": 6.582992908200983,
      "q10": 3.6000000000000005,
      "q25": 7.0,
      "q50": 13.0,
      "q75": 18.0,
      "q90": 19.4,
      "iqr": 11.0,
      "concentration": 1.375,
      "mean_shift_sigma": 1.1646206624971274,
      "validation": {
        "status": "valid",
        "n_test": 37,
        "ks_stat": 0.3570236903570237,
        "ks_p": 0.00013617520462033857,
        "test_mean": 11.864864864864865,
        "test_median": 11.0,
        "train_test_mean_diff": 0.5912754860123286
      }
    },
    {
      "dimension": "D1_n2_x_D3_x_D12",
      "condition": "((-1, 1), np.int64(4), 2)",
      "support": 42,
      "ks_stat": 0.2758707723372034,
      "ks_p": 0.0030053394402161887,
      "js_divergence": 0.10332206302986985,
      "mean": 3.738095238095238,
      "median": 2.5,
      "std": 3.2664202322706197,
      "q10": 1.0,
      "q25": 1.0,
      "q50": 2.5,
      "q75": 5.75,
      "q90": 8.0,
      "iqr": 4.75,
      "concentration": 0.59375,
      "mean_shift_sigma": 0.561202898243469,
      "validation": {
        "status": "invalid",
        "n_test": 17,
        "ks_stat": 0.31273991077912644,
        "ks_p": 0.05914929835455467,
        "test_mean": 8.529411764705882,
        "test_median": 9.0,
        "train_test_mean_diff": 4.791316526610644
      }
    },
    {
      "dimension": "D1_n3_x_D3_x_D12",
      "condition": "((1, -1, 1), np.int64(3), 1)",
      "support": 42,
      "ks_stat": 0.2805821975433283,
      "ks_p": 0.002400504575761788,
      "js_divergence": 0.041433761954732785,
      "mean": 4.214285714285714,
      "median": 4.5,
      "std": 2.5961116921980354,
      "q10": 1.0,
      "q25": 2.0,
      "q50": 4.5,
      "q75": 6.0,
      "q90": 7.0,
      "iqr": 4.0,
      "concentration": 0.5,
      "mean_shift_sigma": 0.4669362670689072,
      "validation": {
        "status": "invalid",
        "n_test": 34,
        "ks_stat": 0.12573918456271396,
        "ks_p": 0.6272970751123589,
        "test_mean": 5.647058823529412,
        "test_median": 4.5,
        "train_test_mean_diff": 1.4327731092436977
      }
    },
    {
      "dimension": "D1_n2_x_D3_x_D12",
      "condition": "((1, -1), np.int64(3), 0)",
      "support": 143,
      "ks_stat": 0.14820397505909874,
      "ks_p": 0.005394016041229471,
      "js_divergence": 0.03943746524802468,
      "mean": 5.391608391608392,
      "median": 5.0,
      "std": 3.737983011397459,
      "q10": 1.0,
      "q25": 3.0,
      "q50": 5.0,
      "q75": 7.0,
      "q90": 11.0,
      "iqr": 4.0,
      "concentration": 0.5,
      "mean_shift_sigma": 0.2338735576159958,
      "validation": {
        "status": "valid",
        "n_test": 80,
        "ks_stat": 0.233179012345679,
        "ks_p": 0.0004665660608851075,
        "test_mean": 4.8875,
        "test_median": 4.0,
        "train_test_mean_diff": 0.5041083916083915
      }
    },
    {
      "dimension": "D1_n2_x_D3_x_D12",
      "condition": "((-1, 1), np.int64(3), 0)",
      "support": 113,
      "ks_stat": 0.18707589355514556,
      "ks_p": 0.0010126120225137205,
      "js_divergence": 0.03772845334632584,
      "mean": 4.884955752212389,
      "median": 5.0,
      "std": 3.012517285638743,
      "q10": 1.0,
      "q25": 3.0,
      "q50": 5.0,
      "q75": 7.0,
      "q90": 9.0,
      "iqr": 4.0,
      "concentration": 0.5,
      "mean_shift_sigma": 0.3341704763482744,
      "validation": {
        "status": "invalid",
        "n_test": 96,
        "ks_stat": 0.1402116402116402,
        "ks_p": 0.05547984384468821,
        "test_mean": 5.739583333333333,
        "test_median": 5.0,
        "train_test_mean_diff": 0.8546275811209441
      }
    },
    {
      "dimension": "D1_n1_x_D3_x_D12",
      "condition": "((1,), np.int64(3), 1)",
      "support": 88,
      "ks_stat": 0.18848377770639255,
      "ks_p": 0.00445677533821717,
      "js_divergence": 0.036273326070687166,
      "mean": 4.886363636363637,
      "median": 5.0,
      "std": 3.1277054404649505,
      "q10": 1.0,
      "q25": 2.0,
      "q50": 5.0,
      "q75": 7.0,
      "q90": 9.299999999999997,
      "iqr": 5.0,
      "concentration": 0.625,
      "mean_shift_sigma": 0.33389177170662787,
      "validation": {
        "status": "valid",
        "n_test": 81,
        "ks_stat": 0.1657848324514991,
        "ks_p": 0.028148429673147145,
        "test_mean": 5.271604938271605,
        "test_median": 4.0,
        "train_test_mean_diff": 0.38524130190796857
      }
    },
    {
      "dimension": "D1_n1_x_D3_x_D12",
      "condition": "((1,), np.int64(3), 0)",
      "support": 161,
      "ks_stat": 0.17789653885828413,
      "ks_p": 0.00015216185749375113,
      "js_divergence": 0.035231929104695574,
      "mean": 4.75776397515528,
      "median": 4.0,
      "std": 3.204764305662942,
      "q10": 1.0,
      "q25": 2.0,
      "q50": 4.0,
      "q75": 7.0,
      "q90": 9.0,
      "iqr": 5.0,
      "concentration": 0.625,
      "mean_shift_sigma": 0.3593493510544616,
      "validation": {
        "status": "valid",
        "n_test": 136,