{
  "status": "completed",
  "position": 3,
  "dimensions": [
    "D1",
    "D3"
  ],
  "n_patterns_found": 16,
  "n_validated": 9,
  "n_insufficient": 0,
  "validation_rate": 0.5625,
  "uncond_mean": 6.573027090694935,
  "uncond_std": 5.051527462657198,
  "uncond_iqr": 8.0,
  "patterns": [
    {
      "dimension": "D1_n3_x_D3",
      "condition": "((-1, 1, -1), np.int64(1))",
      "support": 20,
      "ks_stat": 0.6157243816254417,
      "ks_p": 9.772610415081382e-08,
      "js_divergence": 0.32019529601432706,
      "mean": 16.05,
      "median": 18.0,
      "std": 5.352335938634644,
      "q10": 8.8,
      "q25": 12.25,
      "q50": 18.0,
      "q75": 20.0,
      "q90": 22.0,
      "iqr": 7.75,
      "concentration": 0.96875,
      "mean_shift_sigma": 1.8760608507748269,
      "validation": {
        "status": "valid",
        "n_test": 35,
        "ks_stat": 0.3851851851851852,
        "ks_p": 4.869592190634845e-05,
        "test_mean": 11.257142857142858,
        "test_median": 13.0,
        "train_test_mean_diff": 4.792857142857143
      }
    },
    {
      "dimension": "D1_n2_x_D3",
      "condition": "((1, -1), np.int64(1))",
      "support": 34,
      "ks_stat": 0.6304302639783829,
      "ks_p": 2.4626837771699654e-13,
      "js_divergence": 0.3079991777980281,
      "mean": 15.235294117647058,
      "median": 17.5,
      "std": 5.434415513403289,
      "q10": 7.6000000000000005,
      "q25": 13.0,
      "q50": 17.5,
      "q75": 19.0,
      "q90": 20.0,
      "iqr": 6.0,
      "concentration": 0.75,
      "mean_shift_sigma": 1.714781735027054,
      "validation": {
        "status": "valid",
        "n_test": 51,
        "ks_stat": 0.42556281771968046,
        "ks_p": 1.5915237665940877e-08,
        "test_mean": 12.372549019607844,
        "test_median": 14.0,
        "train_test_mean_diff": 2.8627450980392144
      }
    },
    {
      "dimension": "D1_n3_x_D3",
      "condition": "((-1, -1, -1), np.int64(1))",
      "support": 21,
      "ks_stat": 0.5051320881709574,
      "ks_p": 2.0066867939323386e-05,
      "js_divergence": 0.2630732933993384,
      "mean": 13.857142857142858,
      "median": 17.0,
      "std": 6.8123537243236365,
      "q10": 4.0,
      "q25": 10.0,
      "q50": 17.0,
      "q75": 19.0,
      "q90": 22.0,
      "iqr": 9.0,
      "concentration": 1.125,
      "mean_shift_sigma": 1.4419630142159698,
      "validation": {
        "status": "valid",
        "n_test": 16,
        "ks_stat": 0.349647266313933,
        "ks_p": 0.031462763872423236,
        "test_mean": 11.125,
        "test_median": 11.0,
        "train_test_mean_diff": 2.7321428571428577
      }
    },
    {
      "dimension": "D1_n3_x_D3",
      "condition": "((1, -1, -1), np.int64(1))",
      "support": 36,
      "ks_stat": 0.44385551629367886,
      "ks_p": 7.667958290108355e-07,
      "js_divergence": 0.17012125176588655,
      "mean": 12.472222222222221,
      "median": 14.5,
      "std": 6.461364282801407,
      "q10": 3.5,
      "q25": 7.5,
      "q50": 14.5,
      "q75": 17.0,
      "q90": 19.0,
      "iqr": 9.5,
      "concentration": 1.1875,
      "mean_shift_sigma": 1.1678042285499521,
      "validation": {
        "status": "valid",
        "n_test": 23,
        "ks_stat": 0.4369296833064949,
        "ks_p": 0.00019782596197561795,
        "test_mean": 12.26086956521739,
        "test_median": 11.0,
        "train_test_mean_diff": 0.21135265700483075
      }
    },
    {
      "dimension": "D1_n1_x_D3",
      "condition": "((-1,), np.int64(1))",
      "support": 99,
      "ks_stat": 0.490702073740943,
      "ks_p": 3.1198392629236263e-21,
      "js_divergence": 0.1684755679812331,
      "mean": 13.565656565656566,
      "median": 15.0,
      "std": 6.182676378008488,
      "q10": 5.0,
      "q25": 9.5,
      "q50": 15.0,
      "q75": 18.0,
      "q90": 20.0,
      "iqr": 8.5,
      "concentration": 1.0625,
      "mean_shift_sigma": 1.3842604096788136,
      "validation": {
        "status": "valid",
        "n_test": 99,
        "ks_stat": 0.3747795414462081,
        "ks_p": 5.728840841798242e-12,
        "test_mean": 12.080808080808081,
        "test_median": 12.0,
        "train_test_mean_diff": 1.4848484848484844
      }
    },
    {
      "dimension": "D1_n2_x_D3",
      "condition": "((-1, -1), np.int64(1))",
      "support": 61,
      "ks_stat": 0.4481453590530808,
      "ks_p": 2.7328285232300795e-11,
      "js_divergence": 0.14475659374258465,
      "mean": 12.80327868852459,
      "median": 14.0,
      "std": 6.505532757839001,
      "q10": 4.0,
      "q25": 8.0,
      "q50": 14.0,
      "q75": 18.0,
      "q90": 20.0,
      "iqr": 10.0,
      "concentration": 1.25,
      "mean_shift_sigma": 1.2333401419443986,
      "validation": {
        "status": "valid",
        "n_test": 41,
        "ks_stat": 0.3666494601453951,
        "ks_p": 2.8222314916093906e-05,
        "test_mean": 11.707317073170731,
        "test_median": 11.0,
        "train_test_mean_diff": 1.0959616153538594
      }
    },
    {
      "dimension": "D1_n2_x_D3",
      "condition": "((1, 0), np.int64(4))",
      "support": 28,
      "ks_stat": 0.30540131246845026,
      "ks_p": 0.008887908038069348,
      "js_divergence": 0.13676076247066885,
      "mean": 4.607142857142857,
      "median": 3.0,
      "std": 5.2463544193923415,
      "q10": 0.0,
      "q25": 1.0,
      "q50": 3.0,
      "q75": 6.25,
      "q90": 11.600000000000001,
      "iqr": 5.25,
      "concentration": 0.65625,
      "mean_shift_sigma": 0.3891662963498938,
      "validation": {
        "status": "invalid",
        "n_test": 15,
        "ks_stat": 0.20317460317460317,
        "ks_p": 0.5098880490732731,
        "test_mean": 9.466666666666667,
        "test_median": 8.0,
        "train_test_mean_diff": 4.85952380952381
      }
    },
    {
      "dimension": "D1_n1_x_D3",
      "condition": "((0,), np.int64(4))",
      "support": 45,
      "ks_stat": 0.30698861405575184,
      "ks_p": 0.0003644598820878677,
      "js_divergence": 0.12166502588159436,
      "mean": 4.5777777777777775,
      "median": 2.0,
      "std": 5.022123892842721,
      "q10": 0.0,
      "q25": 1.0,
      "q50": 2.0,
      "q75": 6.0,
      "q90": 12.200000000000003,
      "iqr": 5.0,
      "concentration": 0.625,
      "mean_shift_sigma": 0.39497940527232506,
      "validation": {
        "status": "invalid",
        "n_test": 16,
        "ks_stat": 0.1865079365079365,
        "ks_p": 0.5783937012409652,
        "test_mean": 9.0625,
        "test_median": 8.0,
        "train_test_mean_diff": 4.4847222222222225
      }
    },
    {
      "dimension": "D1_n3_x_D3",
      "condition": "((-1, -1, -1), np.int64(2))",
      "support": 29,
      "ks_stat": 0.3258194224442549,
      "ks_p": 0.003395276695988106,
      "js_divergence": 0.11981497641086886,
      "mean": 9.10344827586207,
      "median": 8.0,
      "std": 4.188200400190063,
      "q10": 3.0,
      "q25": 6.0,
      "q50": 8.0,
      "q75": 12.0,
      "q90": 15.0,
      "iqr": 6.0,
      "concentration": 0.75,
      "mean_shift_sigma": 0.5009219892147405,
      "validation": {
        "status": "invalid",
        "n_test": 22,
        "ks_stat": 0.20827320827320828,
        "ks_p": 0.26675678431508576,
        "test_mean": 7.590909090909091,
        "test_median": 7.5,
        "train_test_mean_diff": 1.5125391849529786
      }
    },
    {
      "dimension": "D1_n5_x_D3",
      "condition": "((-1, 1, 1, -1, 1), np.int64(3))",
      "support": 32,
      "ks_stat": 0.29843934040047115,
      "ks_p": 0.005614481058644854,
      "js_divergence": 0.08095439791441758,
      "mean": 4.21875,
      "median": 5.0,
      "std": 2.606894404746767,
      "q10": 1.0,
      "q25": 2.0,
      "q50": 5.0,
      "q75": 6.0,
      "q90": 6.900000000000002,
      "iqr": 4.0,
      "concentration": 0.5,
      "mean_shift_sigma": 0.46605251740164566,
      "validation": {
        "status": "invalid",
        "n_test": 27,
        "ks_stat": 0.1472663139329806,