{
  "status": "completed",
  "position": 2,
  "dimensions": [
    "D3",
    "D12"
  ],
  "n_patterns_found": 3,
  "n_validated": 3,
  "n_insufficient": 0,
  "validation_rate": 1.0,
  "uncond_mean": 7.451118963486454,
  "uncond_std": 5.424524582468086,
  "uncond_iqr": 8.0,
  "patterns": [
    {
      "dimension": "D3_x_D12",
      "condition": "(0, 0)",
      "support": 50,
      "ks_stat": 0.44972909305064784,
      "ks_p": 1.7666646002655914e-09,
      "js_divergence": 0.1497357903756606,
      "mean": 13.94,
      "median": 14.0,
      "std": 6.488173857103399,
      "q10": 4.9,
      "q25": 9.25,
      "q50": 14.0,
      "q75": 17.75,
      "q90": 23.0,
      "iqr": 8.5,
      "concentration": 1.0625,
      "mean_shift_sigma": 1.196211933020901,
      "validation": {
        "status": "valid",
        "n_test": 52,
        "ks_stat": 0.3329941663274997,
        "ks_p": 2.0532929458234264e-05,
        "test_mean": 11.557692307692308,
        "test_median": 12.0,
        "train_test_mean_diff": 2.382307692307691
      }
    },
    {
      "dimension": "D3_x_D12",
      "condition": "(np.int64(2), 0)",
      "support": 337,
      "ks_stat": 0.15164288235766987,
      "ks_p": 4.100798333474405e-06,
      "js_divergence": 0.014975714178379,
      "mean": 5.44213649851632,
      "median": 5.0,
      "std": 3.8182451504383397,
      "q10": 1.0,
      "q25": 2.0,
      "q50": 5.0,
      "q75": 8.0,
      "q90": 11.0,
      "iqr": 6.0,
      "concentration": 0.75,
      "mean_shift_sigma": 0.3703518040019783,
      "validation": {
        "status": "valid",
        "n_test": 236,
        "ks_stat": 0.15461991450692017,
        "ks_p": 0.0001509961900612094,
        "test_mean": 5.427966101694915,
        "test_median": 5.0,
        "train_test_mean_diff": 0.014170396821405085
      }
    },
    {
      "dimension": "D3_x_D12",
      "condition": "(np.int64(2), 1)",
      "support": 176,
      "ks_stat": 0.12885480244137487,
      "ks_p": 0.009034999867074312,
      "js_divergence": 0.01174326749515537,
      "mean": 6.0,
      "median": 6.0,
      "std": 4.039576935544342,
      "q10": 1.0,
      "q25": 3.0,
      "q50": 6.0,
      "q75": 8.0,
      "q90": 12.0,
      "iqr": 5.0,
      "concentration": 0.625,
      "mean_shift_sigma": 0.26751080973555375,
      "validation": {
        "status": "valid",
        "n_test": 151,
        "ks_stat": 0.18497494656435054,
        "ks_p": 0.00018225074754060885,
        "test_mean": 5.198675496688741,
        "test_median": 5.0,
        "train_test_mean_diff": 0.8013245033112586
      }
    }
  ],
  "task_id": "dlt_P2_D3_x_D12",
  "lottery": "daletou",
  "elapsed_seconds": 0.2
}