{
  "status": "completed",
  "position": 1,
  "dimensions": [
    "D7",
    "D3"
  ],
  "n_patterns_found": 5,
  "n_validated": 4,
  "n_insufficient": 0,
  "validation_rate": 0.8,
  "uncond_mean": 7.1643109540636045,
  "uncond_std": 5.401280071407682,
  "uncond_iqr": 8.0,
  "patterns": [
    {
      "dimension": "D7_x_D3",
      "condition": "((-1, -1), np.int64(3))",
      "support": 109,
      "ks_stat": 0.4134761889324732,
      "ks_p": 2.5042764310717676e-16,
      "js_divergence": 0.13080461033193533,
      "mean": 12.752293577981652,
      "median": 14.0,
      "std": 5.711979947705198,
      "q10": 4.0,
      "q25": 8.0,
      "q50": 14.0,
      "q75": 17.0,
      "q90": 20.0,
      "iqr": 9.0,
      "concentration": 1.125,
      "mean_shift_sigma": 1.034566352798237,
      "validation": {
        "status": "valid",
        "n_test": 60,
        "ks_stat": 0.562962962962963,
        "ks_p": 1.72073893316068e-17,
        "test_mean": 13.966666666666667,
        "test_median": 15.0,
        "train_test_mean_diff": 1.214373088685015
      }
    },
    {
      "dimension": "D7_x_D3",
      "condition": "((0, -1), np.int64(1))",
      "support": 33,
      "ks_stat": 0.3131491594389121,
      "ks_p": 0.0025547853648207747,
      "js_divergence": 0.035384937106478526,
      "mean": 3.909090909090909,
      "median": 4.0,
      "std": 2.2878286167487123,
      "q10": 1.0,
      "q25": 2.0,
      "q50": 4.0,
      "q75": 5.0,
      "q90": 7.800000000000001,
      "iqr": 3.0,
      "concentration": 0.375,
      "mean_shift_sigma": 0.6026756624239112,
      "validation": {
        "status": "invalid",
        "n_test": 21,
        "ks_stat": 0.25132275132275134,
        "ks_p": 0.12453994755007182,
        "test_mean": 4.761904761904762,
        "test_median": 4.0,
        "train_test_mean_diff": 0.8528138528138527
      }
    },
    {
      "dimension": "D7_x_D3",
      "condition": "((1, -1), np.int64(1))",
      "support": 67,
      "ks_stat": 0.39865161823391876,
      "ks_p": 9.54956358051901e-10,
      "js_divergence": 0.030938603717340155,
      "mean": 3.328358208955224,
      "median": 3.0,
      "std": 1.972861091565171,
      "q10": 1.0,
      "q25": 2.0,
      "q50": 3.0,
      "q75": 4.5,
      "q90": 6.399999999999999,
      "iqr": 2.5,
      "concentration": 0.3125,
      "mean_shift_sigma": 0.7101932679652092,
      "validation": {
        "status": "valid",
        "n_test": 51,
        "ks_stat": 0.3563128955285818,
        "ks_p": 4.7720477463758704e-06,
        "test_mean": 3.8823529411764706,
        "test_median": 4.0,
        "train_test_mean_diff": 0.5539947322212466
      }
    },
    {
      "dimension": "D7_x_D3",
      "condition": "((-1, -1), 0)",
      "support": 31,
      "ks_stat": 0.532979976442874,
      "ks_p": 1.3540934971721652e-08,
      "js_divergence": 0.018571263311445353,
      "mean": 2.3870967741935485,
      "median": 2.0,
      "std": 1.311916090816952,
      "q10": 1.0,
      "q25": 1.0,
      "q50": 2.0,
      "q75": 3.0,
      "q90": 4.0,
      "iqr": 2.0,
      "concentration": 0.25,
      "mean_shift_sigma": 0.8844596311823945,
      "validation": {
        "status": "valid",
        "n_test": 24,
        "ks_stat": 0.6596119929453262,
        "ks_p": 1.556906011458792e-10,
        "test_mean": 2.0833333333333335,
        "test_median": 2.0,
        "train_test_mean_diff": 0.303763440860215
      }
    },
    {
      "dimension": "D7_x_D3",
      "condition": "((-1, -1), np.int64(1))",
      "support": 174,
      "ks_stat": 0.2398968360342797,
      "ks_p": 1.7875336382060717e-08,
      "js_divergence": 0.017584155889604984,
      "mean": 4.660919540229885,
      "median": 4.0,
      "std": 2.790577591176565,
      "q10": 1.0,
      "q25": 2.25,
      "q50": 4.0,
      "q75": 6.0,
      "q90": 8.700000000000017,
      "iqr": 3.75,
      "concentration": 0.46875,
      "mean_shift_sigma": 0.46348113423810766,
      "validation": {
        "status": "valid",
        "n_test": 145,
        "ks_stat": 0.2037037037037037,
        "ks_p": 3.719855300744316e-05,
        "test_mean": 5.096551724137931,
        "test_median": 5.0,
        "train_test_mean_diff": 0.43563218390804614
      }
    }
  ],
  "task_id": "dlt_P1_D7_x_D3",
  "lottery": "daletou",
  "elapsed_seconds": 0.2
}