{
  "status": "completed",
  "position": 4,
  "dimensions": [
    "D3",
    "D12"
  ],
  "n_patterns_found": 4,
  "n_validated": 1,
  "n_insufficient": 0,
  "validation_rate": 0.25,
  "uncond_mean": 4.479387514723204,
  "uncond_std": 4.082466932651478,
  "uncond_iqr": 6.0,
  "patterns": [
    {
      "dimension": "D3_x_D12",
      "condition": "(np.int64(2), 0)",
      "support": 60,
      "ks_stat": 0.6725559481743227,
      "ks_p": 2.7733732700892806e-26,
      "js_divergence": 0.3297715229927732,
      "mean": 12.783333333333333,
      "median": 14.0,
      "std": 4.550061049651483,
      "q10": 5.9,
      "q25": 11.0,
      "q50": 14.0,
      "q75": 16.0,
      "q90": 17.1,
      "iqr": 5.0,
      "concentration": 0.8333333333333334,
      "mean_shift_sigma": 2.0340509685933665,
      "validation": {
        "status": "valid",
        "n_test": 86,
        "ks_stat": 0.5835691727164596,
        "ks_p": 3.178403909667269e-26,
        "test_mean": 12.232558139534884,
        "test_median": 13.0,
        "train_test_mean_diff": 0.5507751937984491
      }
    },
    {
      "dimension": "D3_x_D12",
      "condition": "(4, 0)",
      "support": 379,
      "ks_stat": 0.13389025114133965,
      "ks_p": 2.6208097970362143e-05,
      "js_divergence": 0.025511109401274337,
      "mean": 3.5778364116094985,
      "median": 3.0,
      "std": 3.2195206979750925,
      "q10": 1.0,
      "q25": 1.0,
      "q50": 3.0,
      "q75": 5.0,
      "q90": 7.199999999999989,
      "iqr": 4.0,
      "concentration": 0.6666666666666666,
      "mean_shift_sigma": 0.22083488194432632,
      "validation": {
        "status": "invalid",
        "n_test": 31,
        "ks_stat": 0.11020083063093816,
        "ks_p": 0.8173934637039513,
        "test_mean": 6.387096774193548,
        "test_median": 5.0,
        "train_test_mean_diff": 2.8092603625840495
      }
    },
    {
      "dimension": "D3_x_D12",
      "condition": "(4, 1)",
      "support": 451,
      "ks_stat": 0.13362792799145468,
      "ks_p": 5.166186281907798e-06,
      "js_divergence": 0.014658701213989444,
      "mean": 3.4656319290465634,
      "median": 2.0,
      "std": 3.6777684399954627,
      "q10": 0.0,
      "q25": 1.0,
      "q50": 2.0,
      "q75": 5.0,
      "q90": 8.0,
      "iqr": 4.0,
      "concentration": 0.6666666666666666,
      "mean_shift_sigma": 0.2483193623856806,
      "validation": {
        "status": "invalid",
        "n_test": 60,
        "ks_stat": 0.10670194003527336,
        "ks_p": 0.5004390448986497,
        "test_mean": 6.0,
        "test_median": 5.5,
        "train_test_mean_diff": 2.5343680709534366
      }
    },
    {
      "dimension": "D3_x_D12",
      "condition": "(4, 2)",
      "support": 421,
      "ks_stat": 0.09608341796552602,
      "ks_p": 0.0036304185534550408,
      "js_divergence": 0.007673449489723026,
      "mean": 3.7244655581947743,
      "median": 2.0,
      "std": 3.675054899569123,
      "q10": 0.0,
      "q25": 1.0,
      "q50": 2.0,
      "q75": 5.0,
      "q90": 9.0,
      "iqr": 4.0,
      "concentration": 0.6666666666666666,
      "mean_shift_sigma": 0.18491808237087742,
      "validation": {
        "status": "invalid",
        "n_test": 62,
        "ks_stat": 0.12283097229333788,
        "ks_p": 0.3105831566137587,
        "test_mean": 6.596774193548387,
        "test_median": 6.0,
        "train_test_mean_diff": 2.8723086353536127
      }
    }
  ],
  "task_id": "dlt_P4_D3_x_D12",
  "lottery": "daletou",
  "elapsed_seconds": 0.2
}