{
  "status": "completed",
  "position": 3,
  "dimensions": [
    "D8",
    "D10"
  ],
  "n_patterns_found": 2,
  "n_validated": 0,
  "n_insufficient": 0,
  "validation_rate": 0.0,
  "uncond_mean": 6.573027090694935,
  "uncond_std": 5.051527462657198,
  "uncond_iqr": 8.0,
  "patterns": [
    {
      "dimension": "D8_sum_x_D10_w10",
      "condition": "(np.int64(2), 0)",
      "support": 180,
      "ks_stat": 0.1632312524538673,
      "ks_p": 0.0002936543573447963,
      "js_divergence": 0.03049024355890921,
      "mean": 4.977777777777778,
      "median": 4.0,
      "std": 3.740106290164545,
      "q10": 1.0,
      "q25": 2.0,
      "q50": 4.0,
      "q75": 7.0,
      "q90": 10.0,
      "iqr": 5.0,
      "concentration": 0.625,
      "mean_shift_sigma": 0.3157954350856931,
      "validation": {
        "status": "invalid",
        "n_test": 101,
        "ks_stat": 0.07406534304224073,
        "ks_p": 0.6590672023291517,
        "test_mean": 6.306930693069307,
        "test_median": 5.0,
        "train_test_mean_diff": 1.3291529152915293
      }
    },
    {
      "dimension": "D8_sum_x_D10_w20",
      "condition": "(np.int64(2), 0)",
      "support": 212,
      "ks_stat": 0.12469720203569126,
      "ks_p": 0.0051435927496510355,
      "js_divergence": 0.02214539789249799,
      "mean": 5.132075471698113,
      "median": 5.0,
      "std": 4.031890496458963,
      "q10": 1.0,
      "q25": 2.0,
      "q50": 5.0,
      "q75": 7.0,
      "q90": 10.0,
      "iqr": 5.0,
      "concentration": 0.625,
      "mean_shift_sigma": 0.2852506750975584,
      "validation": {
        "status": "invalid",
        "n_test": 140,
        "ks_stat": 0.07760141093474426,
        "ks_p": 0.41825868347695744,
        "test_mean": 6.307142857142857,
        "test_median": 6.0,
        "train_test_mean_diff": 1.175067385444744
      }
    }
  ],
  "task_id": "dlt_P3_D8_x_D10",
  "lottery": "daletou",
  "elapsed_seconds": 0.2
}