{
  "status": "completed",
  "position": 4,
  "dimensions": [
    "D1",
    "D3"
  ],
  "n_patterns_found": 22,
  "n_validated": 11,
  "n_insufficient": 3,
  "validation_rate": 0.5,
  "uncond_mean": 4.479387514723204,
  "uncond_std": 4.082466932651478,
  "uncond_iqr": 6.0,
  "patterns": [
    {
      "dimension": "D1_n1_x_D3",
      "condition": "((-1,), np.int64(2))",
      "support": 61,
      "ks_stat": 0.6588947459885304,
      "ks_p": 1.7617750927700106e-25,
      "js_divergence": 0.3187255647146904,
      "mean": 12.770491803278688,
      "median": 14.0,
      "std": 4.358498172020563,
      "q10": 6.0,
      "q25": 10.0,
      "q50": 14.0,
      "q75": 16.0,
      "q90": 17.0,
      "iqr": 6.0,
      "concentration": 1.0,
      "mean_shift_sigma": 2.0309054366719836,
      "validation": {
        "status": "valid",
        "n_test": 93,
        "ks_stat": 0.5833191102008306,
        "ks_p": 4.056918034437785e-28,
        "test_mean": 12.150537634408602,
        "test_median": 13.0,
        "train_test_mean_diff": 0.6199541688700858
      }
    },
    {
      "dimension": "D1_n3_x_D3",
      "condition": "((1, -1, -1), np.int64(2))",
      "support": 20,
      "ks_stat": 0.7392226148409894,
      "ks_p": 1.3871424571807862e-11,
      "js_divergence": 0.2945868754037372,
      "mean": 13.25,
      "median": 14.0,
      "std": 3.973348713616765,
      "q10": 8.700000000000001,
      "q25": 9.75,
      "q50": 14.0,
      "q75": 16.0,
      "q90": 18.1,
      "iqr": 6.25,
      "concentration": 1.0416666666666667,
      "mean_shift_sigma": 2.1483609371406382,
      "validation": {
        "status": "valid",
        "n_test": 22,
        "ks_stat": 0.6776495109828443,
        "ks_p": 2.6036676562505103e-10,
        "test_mean": 13.409090909090908,
        "test_median": 14.0,
        "train_test_mean_diff": 0.15909090909090828
      }
    },
    {
      "dimension": "D1_n2_x_D3",
      "condition": "((-1, -1), np.int64(2))",
      "support": 28,
      "ks_stat": 0.7320797576981323,
      "ks_p": 1.4868796842191272e-15,
      "js_divergence": 0.2768406141760923,
      "mean": 13.357142857142858,
      "median": 14.0,
      "std": 3.9207714776038447,
      "q10": 8.100000000000001,
      "q25": 10.75,
      "q50": 14.0,
      "q75": 16.0,
      "q90": 18.3,
      "iqr": 5.25,
      "concentration": 0.875,
      "mean_shift_sigma": 2.1746055727764917,
      "validation": {
        "status": "valid",
        "n_test": 30,
        "ks_stat": 0.5897707231040564,
        "ks_p": 3.461887741654501e-10,
        "test_mean": 12.366666666666667,
        "test_median": 14.0,
        "train_test_mean_diff": 0.9904761904761905
      }
    },
    {
      "dimension": "D1_n2_x_D3",
      "condition": "((1, -1), np.int64(2))",
      "support": 27,
      "ks_stat": 0.6823714173537495,
      "ks_p": 8.766304310743869e-13,
      "js_divergence": 0.25768484521006996,
      "mean": 12.814814814814815,
      "median": 14.0,
      "std": 4.2166955382150535,
      "q10": 5.6,
      "q25": 11.0,
      "q50": 14.0,
      "q75": 15.5,
      "q90": 17.0,
      "iqr": 4.5,
      "concentration": 0.75,
      "mean_shift_sigma": 2.0417623553604445,
      "validation": {
        "status": "valid",
        "n_test": 53,
        "ks_stat": 0.5767528534824132,
        "ks_p": 1.9714902467485428e-16,
        "test_mean": 11.849056603773585,
        "test_median": 13.0,
        "train_test_mean_diff": 0.9657582110412299
      }
    },
    {
      "dimension": "D1_n4_x_D3",
      "condition": "((-1, -1, 1, -1), np.int64(3))",
      "support": 30,
      "ks_stat": 0.4182567726737338,
      "ks_p": 3.484731289092214e-05,
      "js_divergence": 0.22178523389929805,
      "mean": 6.266666666666667,
      "median": 7.0,
      "std": 2.6068286394689535,
      "q10": 3.9000000000000004,
      "q25": 5.0,
      "q50": 7.0,
      "q75": 8.0,
      "q90": 9.0,
      "iqr": 3.0,
      "concentration": 0.5,
      "mean_shift_sigma": 0.4377939078082531,
      "validation": {
        "status": "invalid",
        "n_test": 21,
        "ks_stat": 0.1781305114638448,
        "ks_p": 0.47816727925457414,
        "test_mean": 5.523809523809524,
        "test_median": 6.0,
        "train_test_mean_diff": 0.7428571428571429
      }
    },
    {
      "dimension": "D1_n2_x_D3",
      "condition": "((-1, 1), np.int64(3))",
      "support": 30,
      "ks_stat": 0.4182567726737338,
      "ks_p": 3.484731289092214e-05,
      "js_divergence": 0.1956773331679097,
      "mean": 6.566666666666666,
      "median": 6.5,
      "std": 2.789065952767859,
      "q10": 3.9000000000000004,
      "q25": 5.0,
      "q50": 6.5,
      "q75": 7.75,
      "q90": 11.0,
      "iqr": 2.75,
      "concentration": 0.4583333333333333,
      "mean_shift_sigma": 0.5112788875886419,
      "validation": {
        "status": "invalid",
        "n_test": 45,
        "ks_stat": 0.15396825396825398,
        "ks_p": 0.23111504957658505,
        "test_mean": 5.311111111111111,
        "test_median": 5.0,
        "train_test_mean_diff": 1.2555555555555555
      }
    },
    {
      "dimension": "D1_n3_x_D3",
      "condition": "((1, 0, -1), np.int64(3))",
      "support": 22,
      "ks_stat": 0.3818931363100974,
      "ks_p": 0.0023388618489500633,
      "js_divergence": 0.18026447142969793,
      "mean": 6.2727272727272725,
      "median": 6.0,
      "std": 3.15049517293881,
      "q10": 1.3000000000000003,
      "q25": 4.25,
      "q50": 6.0,
      "q75": 8.75,
      "q90": 9.900000000000002,
      "iqr": 4.5,
      "concentration": 0.75,
      "mean_shift_sigma": 0.43927845285432154,
      "validation": {
        "status": "insufficient",
        "n_test": 9
      }
    },
    {
      "dimension": "D1_n1_x_D3",
      "condition": "((1,), np.int64(3))",
      "support": 31,
      "ks_stat": 0.3892245146092177,
      "ks_p": 0.00011577315796321315,
      "js_divergence": 0.15994491564213753,
      "mean": 6.419354838709677,
      "median": 6.0,
      "std": 2.8598916463614836,
      "q10": 3.0,
      "q25": 4.5,
      "q50": 6.0,
      "q75": 7.5,
      "q90": 11.0,
      "iqr": 3.0,
      "concentration": 0.5,
      "mean_shift_sigma": 0.4751948652592036,
      "validation": {
        "status": "valid",
        "n_test": 53,
        "ks_stat": 0.21099131476489966,
        "ks_p": 0.018584725616987555,
        "test_mean": 5.547169811320755,
        "test_median": 6.0,
        "train_test_mean_diff": 0.8721850273889222
      }
    },
    {
      "dimension": "D1_n5_x_D3",
      "condition": "((1, -1, 1, -1, -1), np.int64(3))",
      "support": 24,
      "ks_stat": 0.4574499411071849,
      "ks_p": 4.80612117283007e-05,
      "js_divergence": 0.15698245204931416,
      "mean": 7.25,
      "median": 7.5,
      "std": 2.9190466480228325,
      "q10": 2.6000000000000005,
      "q25": 5.75,
      "q50": 7.5,
      "q75": 9.25,
      "q90": 10.7,
      "iqr": 3.5,
      "concentration": 0.5833333333333334,
      "mean_shift_sigma": 0.6786613415328611,
      "validation": {
        "status": "invalid",
        "n_test": 17,
        "ks_stat": 0.2600373482726424,
        "ks_p": 0.17320171780952792,
        "test_mean": 6.823529411764706,
        "test_median": 7.0,
        "train_test_mean_diff": 0.4264705882352944
      }
    },
    {
      "dimension": "D1_n4_x_D3",
      "condition": "((-1, 1, -1, -1), np.int64(3))",
      "support": 43,
      "ks_stat": 0.42290519626373024,
      "ks_p": 2.6034619809707654e-07,
      "js_divergence": 0.14844004834237093,
      "mean": 6.953488372093023,
      "median": 7.0,
      "std": 3.2632804750997297,
      "q10": 2.0,
      "q25": 5.0,
      "q50": 7.0,
      "q75": 9.5,
      "q90": 11.0,
      "iqr": 4.5,
      "concentration": 0.75,
      "mean_shift_sigma": 0.6060308382615465,
      "validation": {
        "status": "invalid",
        "n_test": 33,
        "ks_stat": 0.18799102132435466,
        "ks_p": 0.18188004010582332,
        "test_mean": 6.0606060606060606,
        "test_median": 6.0,