{
  "status": "completed",
  "position": 1,
  "dimensions": [
    "D1",
    "D8"
  ],
  "n_patterns_found": 4,
  "n_validated": 2,
  "n_insufficient": 0,
  "validation_rate": 0.5,
  "uncond_mean": 7.1643109540636045,
  "uncond_std": 5.401280071407682,
  "uncond_iqr": 8.0,
  "patterns": [
    {
      "dimension": "D1_n2_x_D8_sum",
      "condition": "((-1, 1), np.int64(2))",
      "support": 108,
      "ks_stat": 0.1683680146577673,
      "ks_p": 0.005494361877860339,
      "js_divergence": 0.051506250000431665,
      "mean": 5.648148148148148,
      "median": 4.0,
      "std": 4.447876761080035,
      "q10": 1.0,
      "q25": 3.0,
      "q50": 4.0,
      "q75": 7.25,
      "q90": 11.599999999999994,
      "iqr": 4.25,
      "concentration": 0.53125,
      "mean_shift_sigma": 0.2807043489452518,
      "validation": {
        "status": "invalid",
        "n_test": 76,
        "ks_stat": 0.11974380395433026,
        "ks_p": 0.23803044519313535,
        "test_mean": 5.776315789473684,
        "test_median": 5.0,
        "train_test_mean_diff": 0.12816764132553615
      }
    },
    {
      "dimension": "D1_n2_x_D8_sum",
      "condition": "((-1, 1), np.int64(1))",
      "support": 84,
      "ks_stat": 0.18774188120477872,
      "ks_p": 0.006054809885944458,
      "js_divergence": 0.04307977070648643,
      "mean": 5.119047619047619,
      "median": 4.0,
      "std": 3.827857668600775,
      "q10": 1.0,
      "q25": 3.0,
      "q50": 4.0,
      "q75": 7.0,
      "q90": 10.0,
      "iqr": 4.0,
      "concentration": 0.5,
      "mean_shift_sigma": 0.37866270735391605,
      "validation": {
        "status": "valid",
        "n_test": 72,
        "ks_stat": 0.17504409171075838,
        "ks_p": 0.02765919043611219,
        "test_mean": 5.194444444444445,
        "test_median": 4.0,
        "train_test_mean_diff": 0.07539682539682602
      }
    },
    {
      "dimension": "D1_n1_x_D8_sum",
      "condition": "((1,), np.int64(1))",
      "support": 108,
      "ks_stat": 0.19964664310954064,
      "ks_p": 0.0005039142291891273,
      "js_divergence": 0.041469157967113666,
      "mean": 4.9907407407407405,
      "median": 4.0,
      "std": 3.725525989138661,
      "q10": 1.0,
      "q25": 3.0,
      "q50": 4.0,
      "q75": 7.0,
      "q90": 10.0,
      "iqr": 4.0,
      "concentration": 0.5,
      "mean_shift_sigma": 0.40241760926801706,
      "validation": {
        "status": "valid",
        "n_test": 99,
        "ks_stat": 0.14221580888247554,
        "ks_p": 0.045198192457517196,
        "test_mean": 5.292929292929293,
        "test_median": 5.0,
        "train_test_mean_diff": 0.3021885521885528
      }
    },
    {
      "dimension": "D1_n1_x_D8_sum",
      "condition": "((1,), np.int64(2))",
      "support": 151,
      "ks_stat": 0.13804709865131554,
      "ks_p": 0.009060765804319333,
      "js_divergence": 0.03688576288002825,
      "mean": 5.695364238410596,
      "median": 4.0,
      "std": 4.358129159168258,
      "q10": 1.0,
      "q25": 3.0,
      "q50": 4.0,
      "q75": 8.0,
      "q90": 12.0,
      "iqr": 5.0,
      "concentration": 0.625,
      "mean_shift_sigma": 0.2719627007362667,
      "validation": {
        "status": "invalid",
        "n_test": 111,
        "ks_stat": 0.08916058916058917,
        "ks_p": 0.3737820994007839,
        "test_mean": 6.108108108108108,
        "test_median": 6.0,
        "train_test_mean_diff": 0.4127438696975121
      }
    }
  ],
  "task_id": "dlt_P1_D1_x_D8",
  "lottery": "daletou",
  "elapsed_seconds": 0.3
}