{
  "status": "completed",
  "position": 1,
  "dimensions": [
    "D1",
    "D7"
  ],
  "n_patterns_found": 9,
  "n_validated": 4,
  "n_insufficient": 0,
  "validation_rate": 0.4444444444444444,
  "uncond_mean": 7.1643109540636045,
  "uncond_std": 5.401280071407682,
  "uncond_iqr": 8.0,
  "patterns": [
    {
      "dimension": "D1_n2_x_D7",
      "condition": "((1, -1), (0, -1))",
      "support": 25,
      "ks_stat": 0.33297997644287397,
      "ks_p": 0.006167993096643029,
      "js_divergence": 0.10522048394692757,
      "mean": 4.16,
      "median": 3.0,
      "std": 2.8660774588276574,
      "q10": 1.4000000000000004,
      "q25": 2.0,
      "q50": 3.0,
      "q75": 5.0,
      "q90": 8.0,
      "iqr": 3.0,
      "concentration": 0.375,
      "mean_shift_sigma": 0.5562220278054607,
      "validation": {
        "status": "invalid",
        "n_test": 15,
        "ks_stat": 0.18465608465608466,
        "ks_p": 0.6283842496605853,
        "test_mean": 5.533333333333333,
        "test_median": 6.0,
        "train_test_mean_diff": 1.373333333333333
      }
    },
    {
      "dimension": "D1_n4_x_D7",
      "condition": "((-1, -1, 1, -1), (-1, -1))",
      "support": 21,
      "ks_stat": 0.3545347467608952,
      "ks_p": 0.0077380681739062694,
      "js_divergence": 0.100010120940352,
      "mean": 3.9047619047619047,
      "median": 3.0,
      "std": 2.670914983310506,
      "q10": 1.0,
      "q25": 2.0,
      "q50": 3.0,
      "q75": 6.0,
      "q90": 8.0,
      "iqr": 4.0,
      "concentration": 0.5,
      "mean_shift_sigma": 0.6034771399018003,
      "validation": {
        "status": "invalid",
        "n_test": 16,
        "ks_stat": 0.1804453262786596,
        "ks_p": 0.6189683582370227,
        "test_mean": 6.5,
        "test_median": 6.5,
        "train_test_mean_diff": 2.5952380952380953
      }
    },
    {
      "dimension": "D1_n2_x_D7",
      "condition": "((1, -1), (1, -1))",
      "support": 47,
      "ks_stat": 0.2369621331729444,
      "ks_p": 0.009597001397553734,
      "js_divergence": 0.08405064746880334,
      "mean": 4.829787234042553,
      "median": 4.0,
      "std": 3.5867317484838073,
      "q10": 1.0,
      "q25": 2.0,
      "q50": 4.0,
      "q75": 7.0,
      "q90": 8.399999999999999,
      "iqr": 5.0,
      "concentration": 0.625,
      "mean_shift_sigma": 0.4322167503179719,
      "validation": {
        "status": "valid",
        "n_test": 22,
        "ks_stat": 0.36772486772486773,
        "ks_p": 0.003997076086943409,
        "test_mean": 3.4545454545454546,
        "test_median": 3.0,
        "train_test_mean_diff": 1.3752417794970984
      }
    },
    {
      "dimension": "D1_n1_x_D7",
      "condition": "((-1,), (0, -1))",
      "support": 38,
      "ks_stat": 0.2961378711797161,
      "ks_p": 0.002195731113384731,
      "js_divergence": 0.07972341703531911,
      "mean": 4.0,
      "median": 3.5,
      "std": 2.8284271247461903,
      "q10": 1.0,
      "q25": 2.0,
      "q50": 3.5,
      "q75": 5.0,
      "q90": 8.0,
      "iqr": 3.0,
      "concentration": 0.375,
      "mean_shift_sigma": 0.5858446353882407,
      "validation": {
        "status": "invalid",
        "n_test": 20,
        "ks_stat": 0.20132275132275132,
        "ks_p": 0.354351196886427,
        "test_mean": 4.7,
        "test_median": 3.5,
        "train_test_mean_diff": 0.7000000000000002
      }
    },
    {
      "dimension": "D1_n1_x_D7",
      "condition": "((1,), (-1, 1))",
      "support": 70,
      "ks_stat": 0.2004879690392058,
      "ks_p": 0.007592388252371389,
      "js_divergence": 0.06973727632304028,
      "mean": 5.0285714285714285,
      "median": 4.0,
      "std": 3.6251952797506695,
      "q10": 1.0,
      "q25": 2.0,
      "q50": 4.0,
      "q75": 7.75,
      "q90": 10.0,
      "iqr": 5.75,
      "concentration": 0.71875,
      "mean_shift_sigma": 0.39541358664179754,
      "validation": {
        "status": "valid",
        "n_test": 49,
        "ks_stat": 0.25371630133534895,
        "ks_p": 0.0037502355060478124,
        "test_mean": 4.387755102040816,
        "test_median": 4.0,
        "train_test_mean_diff": 0.6408163265306124
      }
    },
    {
      "dimension": "D1_n1_x_D7",
      "condition": "((-1,), (1, -1))",
      "support": 68,
      "ks_stat": 0.21106145638467402,
      "ks_p": 0.004924059699156299,
      "js_divergence": 0.06192077362915353,
      "mean": 4.6911764705882355,
      "median": 3.0,
      "std": 3.5861553759733886,
      "q10": 1.0,
      "q25": 2.0,
      "q50": 3.0,
      "q75": 7.0,
      "q90": 9.300000000000004,
      "iqr": 5.0,
      "concentration": 0.625,
      "mean_shift_sigma": 0.4578793268964519,
      "validation": {
        "status": "valid",
        "n_test": 25,
        "ks_stat": 0.36772486772486773,
        "ks_p": 0.0017892290484902732,
        "test_mean": 3.36,
        "test_median": 3.0,
        "train_test_mean_diff": 1.3311764705882356
      }
    },
    {
      "dimension": "D1_n3_x_D7",
      "condition": "((-1, 1, -1), (-1, -1))",
      "support": 69,
      "ks_stat": 0.20315460644236186,
      "ks_p": 0.007070044088960435,
      "js_divergence": 0.05864281069369207,
      "mean": 5.0144927536231885,
      "median": 4.0,
      "std": 3.857959036991828,
      "q10": 1.0,
      "q25": 2.0,
      "q50": 4.0,
      "q75": 8.0,
      "q90": 10.200000000000003,
      "iqr": 6.0,
      "concentration": 0.75,
      "mean_shift_sigma": 0.3980201307872802,
      "validation": {
        "status": "invalid",
        "n_test": 55,
        "ks_stat": 0.13097643097643097,
        "ks_p": 0.301142376624983,
        "test_mean": 6.4,
        "test_median": 6.0,
        "train_test_mean_diff": 1.3855072463768119
      }
    },
    {
      "dimension": "D1_n1_x_D7",
      "condition": "((-1,), (-1, -1))",
      "support": 169,
      "ks_stat": 0.14836459182748934,
      "ks_p": 0.002026038316232782,
      "js_divergence": 0.02438742388908461,
      "mean": 5.414201183431953,
      "median": 4.0,
      "std": 4.137436187791413,
      "q10": 1.0,
      "q25": 2.0,
      "q50": 4.0,
      "q75": 8.0,
      "q90": 11.0,
      "iqr": 6.0,
      "concentration": 0.75,
      "mean_shift_sigma": 0.3240175935138165,
      "validation": {
        "status": "invalid",
        "n_test": 111,
        "ks_stat": 0.11361361361361362,
        "ks_p": 0.1353002817406439,
        "test_mean": 5.900900900900901,
        "test_median": 6.0,
        "train_test_mean_diff": 0.486699717468948
      }
    },
    {
      "dimension": "D1_n1_x_D7",
      "condition": "((1,), (-1, 0))",
      "support": 22,
      "ks_stat": 0.9587750294464076,
      "ks_p": 1.5643555033222386e-29,
      "js_divergence": 0.0,
      "mean": 0.0,
      "median": 0.0,
      "std": 0.0,
      "q10": 0.0,
      "q25": 0.0,
      "q50": 0.0,
      "q75": 0.0,
      "q90": 0.0,
      "iqr": 0.0,
      "concentration": 0.0,
      "mean_shift_sigma": 1.326409824957742,
      "validation": {
        "status": "valid",
        "n_test": 15,
        "ks_stat": 0.95326278659612,
        "ks_p": 1.583502311194836e-19,
        "test_mean": 0.0,
        "test_median": 0.0,
        "train_test_mean_diff": 0.0
      }
    }
  ],
  "task_id": "dlt_P1_D1_x_D7",
  "lottery": "daletou",
  "elapsed_seconds": 0.2
}