{
  "status": "completed",
  "position": 4,
  "dimensions": [
    "D1",
    "D4"
  ],
  "n_patterns_found": 13,
  "n_validated": 7,
  "n_insufficient": 0,
  "validation_rate": 0.5384615384615384,
  "uncond_mean": 4.479387514723204,
  "uncond_std": 4.082466932651478,
  "uncond_iqr": 6.0,
  "patterns": [
    {
      "dimension": "D1_n3_x_D4",
      "condition": "((1, -1, -1), (-1, np.int64(4)))",
      "support": 30,
      "ks_stat": 0.6392226148409894,
      "ks_p": 3.26384309937012e-12,
      "js_divergence": 0.25046224399200334,
      "mean": 10.9,
      "median": 11.5,
      "std": 4.2296571965113205,
      "q10": 4.700000000000001,
      "q25": 9.0,
      "q50": 11.5,
      "q75": 14.0,
      "q90": 16.0,
      "iqr": 5.0,
      "concentration": 0.8333333333333334,
      "mean_shift_sigma": 1.5727285955275923,
      "validation": {
        "status": "valid",
        "n_test": 25,
        "ks_stat": 0.5631040564373898,
        "ks_p": 7.867218428439196e-08,
        "test_mean": 11.6,
        "test_median": 12.0,
        "train_test_mean_diff": 0.6999999999999993
      }
    },
    {
      "dimension": "D1_n2_x_D4",
      "condition": "((-1, -1), (-1, np.int64(4)))",
      "support": 42,
      "ks_stat": 0.5773178529362275,
      "ks_p": 1.8886849986208722e-13,
      "js_divergence": 0.2246958699047496,
      "mean": 10.333333333333334,
      "median": 11.0,
      "std": 4.4756838619082595,
      "q10": 3.1000000000000005,
      "q25": 8.25,
      "q50": 11.0,
      "q75": 14.0,
      "q90": 15.899999999999999,
      "iqr": 5.75,
      "concentration": 0.9583333333333334,
      "mean_shift_sigma": 1.4339236337201913,
      "validation": {
        "status": "valid",
        "n_test": 35,
        "ks_stat": 0.4945326278659612,
        "ks_p": 3.5481023522591015e-08,
        "test_mean": 11.142857142857142,
        "test_median": 12.0,
        "train_test_mean_diff": 0.8095238095238084
      }
    },
    {
      "dimension": "D1_n4_x_D4",
      "condition": "((-1, 1, -1, -1), (-1, np.int64(3)))",
      "support": 26,
      "ks_stat": 0.45510555404548336,
      "ks_p": 2.3093298903417568e-05,
      "js_divergence": 0.1995082983684407,
      "mean": 7.538461538461538,
      "median": 6.0,
      "std": 4.217461588268553,
      "q10": 3.0,
      "q25": 5.0,
      "q50": 6.0,
      "q75": 8.75,
      "q90": 14.5,
      "iqr": 3.75,
      "concentration": 0.625,
      "mean_shift_sigma": 0.7493199759370811,
      "validation": {
        "status": "invalid",
        "n_test": 20,
        "ks_stat": 0.22019400352733687,
        "ks_p": 0.2558531656144219,
        "test_mean": 6.7,
        "test_median": 7.0,
        "train_test_mean_diff": 0.8384615384615381
      }
    },
    {
      "dimension": "D1_n2_x_D4",
      "condition": "((0, -1), (-1, np.int64(4)))",
      "support": 24,
      "ks_stat": 0.4366902237926973,
      "ks_p": 0.00012760762627369722,
      "js_divergence": 0.19797677606820552,
      "mean": 7.458333333333333,
      "median": 8.0,
      "std": 4.545869614887295,
      "q10": 1.0,
      "q25": 5.5,
      "q50": 8.0,
      "q75": 10.0,
      "q90": 12.0,
      "iqr": 4.5,
      "concentration": 0.75,
      "mean_shift_sigma": 0.7296925774914643,
      "validation": {
        "status": "valid",
        "n_test": 15,
        "ks_stat": 0.3998236331569665,
        "ks_p": 0.012001614415765171,
        "test_mean": 9.933333333333334,
        "test_median": 10.0,
        "train_test_mean_diff": 2.4750000000000005
      }
    },
    {
      "dimension": "D1_n3_x_D4",
      "condition": "((1, -1, -1), (-1, np.int64(3)))",
      "support": 43,
      "ks_stat": 0.4461610102172186,
      "ks_p": 4.032955334228015e-08,
      "js_divergence": 0.18143428115309257,
      "mean": 7.069767441860465,
      "median": 6.0,
      "std": 4.244807218002926,
      "q10": 2.2,
      "q25": 5.0,
      "q50": 6.0,
      "q75": 8.5,
      "q90": 12.400000000000013,
      "iqr": 3.5,
      "concentration": 0.5833333333333334,
      "mean_shift_sigma": 0.6345133885640228,
      "validation": {
        "status": "invalid",
        "n_test": 41,
        "ks_stat": 0.13360863767367834,
        "ks_p": 0.44043673716909526,
        "test_mean": 6.097560975609756,
        "test_median": 6.0,
        "train_test_mean_diff": 0.9722064662507091
      }
    },
    {
      "dimension": "D1_n3_x_D4",
      "condition": "((-1, 1, -1), (-1, np.int64(4)))",
      "support": 53,
      "ks_stat": 0.522701513434229,
      "ks_p": 1.454411527001019e-13,
      "js_divergence": 0.1810137620277646,
      "mean": 9.641509433962264,
      "median": 9.0,
      "std": 5.150908839472168,
      "q10": 3.0,
      "q25": 7.0,
      "q50": 9.0,
      "q75": 13.0,
      "q90": 16.0,
      "iqr": 6.0,
      "concentration": 1.0,
      "mean_shift_sigma": 1.2644614161972818,
      "validation": {
        "status": "valid",
        "n_test": 63,
        "ks_stat": 0.4691358024691358,
        "ks_p": 1.6302666486992687e-12,
        "test_mean": 10.015873015873016,
        "test_median": 11.0,
        "train_test_mean_diff": 0.37436358191075136
      }
    },
    {
      "dimension": "D1_n4_x_D4",
      "condition": "((1, -1, 1, -1), (-1, np.int64(4)))",
      "support": 30,
      "ks_stat": 0.4824499411071849,
      "ks_p": 7.863721515192034e-07,
      "js_divergence": 0.16276172772097275,
      "mean": 9.2,
      "median": 9.0,
      "std": 4.7427137098219765,
      "q10": 3.0,
      "q25": 6.25,
      "q50": 9.0,
      "q75": 11.75,
      "q90": 15.100000000000001,
      "iqr": 5.5,
      "concentration": 0.9166666666666666,
      "mean_shift_sigma": 1.1563137101053884,
      "validation": {
        "status": "valid",
        "n_test": 38,
        "ks_stat": 0.45994616170054764,
        "ks_p": 1.2600510620434957e-07,
        "test_mean": 9.710526315789474,
        "test_median": 10.5,
        "train_test_mean_diff": 0.510526315789475
      }
    },
    {
      "dimension": "D1_n2_x_D4",
      "condition": "((1, -1), (-1, np.int64(4)))",
      "support": 103,
      "ks_stat": 0.4869806854437545,
      "ks_p": 1.1134031755439457e-21,
      "js_divergence": 0.14113139592781695,
      "mean": 8.990291262135923,
      "median": 9.0,
      "std": 4.803912534936674,
      "q10": 3.0,
      "q25": 6.0,
      "q50": 9.0,
      "q75": 12.0,
      "q90": 15.0,
      "iqr": 6.0,
      "concentration": 1.0,
      "mean_shift_sigma": 1.10494556889968,
      "validation": {
        "status": "valid",
        "n_test": 100,
        "ks_stat": 0.39310405643738977,
        "ks_p": 2.832003448526829e-13,
        "test_mean": 9.56,
        "test_median": 10.0,
        "train_test_mean_diff": 0.5697087378640777
      }
    },
    {
      "dimension": "D1_n1_x_D4",
      "condition": "((-1,), (-1, np.int64(4)))",
      "support": 169,
      "ks_stat": 0.4828444184247392,
      "ks_p": 2.4284126257779543e-33,
      "js_divergence": 0.1395577170522364,
      "mean": 9.106508875739644,
      "median": 9.0,
      "std": 4.769282158678895,
      "q10": 2.0,
      "q25": 6.0,
      "q50": 9.0,
      "q75": 12.0,
      "q90": 15.0,
      "iqr": 6.0,
      "concentration": 1.0,
      "mean_shift_sigma": 1.1334130655189951,
      "validation": {
        "status": "valid",
        "n_test": 150,
        "ks_stat": 0.40977072310405643,
        "ks_p": 1.497915848905746e-20,
        "test_mean": 9.966666666666667,
        "test_median": 10.0,
        "train_test_mean_diff": 0.8601577909270226
      }
    },
    {
      "dimension": "D1_n2_x_D4",
      "condition": "((-1, -1), (-1, np.int64(3)))",
      "support": 67,
      "ks_stat": 0.41492185714536856,
      "ks_p": 1.5051818284660577e-10,
      "js_divergence": 0.13659320274452677,
      "mean": 7.522388059701493,
      "median": 6.0,
      "std": 4.4899829104326034,
      "q10": 2.0,
      "q25": 5.0,
      "q50": 6.0,
      "q75": 9.0,
      "q90": 14.399999999999999,
      "iqr": 4.0,
      "concentration": 0.6666666666666666,
      "mean_shift_sigma": 0.7453827783981396,