{
  "status": "completed",
  "position": 2,
  "dimensions": [
    "D1",
    "D3"
  ],
  "n_patterns_found": 12,
  "n_validated": 9,
  "n_insufficient": 1,
  "validation_rate": 0.75,
  "uncond_mean": 7.451118963486454,
  "uncond_std": 5.424524582468086,
  "uncond_iqr": 8.0,
  "patterns": [
    {
      "dimension": "D1_n4_x_D3",
      "condition": "((1, -1, -1, 1), np.int64(4))",
      "support": 21,
      "ks_stat": 0.3498233215547703,
      "ks_p": 0.008970827341569315,
      "js_divergence": 0.2159035997613208,
      "mean": 10.523809523809524,
      "median": 10.0,
      "std": 5.876661245323763,
      "q10": 1.0,
      "q25": 8.0,
      "q50": 10.0,
      "q75": 13.0,
      "q90": 18.0,
      "iqr": 5.0,
      "concentration": 0.625,
      "mean_shift_sigma": 0.5664442134254347,
      "validation": {
        "status": "insufficient",
        "n_test": 6
      }
    },
    {
      "dimension": "D1_n2_x_D3",
      "condition": "((-1, -1), 0)",
      "support": 25,
      "ks_stat": 0.44315665488810363,
      "ks_p": 6.327457626184407e-05,
      "js_divergence": 0.1809406204896198,
      "mean": 13.72,
      "median": 14.0,
      "std": 6.421962316924634,
      "q10": 5.800000000000001,
      "q25": 10.0,
      "q50": 14.0,
      "q75": 17.0,
      "q90": 23.6,
      "iqr": 7.0,
      "concentration": 0.875,
      "mean_shift_sigma": 1.155655383473493,
      "validation": {
        "status": "valid",
        "n_test": 29,
        "ks_stat": 0.27677431125706986,
        "ks_p": 0.020848891696725474,
        "test_mean": 10.172413793103448,
        "test_median": 10.0,
        "train_test_mean_diff": 3.5475862068965522
      }
    },
    {
      "dimension": "D1_n2_x_D3",
      "condition": "((1, -1), 0)",
      "support": 30,
      "ks_stat": 0.4425206124852768,
      "ks_p": 8.978135130067759e-06,
      "js_divergence": 0.16861721714170388,
      "mean": 13.266666666666667,
      "median": 14.5,
      "std": 6.884443009826979,
      "q10": 2.9000000000000004,
      "q25": 8.25,
      "q50": 14.5,
      "q75": 18.0,
      "q90": 21.200000000000003,
      "iqr": 9.75,
      "concentration": 1.21875,
      "mean_shift_sigma": 1.0720843116788341,
      "validation": {
        "status": "valid",
        "n_test": 29,
        "ks_stat": 0.44970504165906466,
        "ks_p": 9.855501038899893e-06,
        "test_mean": 12.586206896551724,
        "test_median": 12.0,
        "train_test_mean_diff": 0.6804597701149433
      }
    },
    {
      "dimension": "D1_n1_x_D3",
      "condition": "((-1,), 0)",
      "support": 58,
      "ks_stat": 0.4249015068437513,
      "ks_p": 1.0812735091356373e-09,
      "js_divergence": 0.15906773683094297,
      "mean": 13.5,
      "median": 14.0,
      "std": 6.526471296666132,
      "q10": 4.0,
      "q25": 9.25,
      "q50": 14.0,
      "q75": 17.0,
      "q90": 23.0,
      "iqr": 7.75,
      "concentration": 0.96875,
      "mean_shift_sigma": 1.115098833926085,
      "validation": {
        "status": "valid",
        "n_test": 60,
        "ks_stat": 0.3278659611992945,
        "ks_p": 5.935588595909426e-06,
        "test_mean": 11.266666666666667,
        "test_median": 12.0,
        "train_test_mean_diff": 2.2333333333333325
      }
    },
    {
      "dimension": "D1_n4_x_D3",
      "condition": "((1, 1, -1, 1), np.int64(2))",
      "support": 39,
      "ks_stat": 0.26556129382984506,
      "ks_p": 0.007295392677157087,
      "js_divergence": 0.08719913281972032,
      "mean": 5.358974358974359,
      "median": 6.0,
      "std": 3.1336648446055775,
      "q10": 1.0,
      "q25": 3.0,
      "q50": 6.0,
      "q75": 7.0,
      "q90": 8.200000000000003,
      "iqr": 4.0,
      "concentration": 0.5,
      "mean_shift_sigma": 0.3856825741510785,
      "validation": {
        "status": "invalid",
        "n_test": 36,
        "ks_stat": 0.10890652557319223,
        "ks_p": 0.7627038551939176,
        "test_mean": 6.25,
        "test_median": 5.5,
        "train_test_mean_diff": 0.8910256410256414
      }
    },
    {
      "dimension": "D1_n3_x_D3",
      "condition": "((1, -1, 1), np.int64(2))",
      "support": 111,
      "ks_stat": 0.20532900391557635,
      "ks_p": 0.0002490344980328525,
      "js_divergence": 0.043808298563493824,
      "mean": 5.585585585585585,
      "median": 6.0,
      "std": 3.8402056731436245,
      "q10": 1.0,
      "q25": 2.0,
      "q50": 6.0,
      "q75": 8.0,
      "q90": 11.0,
      "iqr": 6.0,
      "concentration": 0.75,
      "mean_shift_sigma": 0.34390725851445514,
      "validation": {
        "status": "valid",
        "n_test": 100,
        "ks_stat": 0.16188712522045856,
        "ks_p": 0.01420085323974707,
        "test_mean": 5.47,
        "test_median": 5.0,
        "train_test_mean_diff": 0.11558558558558563
      }
    },
    {
      "dimension": "D1_n3_x_D3",
      "condition": "((1, 1, -1), np.int64(2))",
      "support": 75,
      "ks_stat": 0.2036042402826855,
      "ks_p": 0.004343900408985149,
      "js_divergence": 0.03718890279885872,
      "mean": 5.1466666666666665,
      "median": 4.0,
      "std": 3.863308886894181,
      "q10": 1.0,
      "q25": 2.0,
      "q50": 4.0,
      "q75": 8.0,
      "q90": 11.0,
      "iqr": 6.0,
      "concentration": 0.75,
      "mean_shift_sigma": 0.4248210625255002,
      "validation": {
        "status": "valid",
        "n_test": 58,
        "ks_stat": 0.2232256887429301,
        "ks_p": 0.006739180367788763,
        "test_mean": 5.155172413793103,
        "test_median": 5.0,
        "train_test_mean_diff": 0.008505747126436702
      }
    },
    {
      "dimension": "D1_n2_x_D3",
      "condition": "((-1, 1), np.int64(2))",
      "support": 188,
      "ks_stat": 0.16536350650327042,
      "ks_p": 0.00016256252050072227,
      "js_divergence": 0.02071889815356768,
      "mean": 5.6063829787234045,
      "median": 5.0,
      "std": 4.065208076395491,
      "q10": 1.0,
      "q25": 2.0,
      "q50": 5.0,
      "q75": 8.0,
      "q90": 12.0,
      "iqr": 6.0,
      "concentration": 0.75,
      "mean_shift_sigma": 0.3400733016724057,
      "validation": {
        "status": "valid",
        "n_test": 164,
        "ks_stat": 0.16708607562266098,
        "ks_p": 0.000573350163371067,
        "test_mean": 5.25,
        "test_median": 5.0,
        "train_test_mean_diff": 0.3563829787234045
      }
    },
    {
      "dimension": "D1_n1_x_D3",
      "condition": "((1,), np.int64(2))",
      "support": 240,
      "ks_stat": 0.15082449941107184,
      "ks_p": 0.00012111621420331211,
      "js_divergence": 0.01958057555118973,
      "mean": 5.620833333333334,
      "median": 5.0,
      "std": 3.94994505939288,
      "q10": 1.0,
      "q25": 2.0,
      "q50": 5.0,
      "q75": 8.0,
      "q90": 12.0,
      "iqr": 6.0,
      "concentration": 0.75,
      "mean_shift_sigma": 0.3374094083873366,
      "validation": {
        "status": "valid",
        "n_test": 223,
        "ks_stat": 0.15899115002254016,
        "ks_p": 0.00013833066460219406,
        "test_mean": 5.251121076233184,
        "test_median": 5.0,
        "train_test_mean_diff": 0.3697122571001499
      }
    },
    {
      "dimension": "D1_n3_x_D3",
      "condition": "((-1, 1, -1), np.int64(2))",
      "support": 130,
      "ks_stat": 0.14736794418773216,
      "ks_p": 0.009363523049623757,
      "js_divergence": 0.018682996154482243,
      "mean": 5.607692307692307,
      "median": 5.0,
      "std": 3.923295619846924,
      "q10": 1.0,
      "q25": 2.0,
      "q50": 5.0,
      "q75": 8.0,
      "q90": 12.0,
      "iqr": 6.0,
      "concentration": 0.75,
      "mean_shift_sigma": 0.3398319295578549,
      "validation": {
        "status": "invalid",
        "n_test": 76,
        "ks_stat": 0.13682354033231225,
        "ks_p": 0.1258402006664451,
        "test_mean": 5.7105263157894735,
        "test_median": 5.0,
        "train_test_mean_diff": 0.10283400809716614
      }
    },
    {
      "dimension": "D1_n2_x_D3",
      "condition": "((1, -1), np.int64(2))",
      "support": 215,