{
  "status": "completed",
  "position": 1,
  "dimensions": [
    "D1",
    "D4",
    "D8"
  ],
  "n_patterns_found": 1,
  "n_validated": 0,
  "n_insufficient": 0,
  "validation_rate": 0.0,
  "uncond_mean": 7.1643109540636045,
  "uncond_std": 5.401280071407682,
  "uncond_iqr": 8.0,
  "patterns": [
    {
      "dimension": "D1_n1_x_D4_x_D8_sum",
      "condition": "((-1,), (-1, np.int64(1)), np.int64(3))",
      "support": 42,
      "ks_stat": 0.30699983173481404,
      "ks_p": 0.0006315719120673572,
      "js_divergence": 0.08068679113401597,
      "mean": 4.238095238095238,
      "median": 3.0,
      "std": 2.9825646028170665,
      "q10": 1.0,
      "q25": 2.0,
      "q50": 3.0,
      "q75": 6.0,
      "q90": 7.0,
      "iqr": 4.0,
      "concentration": 0.5,
      "mean_shift_sigma": 0.5417633741043418,
      "validation": {
        "status": "invalid",
        "n_test": 22,
        "ks_stat": 0.19248035914702583,
        "ks_p": 0.354243152934277,
        "test_mean": 7.7272727272727275,
        "test_median": 8.5,
        "train_test_mean_diff": 3.4891774891774894
      }
    }
  ],
  "task_id": "dlt_P1_D1_x_D4_x_D8",
  "lottery": "daletou",
  "elapsed_seconds": 0.2
}