{
  "status": "completed",
  "position": 0,
  "dimensions": [
    "D1",
    "D3"
  ],
  "n_patterns_found": 13,
  "n_validated": 8,
  "n_insufficient": 0,
  "validation_rate": 0.6153846153846154,
  "uncond_mean": 5.435806831566549,
  "uncond_std": 4.821886628938159,
  "uncond_iqr": 6.0,
  "patterns": [
    {
      "dimension": "D1_n3_x_D3",
      "condition": "((1, -1, 1), np.int64(2))",
      "support": 31,
      "ks_stat": 0.6270185037425434,
      "ks_p": 4.4642625290002204e-12,
      "js_divergence": 0.28352520609413917,
      "mean": 12.387096774193548,
      "median": 13.0,
      "std": 3.891076800585426,
      "q10": 8.0,
      "q25": 10.0,
      "q50": 13.0,
      "q75": 15.0,
      "q90": 17.0,
      "iqr": 5.0,
      "concentration": 0.8333333333333334,
      "mean_shift_sigma": 1.4416120654744142,
      "validation": {
        "status": "valid",
        "n_test": 11,
        "ks_stat": 0.5421677088343755,
        "ks_p": 0.0015970693986980483,
        "test_mean": 9.909090909090908,
        "test_median": 8.0,
        "train_test_mean_diff": 2.4780058651026398
      }
    },
    {
      "dimension": "D1_n2_x_D3",
      "condition": "((1, 1), np.int64(2))",
      "support": 45,
      "ks_stat": 0.5015704750687083,
      "ks_p": 1.0334455541876462e-10,
      "js_divergence": 0.22957027897366977,
      "mean": 10.311111111111112,
      "median": 10.0,
      "std": 4.952315831887687,
      "q10": 3.0,
      "q25": 8.0,
      "q50": 10.0,
      "q75": 14.0,
      "q90": 15.600000000000001,
      "iqr": 6.0,
      "concentration": 1.0,
      "mean_shift_sigma": 1.011078163946415,
      "validation": {
        "status": "valid",
        "n_test": 34,
        "ks_stat": 0.6106961303039734,
        "ks_p": 2.5882194081500847e-12,
        "test_mean": 11.558823529411764,
        "test_median": 11.5,
        "train_test_mean_diff": 1.2477124183006527
      }
    },
    {
      "dimension": "D1_n2_x_D3",
      "condition": "((-1, 1), np.int64(2))",
      "support": 53,
      "ks_stat": 0.5539813765362135,
      "ks_p": 2.5619794831132754e-15,
      "js_divergence": 0.2057507777265332,
      "mean": 11.88679245283019,
      "median": 13.0,
      "std": 4.298575355742836,
      "q10": 6.0,
      "q25": 9.0,
      "q50": 13.0,
      "q75": 15.0,
      "q90": 17.0,
      "iqr": 6.0,
      "concentration": 1.0,
      "mean_shift_sigma": 1.3378551006464103,
      "validation": {
        "status": "valid",
        "n_test": 23,
        "ks_stat": 0.5500728471742965,
        "ks_p": 6.347076656219602e-07,
        "test_mean": 10.304347826086957,
        "test_median": 10.0,
        "train_test_mean_diff": 1.5824446267432322
      }
    },
    {
      "dimension": "D1_n5_x_D3",
      "condition": "((-1, 1, 1, -1, 1), 0)",
      "support": 24,
      "ks_stat": 0.36366313309776205,
      "ks_p": 0.0026054288249435266,
      "js_divergence": 0.19659207517062283,
      "mean": 2.5,
      "median": 1.0,
      "std": 3.0,
      "q10": 0.0,
      "q25": 0.75,
      "q50": 1.0,
      "q75": 4.0,
      "q90": 4.699999999999999,
      "iqr": 3.25,
      "concentration": 0.5416666666666666,
      "mean_shift_sigma": 0.6088502400590559,
      "validation": {
        "status": "invalid",
        "n_test": 27,
        "ks_stat": 0.2019400352733686,
        "ks_p": 0.204190173469277,
        "test_mean": 3.4444444444444446,
        "test_median": 3.0,
        "train_test_mean_diff": 0.9444444444444446
      }
    },
    {
      "dimension": "D1_n1_x_D3",
      "condition": "((1,), np.int64(2))",
      "support": 113,
      "ks_stat": 0.5468015468484526,
      "ks_p": 4.37873758534754e-30,
      "js_divergence": 0.1953799510637722,
      "mean": 11.300884955752212,
      "median": 12.0,
      "std": 4.646599205075206,
      "q10": 4.200000000000001,
      "q25": 8.0,
      "q50": 12.0,
      "q75": 15.0,
      "q90": 17.0,
      "iqr": 7.0,
      "concentration": 1.1666666666666667,
      "mean_shift_sigma": 1.2163450896972308,
      "validation": {
        "status": "valid",
        "n_test": 64,
        "ks_stat": 0.5833608906525574,
        "ks_p": 5.118663787234412e-20,
        "test_mean": 11.25,
        "test_median": 11.5,
        "train_test_mean_diff": 0.050884955752211525
      }
    },
    {
      "dimension": "D1_n5_x_D3",
      "condition": "((-1, 1, -1, -1, 1), 0)",
      "support": 45,
      "ks_stat": 0.25005889281507654,
      "ks_p": 0.006671546677947746,
      "js_divergence": 0.08689820971038248,
      "mean": 3.3777777777777778,
      "median": 2.0,
      "std": 3.3815768109559574,
      "q10": 1.0,
      "q25": 1.0,
      "q50": 2.0,
      "q75": 4.0,
      "q90": 8.200000000000003,
      "iqr": 3.0,
      "concentration": 0.5,
      "mean_shift_sigma": 0.42680992154350506,
      "validation": {
        "status": "invalid",
        "n_test": 22,
        "ks_stat": 0.113997113997114,
        "ks_p": 0.9115607485026109,
        "test_mean": 4.636363636363637,
        "test_median": 3.0,
        "train_test_mean_diff": 1.258585858585859
      }
    },
    {
      "dimension": "D1_n4_x_D3",
      "condition": "((-1, 1, -1, 1), np.int64(1))",
      "support": 69,
      "ks_stat": 0.29543708711015515,
      "ks_p": 1.2680455665627586e-05,
      "js_divergence": 0.08373937856580246,
      "mean": 6.463768115942029,
      "median": 6.0,
      "std": 3.2013570951360006,
      "q10": 1.8000000000000007,
      "q25": 5.0,
      "q50": 6.0,
      "q75": 9.0,
      "q90": 11.0,
      "iqr": 4.0,
      "concentration": 0.6666666666666666,
      "mean_shift_sigma": 0.21318653122332953,
      "validation": {
        "status": "valid",
        "n_test": 42,
        "ks_stat": 0.3430335097001764,
        "ks_p": 9.543545723600929e-05,
        "test_mean": 6.833333333333333,
        "test_median": 7.5,
        "train_test_mean_diff": 0.36956521739130377
      }
    },
    {
      "dimension": "D1_n3_x_D3",
      "condition": "((-1, -1, 1), 0)",
      "support": 88,
      "ks_stat": 0.2243013170575008,
      "ks_p": 0.00035167792743081113,
      "js_divergence": 0.06900701774144259,
      "mean": 3.875,
      "median": 3.0,
      "std": 4.150061609619351,
      "q10": 1.0,
      "q25": 1.75,
      "q50": 3.0,
      "q75": 5.0,
      "q90": 9.299999999999997,
      "iqr": 3.25,
      "concentration": 0.5416666666666666,
      "mean_shift_sigma": 0.3236921461818481,
      "validation": {
        "status": "invalid",
        "n_test": 63,
        "ks_stat": 0.16666666666666666,
        "ks_p": 0.06524736724907572,
        "test_mean": 3.7301587301587302,
        "test_median": 3.0,
        "train_test_mean_diff": 0.14484126984126977
      }
    },
    {
      "dimension": "D1_n4_x_D3",
      "condition": "((1, -1, -1, 1), 0)",
      "support": 72,
      "ks_stat": 0.20283667059285435,
      "ks_p": 0.005722976661500735,
      "js_divergence": 0.06674044292557864,
      "mean": 3.9444444444444446,
      "median": 2.5,
      "std": 4.176285194367281,
      "q10": 1.0,
      "q25": 2.0,
      "q50": 2.5,
      "q75": 5.0,
      "q90": 9.899999999999999,
      "iqr": 3.0,
      "concentration": 0.5,
      "mean_shift_sigma": 0.30929022224865577,
      "validation": {
        "status": "invalid",
        "n_test": 50,
        "ks_stat": 0.16126984126984126,
        "ks_p": 0.14774297658999366,
        "test_mean": 4.0,
        "test_median": 3.0,
        "train_test_mean_diff": 0.05555555555555536
      }
    },
    {
      "dimension": "D1_n3_x_D3",
      "condition": "((1, -1, 1), np.int64(1))",
      "support": 114,
      "ks_stat": 0.22602442502014755,
      "ks_p": 2.813755327643843e-05,
      "js_divergence": 0.051345396672023286,
      "mean": 6.114035087719298,
      "median": 6.0,
      "std": 3.2002159245402697,
      "q10": 2.0,
      "q25": 4.0,
      "q50": 6.0,
      "q75": 8.0,
      "q90": 11.0,
      "iqr": 4.0,
      "concentration": 0.6666666666666666,
      "mean_shift_sigma": 0.14065620126413117,
      "validation": {
        "status": "valid",