{
  "status": "completed",
  "position": 3,
  "dimensions": [
    "D5",
    "D3"
  ],
  "n_patterns_found": 5,
  "n_validated": 4,
  "n_insufficient": 0,
  "validation_rate": 0.8,
  "uncond_mean": 6.573027090694935,
  "uncond_std": 5.051527462657198,
  "uncond_iqr": 8.0,
  "patterns": [
    {
      "dimension": "D5_x_D3",
      "condition": "((1, 0), np.int64(1))",
      "support": 32,
      "ks_stat": 0.6469743816254417,
      "ks_p": 2.561782351432618e-13,
      "js_divergence": 0.3090399513199918,
      "mean": 15.25,
      "median": 17.5,
      "std": 5.460082416960389,
      "q10": 7.2,
      "q25": 13.0,
      "q50": 17.5,
      "q75": 19.0,
      "q90": 20.0,
      "iqr": 6.0,
      "concentration": 0.75,
      "mean_shift_sigma": 1.7176929104015628,
      "validation": {
        "status": "valid",
        "n_test": 42,
        "ks_stat": 0.42416225749559083,
        "ks_p": 4.1816919414026763e-07,
        "test_mean": 12.0,
        "test_median": 14.0,
        "train_test_mean_diff": 3.25
      }
    },
    {
      "dimension": "D5_x_D3",
      "condition": "((0, 0), np.int64(1))",
      "support": 38,
      "ks_stat": 0.4476473870187837,
      "ks_p": 2.633204430770759e-07,
      "js_divergence": 0.1590010584301242,
      "mean": 12.421052631578947,
      "median": 14.5,
      "std": 6.926803694221639,
      "q10": 2.7,
      "q25": 5.25,
      "q50": 14.5,
      "q75": 17.75,
      "q90": 19.300000000000004,
      "iqr": 12.5,
      "concentration": 1.5625,
      "mean_shift_sigma": 1.1576747002000543,
      "validation": {
        "status": "valid",
        "n_test": 20,
        "ks_stat": 0.30811287477954147,
        "ks_p": 0.03732805991549288,
        "test_mean": 10.7,
        "test_median": 10.5,
        "train_test_mean_diff": 1.7210526315789476
      }
    },
    {
      "dimension": "D5_x_D3",
      "condition": "((2, 1), np.int64(4))",
      "support": 37,
      "ks_stat": 0.28416579123292907,
      "ks_p": 0.004423085326042648,
      "js_divergence": 0.1216951708189557,
      "mean": 4.648648648648648,
      "median": 3.0,
      "std": 4.955020474587291,
      "q10": 0.0,
      "q25": 1.0,
      "q50": 3.0,
      "q75": 6.0,
      "q90": 11.799999999999997,
      "iqr": 5.0,
      "concentration": 0.625,
      "mean_shift_sigma": 0.3809498129569759,
      "validation": {
        "status": "invalid",
        "n_test": 15,
        "ks_stat": 0.20317460317460317,
        "ks_p": 0.5098880490732731,
        "test_mean": 9.466666666666667,
        "test_median": 8.0,
        "train_test_mean_diff": 4.8180180180180185
      }
    },
    {
      "dimension": "D5_x_D3",
      "condition": "((1, 1), np.int64(3))",
      "support": 216,
      "ks_stat": 0.14566156262269336,
      "ks_p": 0.000515460234042905,
      "js_divergence": 0.026299221696724898,
      "mean": 5.083333333333333,
      "median": 5.0,
      "std": 3.5801019021292717,
      "q10": 1.0,
      "q25": 2.0,
      "q50": 5.0,
      "q75": 7.0,
      "q90": 10.0,
      "iqr": 5.0,
      "concentration": 0.625,
      "mean_shift_sigma": 0.29489966517533195,
      "validation": {
        "status": "valid",
        "n_test": 177,
        "ks_stat": 0.1345619226975159,
        "ks_p": 0.00698864048565023,
        "test_mean": 5.47457627118644,
        "test_median": 4.0,
        "train_test_mean_diff": 0.39124293785310726
      }
    },
    {
      "dimension": "D5_x_D3",
      "condition": "((1, 0), np.int64(3))",
      "support": 130,
      "ks_stat": 0.1740781009332246,
      "ks_p": 0.0011329415034890794,
      "js_divergence": 0.02267711380581902,
      "mean": 5.023076923076923,
      "median": 5.0,
      "std": 3.1658402326551833,
      "q10": 1.0,
      "q25": 2.25,
      "q50": 5.0,
      "q75": 7.0,
      "q90": 9.0,
      "iqr": 4.75,
      "concentration": 0.59375,
      "mean_shift_sigma": 0.30682801965857454,
      "validation": {
        "status": "valid",
        "n_test": 90,
        "ks_stat": 0.2234567901234568,
        "ks_p": 0.0003882750544526328,
        "test_mean": 5.166666666666667,
        "test_median": 5.0,
        "train_test_mean_diff": 0.14358974358974397
      }
    }
  ],
  "task_id": "dlt_P3_D5_x_D3",
  "lottery": "daletou",
  "elapsed_seconds": 0.2
}