{
  "status": "completed",
  "position": 3,
  "dimensions": [
    "D7",
    "D3"
  ],
  "n_patterns_found": 11,
  "n_validated": 7,
  "n_insufficient": 3,
  "validation_rate": 0.6363636363636364,
  "uncond_mean": 6.573027090694935,
  "uncond_std": 5.051527462657198,
  "uncond_iqr": 8.0,
  "patterns": [
    {
      "dimension": "D7_x_D3",
      "condition": "((1, 1), np.int64(1))",
      "support": 91,
      "ks_stat": 0.5783921614310307,
      "ks_p": 8.323325727937263e-28,
      "js_divergence": 0.24404914875537853,
      "mean": 14.604395604395604,
      "median": 15.0,
      "std": 5.154490458566512,
      "q10": 7.0,
      "q25": 11.0,
      "q50": 15.0,
      "q75": 18.0,
      "q90": 20.0,
      "iqr": 7.0,
      "concentration": 0.875,
      "mean_shift_sigma": 1.5898891123668206,
      "validation": {
        "status": "valid",
        "n_test": 84,
        "ks_stat": 0.45811287477954143,
        "ks_p": 1.8130984046160284e-15,
        "test_mean": 13.142857142857142,
        "test_median": 14.0,
        "train_test_mean_diff": 1.4615384615384617
      }
    },
    {
      "dimension": "D7_x_D3",
      "condition": "((1, -1), np.int64(3))",
      "support": 55,
      "ks_stat": 0.3381304208159332,
      "ks_p": 6.1979185156241124e-06,
      "js_divergence": 0.09591337529181257,
      "mean": 3.1636363636363636,
      "median": 2.0,
      "std": 2.4103084401917325,
      "q10": 1.0,
      "q25": 1.0,
      "q50": 2.0,
      "q75": 5.0,
      "q90": 6.600000000000001,
      "iqr": 4.0,
      "concentration": 0.5,
      "mean_shift_sigma": 0.6749227342149632,
      "validation": {
        "status": "valid",
        "n_test": 46,
        "ks_stat": 0.3978222528947167,
        "ks_p": 8.143504497666348e-07,
        "test_mean": 3.239130434782609,
        "test_median": 2.0,
        "train_test_mean_diff": 0.07549407114624529
      }
    },
    {
      "dimension": "D7_x_D3",
      "condition": "((-1, 1), np.int64(4))",
      "support": 40,
      "ks_stat": 0.5625441696113074,
      "ks_p": 3.6223714643127292e-12,
      "js_divergence": 0.06428513187898097,
      "mean": 1.9,
      "median": 2.0,
      "std": 1.0677078252031311,
      "q10": 1.0,
      "q25": 1.0,
      "q50": 2.0,
      "q75": 2.25,
      "q90": 3.1000000000000014,
      "iqr": 1.25,
      "concentration": 0.15625,
      "mean_shift_sigma": 0.9250720945772778,
      "validation": {
        "status": "insufficient",
        "n_test": 9
      }
    },
    {
      "dimension": "D7_x_D3",
      "condition": "((1, 1), np.int64(2))",
      "support": 224,
      "ks_stat": 0.25959637388524315,
      "ks_p": 3.065442341693533e-12,
      "js_divergence": 0.0516590282705713,
      "mean": 8.522321428571429,
      "median": 9.0,
      "std": 4.098065959811944,
      "q10": 2.3000000000000007,
      "q25": 6.0,
      "q50": 9.0,
      "q75": 12.0,
      "q90": 14.0,
      "iqr": 6.0,
      "concentration": 0.75,
      "mean_shift_sigma": 0.3858821618384568,
      "validation": {
        "status": "valid",
        "n_test": 174,
        "ks_stat": 0.2620872103630724,
        "ks_p": 1.2693834565686843e-09,
        "test_mean": 8.804597701149426,
        "test_median": 9.0,
        "train_test_mean_diff": 0.28227627257799703
      }
    },
    {
      "dimension": "D7_x_D3",
      "condition": "((1, -1), np.int64(4))",
      "support": 90,
      "ks_stat": 0.18539458186101296,
      "ks_p": 0.004797967831656533,
      "js_divergence": 0.03995517941411937,
      "mean": 4.655555555555556,
      "median": 3.0,
      "std": 3.806897573589611,
      "q10": 1.0,
      "q25": 2.0,
      "q50": 3.0,
      "q75": 6.75,
      "q90": 11.0,
      "iqr": 4.75,
      "concentration": 0.59375,
      "mean_shift_sigma": 0.37958252218047983,
      "validation": {
        "status": "invalid",
        "n_test": 57,
        "ks_stat": 0.1226677805625174,
        "ks_p": 0.35723647716273854,
        "test_mean": 6.140350877192983,
        "test_median": 5.0,
        "train_test_mean_diff": 1.484795321637427
      }
    },
    {
      "dimension": "D7_x_D3",
      "condition": "((0, 1), np.int64(3))",
      "support": 20,
      "ks_stat": 0.3625441696113074,
      "ks_p": 0.007795689755315527,
      "js_divergence": 0.03768911252153916,
      "mean": 3.0,
      "median": 2.0,
      "std": 2.0976176963403033,
      "q10": 1.0,
      "q25": 1.0,
      "q50": 2.0,
      "q75": 4.25,
      "q90": 6.100000000000001,
      "iqr": 3.25,
      "concentration": 0.40625,
      "mean_shift_sigma": 0.7073161765640399,
      "validation": {
        "status": "insufficient",
        "n_test": 9
      }
    },
    {
      "dimension": "D7_x_D3",
      "condition": "((-1, 1), np.int64(3))",
      "support": 76,
      "ks_stat": 0.25238670882152375,
      "ks_p": 0.0001427470367463179,
      "js_divergence": 0.0325760303669467,
      "mean": 4.368421052631579,
      "median": 4.0,
      "std": 2.644965949751766,
      "q10": 1.0,
      "q25": 2.0,
      "q50": 4.0,
      "q75": 6.0,
      "q90": 8.5,
      "iqr": 4.0,
      "concentration": 0.5,
      "mean_shift_sigma": 0.4364236469781938,
      "validation": {
        "status": "valid",
        "n_test": 58,
        "ks_stat": 0.29690445782399805,
        "ks_p": 8.310657551195298e-05,
        "test_mean": 4.0,
        "test_median": 3.0,
        "train_test_mean_diff": 0.36842105263157876
      }
    },
    {
      "dimension": "D7_x_D3",
      "condition": "((1, 1), np.int64(3))",
      "support": 246,
      "ks_stat": 0.1673417794248614,
      "ks_p": 9.928471226040238e-06,
      "js_divergence": 0.024667291125480433,
      "mean": 5.508130081300813,
      "median": 5.5,
      "std": 2.6910599808397486,
      "q10": 2.0,
      "q25": 3.25,
      "q50": 5.5,
      "q75": 7.0,
      "q90": 9.0,
      "iqr": 3.75,
      "concentration": 0.46875,
      "mean_shift_sigma": 0.21080693260924416,
      "validation": {
        "status": "valid",
        "n_test": 127,
        "ks_stat": 0.2664944659695316,
        "ks_p": 1.198309108540395e-07,
        "test_mean": 4.519685039370079,
        "test_median": 4.0,
        "train_test_mean_diff": 0.988445041930734
      }
    },
    {
      "dimension": "D7_x_D3",
      "condition": "((1, 1), np.int64(4))",
      "support": 61,
      "ks_stat": 0.5017667844522968,
      "ks_p": 3.247507462783641e-14,
      "js_divergence": 0.01503436875550054,
      "mean": 2.3442622950819674,
      "median": 2.0,
      "std": 1.3291837246311138,
      "q10": 1.0,
      "q25": 1.0,
      "q50": 2.0,
      "q75": 3.0,
      "q90": 4.0,
      "iqr": 2.0,
      "concentration": 0.25,
      "mean_shift_sigma": 0.8371259637552397,
      "validation": {
        "status": "valid",
        "n_test": 12,
        "ks_stat": 0.5895061728395061,
        "ks_p": 0.00018737687877564712,
        "test_mean": 2.25,
        "test_median": 2.0,
        "train_test_mean_diff": 0.09426229508196737
      }
    },
    {
      "dimension": "D7_x_D3",
      "condition": "((1, 0), np.int64(4))",
      "support": 23,
      "ks_stat": 0.9575971731448764,
      "ks_p": 1.4767199643205298e-30,
      "js_divergence": 0.0,
      "mean": 0.0,
      "median": 0.0,
      "std": 0.0,
      "q10": 0.0,
      "q25": 0.0,
      "q50": 0.0,
      "q75": 0.0,
      "q90": 0.0,
      "iqr": 0.0,
      "concentration": 0.0,
      "mean_shift_sigma": 1.3011959529637793,
      "validation": {
        "status": "insufficient",
        "n_test": 6
      }
    },
    {
      "dimension": "D7_x_D3",
      "condition": "((-1, 0), np.int64(4))",
      "support": 21,
      "ks_stat": 0.9575971731448764,
      "ks_p": 4.895037290912069e-28,
      "js_divergence": 0.0,
      "mean": 0.0,
      "median": 0.0,
      "std": 0.0,
      "q10": 0.0,
      "q25": 0.0,
      "q50": 0.0,
      "q75": 0.0,
      "q90": 0.0,
      "iqr": 0.0,
      "concentration": 0.0,
      "mean_shift_sigma": 1.3011959529637793,
      "validation": {
        "status": "valid",
        "n_test": 10,