{
  "status": "completed",
  "position": 0,
  "dimensions": [
    "D4",
    "D6"
  ],
  "n_patterns_found": 4,
  "n_validated": 2,
  "n_insufficient": 1,
  "validation_rate": 0.5,
  "uncond_mean": 5.435806831566549,
  "uncond_std": 4.821886628938159,
  "uncond_iqr": 6.0,
  "patterns": [
    {
      "dimension": "D4_x_D6",
      "condition": "((1, np.int64(4)), 3)",
      "support": 26,
      "ks_stat": 0.4453202863096856,
      "ks_p": 3.810624049276064e-05,
      "js_divergence": 0.1925466624669546,
      "mean": 9.307692307692308,
      "median": 10.0,
      "std": 5.142352281033314,
      "q10": 2.0,
      "q25": 7.0,
      "q50": 10.0,
      "q75": 11.75,
      "q90": 16.0,
      "iqr": 4.75,
      "concentration": 0.7916666666666666,
      "mean_shift_sigma": 0.8029814415148118,
      "validation": {
        "status": "valid",
        "n_test": 21,
        "ks_stat": 0.5308641975308642,
        "ks_p": 6.186911332022127e-06,
        "test_mean": 8.333333333333334,
        "test_median": 8.0,
        "train_test_mean_diff": 0.9743589743589745
      }
    },
    {
      "dimension": "D4_x_D6",
      "condition": "((1, np.int64(4)), 4)",
      "support": 119,
      "ks_stat": 0.5053053023329473,
      "ks_p": 1.0321437549147038e-26,
      "js_divergence": 0.17637013372074298,
      "mean": 11.756302521008404,
      "median": 12.0,
      "std": 5.571485607525841,
      "q10": 5.0,
      "q25": 8.0,
      "q50": 12.0,
      "q75": 15.0,
      "q90": 18.200000000000003,
      "iqr": 7.0,
      "concentration": 1.1666666666666667,
      "mean_shift_sigma": 1.3107930932075251,
      "validation": {
        "status": "valid",
        "n_test": 60,
        "ks_stat": 0.5087301587301587,
        "ks_p": 3.753147691191278e-14,
        "test_mean": 11.016666666666667,
        "test_median": 11.0,
        "train_test_mean_diff": 0.7396358543417367
      }
    },
    {
      "dimension": "D4_x_D6",
      "condition": "((-1, np.int64(4)), 4)",
      "support": 20,
      "ks_stat": 0.4081861012956419,
      "ks_p": 0.001724777218511883,
      "js_divergence": 0.10307475714087734,
      "mean": 2.35,
      "median": 2.0,
      "std": 1.7399712641305316,
      "q10": 0.9000000000000001,
      "q25": 1.0,
      "q50": 2.0,
      "q75": 3.0,
      "q90": 4.0,
      "iqr": 2.0,
      "concentration": 0.3333333333333333,
      "mean_shift_sigma": 0.6399583957547512,
      "validation": {
        "status": "insufficient",
        "n_test": 6
      }
    },
    {
      "dimension": "D4_x_D6",
      "condition": "((-1, np.int64(3)), 3)",
      "support": 33,
      "ks_stat": 0.2820430452939287,
      "ks_p": 0.00902418739623763,
      "js_divergence": 0.09978697012693272,
      "mean": 3.303030303030303,
      "median": 2.0,
      "std": 3.5375462175787855,
      "q10": 0.20000000000000018,
      "q25": 1.0,
      "q50": 2.0,
      "q75": 4.0,
      "q90": 8.600000000000001,
      "iqr": 3.0,
      "concentration": 0.5,
      "mean_shift_sigma": 0.44231162875886837,
      "validation": {
        "status": "invalid",
        "n_test": 18,
        "ks_stat": 0.10934744268077601,
        "ks_p": 0.9689329424047953,
        "test_mean": 4.333333333333333,
        "test_median": 4.0,
        "train_test_mean_diff": 1.0303030303030298
      }
    }
  ],
  "task_id": "dlt_P0_D4_x_D6",
  "lottery": "daletou",
  "elapsed_seconds": 0.2
}