{
  "status": "completed",
  "position": 4,
  "dimensions": [
    "D4",
    "D6"
  ],
  "n_patterns_found": 3,
  "n_validated": 2,
  "n_insufficient": 0,
  "validation_rate": 0.6666666666666666,
  "uncond_mean": 4.479387514723204,
  "uncond_std": 4.082466932651478,
  "uncond_iqr": 6.0,
  "patterns": [
    {
      "dimension": "D4_x_D6",
      "condition": "((-1, np.int64(4)), 3)",
      "support": 34,
      "ks_stat": 0.4844107254209104,
      "ks_p": 1.0122242187046849e-07,
      "js_divergence": 0.16931823077369004,
      "mean": 8.441176470588236,
      "median": 9.0,
      "std": 3.882018702189912,
      "q10": 2.3000000000000003,
      "q25": 6.25,
      "q50": 9.0,
      "q75": 11.0,
      "q90": 12.0,
      "iqr": 4.75,
      "concentration": 0.7916666666666666,
      "mean_shift_sigma": 0.9704399377196993,
      "validation": {
        "status": "valid",
        "n_test": 29,
        "ks_stat": 0.35163899531715626,
        "ks_p": 0.0012454494256385902,
        "test_mean": 8.89655172413793,
        "test_median": 10.0,
        "train_test_mean_diff": 0.4553752535496951
      }
    },
    {
      "dimension": "D4_x_D6",
      "condition": "((-1, np.int64(4)), 4)",
      "support": 104,
      "ks_stat": 0.5087319923892362,
      "ks_p": 5.8868280037060286e-24,
      "js_divergence": 0.1587041146875583,
      "mean": 9.778846153846153,
      "median": 9.5,
      "std": 4.98257874762972,
      "q10": 3.0,
      "q25": 7.0,
      "q50": 9.5,
      "q75": 14.0,
      "q90": 16.0,
      "iqr": 7.0,
      "concentration": 1.1666666666666667,
      "mean_shift_sigma": 1.2981020364765234,
      "validation": {
        "status": "valid",
        "n_test": 93,
        "ks_stat": 0.4542868521363145,
        "ks_p": 1.1328502917041037e-16,
        "test_mean": 10.634408602150538,
        "test_median": 11.0,
        "train_test_mean_diff": 0.8555624483043847
      }
    },
    {
      "dimension": "D4_x_D6",
      "condition": "((-1, np.int64(3)), 4)",
      "support": 86,
      "ks_stat": 0.27407072616210587,
      "ks_p": 6.3650072576059805e-06,
      "js_divergence": 0.08913704942694683,
      "mean": 6.3023255813953485,
      "median": 5.0,
      "std": 4.364416814026233,
      "q10": 2.0,
      "q25": 4.0,
      "q50": 5.0,
      "q75": 8.0,
      "q90": 12.0,
      "iqr": 4.0,
      "concentration": 0.6666666666666666,
      "mean_shift_sigma": 0.4465285565676791,
      "validation": {
        "status": "invalid",
        "n_test": 37,
        "ks_stat": 0.09931359931359932,
        "ks_p": 0.8361643112181532,
        "test_mean": 6.378378378378378,
        "test_median": 5.0,
        "train_test_mean_diff": 0.07605279698302958
      }
    }
  ],
  "task_id": "dlt_P4_D4_x_D6",
  "lottery": "daletou",
  "elapsed_seconds": 0.2
}