{
  "status": "completed",
  "position": 1,
  "dimensions": [
    "D8"
  ],
  "n_patterns_found": 1,
  "n_validated": 0,
  "n_insufficient": 0,
  "validation_rate": 0.0,
  "uncond_mean": 7.1643109540636045,
  "uncond_std": 5.401280071407682,
  "uncond_iqr": 8.0,
  "patterns": [
    {
      "dimension": "D8_sum",
      "condition": "2",
      "support": 339,
      "ks_stat": 0.11915632133587667,
      "ks_p": 0.0005883455057734084,
      "js_divergence": 0.01726161526564984,
      "mean": 5.887905604719764,
      "median": 5.0,
      "std": 4.406933533096549,
      "q10": 1.0,
      "q25": 3.0,
      "q50": 5.0,
      "q75": 8.0,
      "q90": 12.0,
      "iqr": 5.0,
      "concentration": 0.625,
      "mean_shift_sigma": 0.2363153423760867,
      "validation": {
        "status": "invalid",
        "n_test": 213,
        "ks_stat": 0.0776138311349579,
        "ks_p": 0.21712273194149825,
        "test_mean": 6.103286384976526,
        "test_median": 5.0,
        "train_test_mean_diff": 0.215380780256762
      }
    }
  ],
  "task_id": "dlt_P1_D8",
  "lottery": "daletou",
  "elapsed_seconds": 0.2
}