{
  "status": "completed",
  "position": 0,
  "dimensions": [
    "D1",
    "D3",
    "D12"
  ],
  "n_patterns_found": 16,
  "n_validated": 9,
  "n_insufficient": 1,
  "validation_rate": 0.5625,
  "uncond_mean": 5.435806831566549,
  "uncond_std": 4.821886628938159,
  "uncond_iqr": 6.0,
  "patterns": [
    {
      "dimension": "D1_n3_x_D3_x_D12",
      "condition": "((1, -1, 1), np.int64(2), 0)",
      "support": 30,
      "ks_stat": 0.6237926972909305,
      "ks_p": 1.3954006730422576e-11,
      "js_divergence": 0.2800611537281227,
      "mean": 12.333333333333334,
      "median": 13.0,
      "std": 3.9440531887330774,
      "q10": 7.800000000000001,
      "q25": 10.0,
      "q50": 13.0,
      "q75": 15.0,
      "q90": 17.0,
      "iqr": 5.0,
      "concentration": 0.8333333333333334,
      "mean_shift_sigma": 1.4304621888809752,
      "validation": {
        "status": "insufficient",
        "n_test": 8
      }
    },
    {
      "dimension": "D1_n2_x_D3_x_D12",
      "condition": "((1, 1), np.int64(2), 0)",
      "support": 42,
      "ks_stat": 0.5333165068147401,
      "ks_p": 2.139611589870316e-11,
      "js_divergence": 0.24555358177331896,
      "mean": 10.523809523809524,
      "median": 10.5,
      "std": 4.856209060564557,
      "q10": 3.0,
      "q25": 8.0,
      "q50": 10.5,
      "q75": 14.0,
      "q90": 15.899999999999999,
      "iqr": 6.0,
      "concentration": 1.0,
      "mean_shift_sigma": 1.0551891995360783,
      "validation": {
        "status": "valid",
        "n_test": 29,
        "ks_stat": 0.655020373411178,
        "ks_p": 2.2818110528480198e-12,
        "test_mean": 12.068965517241379,
        "test_median": 12.0,
        "train_test_mean_diff": 1.5451559934318553
      }
    },
    {
      "dimension": "D1_n2_x_D3_x_D12",
      "condition": "((-1, 1), np.int64(2), 0)",
      "support": 47,
      "ks_stat": 0.5535799313334837,
      "ks_p": 1.1262082667260855e-13,
      "js_divergence": 0.21232535581792863,
      "mean": 11.702127659574469,
      "median": 13.0,
      "std": 4.222104414368585,
      "q10": 5.6000000000000005,
      "q25": 8.5,
      "q50": 13.0,
      "q75": 15.0,
      "q90": 17.0,
      "iqr": 6.5,
      "concentration": 1.0833333333333333,
      "mean_shift_sigma": 1.2995578930456613,
      "validation": {
        "status": "valid",
        "n_test": 19,
        "ks_stat": 0.566091153810452,
        "ks_p": 3.563567314129232e-06,
        "test_mean": 10.421052631578947,
        "test_median": 10.0,
        "train_test_mean_diff": 1.2810750279955219
      }
    },
    {
      "dimension": "D1_n1_x_D3_x_D12",
      "condition": "((1,), np.int64(2), 0)",
      "support": 103,
      "ks_stat": 0.5587441536016101,
      "ks_p": 6.012692439299253e-29,
      "js_divergence": 0.20067115231296156,
      "mean": 11.262135922330097,
      "median": 12.0,
      "std": 4.560193244603463,
      "q10": 4.200000000000001,
      "q25": 8.0,
      "q50": 12.0,
      "q75": 15.0,
      "q90": 17.0,
      "iqr": 7.0,
      "concentration": 1.1666666666666667,
      "mean_shift_sigma": 1.2083090165988786,
      "validation": {
        "status": "valid",
        "n_test": 55,
        "ks_stat": 0.6148949815616482,
        "ks_p": 1.6553834207313923e-19,
        "test_mean": 11.6,
        "test_median": 13.0,
        "train_test_mean_diff": 0.33786407766990223
      }
    },
    {
      "dimension": "D1_n4_x_D3_x_D12",
      "condition": "((-1, 1, -1, -1), 0, 0)",
      "support": 36,
      "ks_stat": 0.2722811150372988,
      "ks_p": 0.008445433719879781,
      "js_divergence": 0.113051254103422,
      "mean": 3.4166666666666665,
      "median": 3.0,
      "std": 2.966245288426281,
      "q10": 1.0,
      "q25": 1.0,
      "q50": 3.0,
      "q75": 4.25,
      "q90": 5.5,
      "iqr": 3.25,
      "concentration": 0.5416666666666666,
      "mean_shift_sigma": 0.4187448441409174,
      "validation": {
        "status": "invalid",
        "n_test": 22,
        "ks_stat": 0.20739137405804073,
        "ks_p": 0.2711861206122715,
        "test_mean": 3.5454545454545454,
        "test_median": 2.0,
        "train_test_mean_diff": 0.1287878787878789
      }
    },
    {
      "dimension": "D1_n3_x_D3_x_D12",
      "condition": "((-1, -1, 1), 0, 0)",
      "support": 43,
      "ks_stat": 0.24888377571424658,
      "ks_p": 0.008953276114881357,
      "js_divergence": 0.10727675293077887,
      "mean": 3.9069767441860463,
      "median": 3.0,
      "std": 4.445085886047972,
      "q10": 0.20000000000000018,
      "q25": 1.0,
      "q50": 3.0,
      "q75": 4.0,
      "q90": 10.0,
      "iqr": 3.0,
      "concentration": 0.5,
      "mean_shift_sigma": 0.31706056260330845,
      "validation": {
        "status": "invalid",
        "n_test": 27,
        "ks_stat": 0.1931216931216931,
        "ks_p": 0.24701498655935944,
        "test_mean": 3.7777777777777777,
        "test_median": 3.0,
        "train_test_mean_diff": 0.12919896640826867
      }
    },
    {
      "dimension": "D1_n3_x_D3_x_D12",
      "condition": "((1, -1, -1), 0, 0)",
      "support": 58,
      "ks_stat": 0.27994395028634095,
      "ks_p": 0.0002221942605864006,
      "js_divergence": 0.09301803486429767,
      "mean": 3.206896551724138,
      "median": 3.0,
      "std": 2.714956154403407,
      "q10": 1.0,
      "q25": 1.0,
      "q50": 3.0,
      "q75": 4.0,
      "q90": 5.300000000000004,
      "iqr": 3.0,
      "concentration": 0.5,
      "mean_shift_sigma": 0.46224858678049136,
      "validation": {
        "status": "invalid",
        "n_test": 38,
        "ks_stat": 0.18346792908196416,
        "ks_p": 0.14779723255942842,
        "test_mean": 3.789473684210526,
        "test_median": 2.5,
        "train_test_mean_diff": 0.5825771324863882
      }
    },
    {
      "dimension": "D1_n4_x_D3_x_D12",
      "condition": "((-1, 1, -1, 1), np.int64(1), 0)",
      "support": 54,
      "ks_stat": 0.3017929590367753,
      "ks_p": 0.0001006099146635002,
      "js_divergence": 0.09193436766797425,
      "mean": 6.555555555555555,
      "median": 6.5,
      "std": 3.364667539939272,
      "q10": 1.0,
      "q25": 5.0,
      "q50": 6.5,
      "q75": 9.0,
      "q90": 11.0,
      "iqr": 4.0,
      "concentration": 0.6666666666666666,
      "mean_shift_sigma": 0.23222211763937492,
      "validation": {
        "status": "valid",
        "n_test": 29,
        "ks_stat": 0.44812382168704007,
        "ks_p": 1.0813857741220205e-05,
        "test_mean": 7.413793103448276,
        "test_median": 8.0,
        "train_test_mean_diff": 0.8582375478927204
      }
    },
    {
      "dimension": "D1_n1_x_D3_x_D12",
      "condition": "((1,), np.int64(1), 1)",
      "support": 63,
      "ks_stat": 0.2071344438835605,
      "ks_p": 0.009160261676318102,
      "js_divergence": 0.08829750406781489,
      "mean": 6.126984126984127,
      "median": 6.0,
      "std": 2.9999580076006223,
      "q10": 2.0,
      "q25": 4.0,
      "q50": 6.0,
      "q75": 8.5,
      "q90": 9.800000000000004,
      "iqr": 4.5,
      "concentration": 0.75,
      "mean_shift_sigma": 0.1433416727945311,
      "validation": {
        "status": "invalid",
        "n_test": 45,
        "ks_stat": 0.1349206349206349,
        "ks_p": 0.37584649186539915,
        "test_mean": 4.977777777777778,
        "test_median": 5.0,
        "train_test_mean_diff": 1.1492063492063496
      }
    },
    {
      "dimension": "D1_n3_x_D3_x_D12",
      "condition": "((1, -1, 1), np.int64(1), 0)",
      "support": 86,
      "ks_stat": 0.23948831730900924,
      "ks_p": 0.00012903435446254697,
      "js_divergence": 0.05929363989152968,
      "mean": 6.232558139534884,
      "median": 6.0,
      "std": 3.371130576364384,
      "q10": 1.0,
      "q25": 4.0,
      "q50": 6.0,
      "q75": 8.0,
      "q90": 11.0,
      "iqr": 4.0,
      "concentration": 0.6666666666666666,
      "mean_shift_sigma": 0.1652364249268527,
      "validation": {
        "status": "valid",
        "n_test": 45,
        "ks_stat": 0.32398589065255734,