{
  "status": "completed",
  "position": 1,
  "dimensions": [
    "D1",
    "D3"
  ],
  "n_patterns_found": 10,
  "n_validated": 6,
  "n_insufficient": 3,
  "validation_rate": 0.6,
  "uncond_mean": 7.1643109540636045,
  "uncond_std": 5.401280071407682,
  "uncond_iqr": 8.0,
  "patterns": [
    {
      "dimension": "D1_n5_x_D3",
      "condition": "((-1, 1, -1, 1, 1), np.int64(3))",
      "support": 21,
      "ks_stat": 0.5074036681810533,
      "ks_p": 1.801596315002101e-05,
      "js_divergence": 0.22322603694158855,
      "mean": 13.666666666666666,
      "median": 14.0,
      "std": 5.617433182117572,
      "q10": 5.0,
      "q25": 11.0,
      "q50": 14.0,
      "q75": 18.0,
      "q90": 20.0,
      "iqr": 7.0,
      "concentration": 0.875,
      "mean_shift_sigma": 1.203854572738054,
      "validation": {
        "status": "insufficient",
        "n_test": 6
      }
    },
    {
      "dimension": "D1_n1_x_D3",
      "condition": "((1,), np.int64(4))",
      "support": 20,
      "ks_stat": 0.5353356890459364,
      "ks_p": 8.137131424768824e-06,
      "js_divergence": 0.20448859578634984,
      "mean": 15.85,
      "median": 16.5,
      "std": 6.574762353119692,
      "q10": 7.0,
      "q25": 8.75,
      "q50": 16.5,
      "q75": 20.5,
      "q90": 23.200000000000003,
      "iqr": 11.75,
      "concentration": 1.46875,
      "mean_shift_sigma": 1.6080797387114072,
      "validation": {
        "status": "insufficient",
        "n_test": 1
      }
    },
    {
      "dimension": "D1_n4_x_D3",
      "condition": "((-1, -1, -1, 1), np.int64(1))",
      "support": 25,
      "ks_stat": 0.32895170789163725,
      "ks_p": 0.007086195624415955,
      "js_divergence": 0.1288221961913444,
      "mean": 4.24,
      "median": 3.0,
      "std": 3.7659527347007424,
      "q10": 1.0,
      "q25": 2.0,
      "q50": 3.0,
      "q75": 5.0,
      "q90": 9.0,
      "iqr": 3.0,
      "concentration": 0.375,
      "mean_shift_sigma": 0.5414107240140706,
      "validation": {
        "status": "insufficient",
        "n_test": 9
      }
    },
    {
      "dimension": "D1_n3_x_D3",
      "condition": "((-1, -1, 1), np.int64(1))",
      "support": 74,
      "ks_stat": 0.25760035654028585,
      "ks_p": 0.0001227095738575978,
      "js_divergence": 0.08243961067116275,
      "mean": 4.9324324324324325,
      "median": 4.0,
      "std": 4.539112548937414,
      "q10": 1.0,
      "q25": 2.0,
      "q50": 4.0,
      "q75": 7.0,
      "q90": 10.400000000000006,
      "iqr": 5.0,
      "concentration": 0.625,
      "mean_shift_sigma": 0.41321288511697185,
      "validation": {
        "status": "invalid",
        "n_test": 58,
        "ks_stat": 0.09523809523809523,
        "ks_p": 0.6617883099536472,
        "test_mean": 5.931034482758621,
        "test_median": 6.0,
        "train_test_mean_diff": 0.9986020503261885
      }
    },
    {
      "dimension": "D1_n2_x_D3",
      "condition": "((-1, 1), np.int64(1))",
      "support": 210,
      "ks_stat": 0.18059902406192158,
      "ks_p": 8.322072439371807e-06,
      "js_divergence": 0.03359018055416015,
      "mean": 5.223809523809524,
      "median": 4.0,
      "std": 4.200045891121708,
      "q10": 1.0,
      "q25": 2.0,
      "q50": 4.0,
      "q75": 7.0,
      "q90": 11.0,
      "iqr": 5.0,
      "concentration": 0.625,
      "mean_shift_sigma": 0.3592669523890004,
      "validation": {
        "status": "valid",
        "n_test": 160,
        "ks_stat": 0.14507275132275133,
        "ks_p": 0.004833295698317191,
        "test_mean": 5.175,
        "test_median": 4.5,
        "train_test_mean_diff": 0.04880952380952408
      }
    },
    {
      "dimension": "D1_n3_x_D3",
      "condition": "((1, -1, 1), np.int64(1))",
      "support": 127,
      "ks_stat": 0.18586479693571872,
      "ks_p": 0.00047726904932528783,
      "js_divergence": 0.031178797324451425,
      "mean": 5.433070866141732,
      "median": 5.0,
      "std": 3.9893372669684943,
      "q10": 1.0,
      "q25": 3.0,
      "q50": 5.0,
      "q75": 7.0,
      "q90": 11.0,
      "iqr": 4.0,
      "concentration": 0.5,
      "mean_shift_sigma": 0.32052403597554535,
      "validation": {
        "status": "valid",
        "n_test": 95,
        "ks_stat": 0.18761719112596306,
        "ks_p": 0.003545527534921157,
        "test_mean": 4.810526315789474,
        "test_median": 4.0,
        "train_test_mean_diff": 0.6225445503522584
      }
    },
    {
      "dimension": "D1_n3_x_D3",
      "condition": "((-1, 1, -1), np.int64(1))",
      "support": 163,
      "ks_stat": 0.14456921531646758,
      "ks_p": 0.003530229717295738,
      "js_divergence": 0.029084140049757803,
      "mean": 5.6503067484662575,
      "median": 5.0,
      "std": 4.250635091243603,
      "q10": 1.0,
      "q25": 2.0,
      "q50": 5.0,
      "q75": 8.0,
      "q90": 11.0,
      "iqr": 6.0,
      "concentration": 0.75,
      "mean_shift_sigma": 0.2803047028818054,
      "validation": {
        "status": "valid",
        "n_test": 99,
        "ks_stat": 0.16041366041366042,
        "ks_p": 0.01625011431280809,
        "test_mean": 5.383838383838384,
        "test_median": 5.0,
        "train_test_mean_diff": 0.2664683646278734
      }
    },
    {
      "dimension": "D1_n1_x_D3",
      "condition": "((1,), np.int64(1))",
      "support": 278,
      "ks_stat": 0.17561922193693807,
      "ks_p": 6.468806541461187e-07,
      "js_divergence": 0.028395182306432162,
      "mean": 5.276978417266187,
      "median": 4.0,
      "std": 4.170672125443506,
      "q10": 1.0,
      "q25": 2.0,
      "q50": 4.0,
      "q75": 7.0,
      "q90": 11.0,
      "iqr": 5.0,
      "concentration": 0.625,
      "mean_shift_sigma": 0.3494231944735169,
      "validation": {
        "status": "valid",
        "n_test": 224,
        "ks_stat": 0.13525132275132276,
        "ks_p": 0.001896677687715295,
        "test_mean": 5.245535714285714,
        "test_median": 5.0,
        "train_test_mean_diff": 0.03144270298047225
      }
    },
    {
      "dimension": "D1_n2_x_D3",
      "condition": "((1, -1), np.int64(1))",
      "support": 245,
      "ks_stat": 0.14101343717699094,
      "ks_p": 0.0003519588562722464,
      "js_divergence": 0.02682763308143581,
      "mean": 5.526530612244898,
      "median": 5.0,
      "std": 4.219042134747789,
      "q10": 1.0,
      "q25": 2.0,
      "q50": 5.0,
      "q75": 8.0,
      "q90": 11.0,
      "iqr": 6.0,
      "concentration": 0.75,
      "mean_shift_sigma": 0.30322077732804337,
      "validation": {
        "status": "valid",
        "n_test": 166,
        "ks_stat": 0.1573064745755509,
        "ks_p": 0.0013401786632194043,
        "test_mean": 5.0602409638554215,
        "test_median": 5.0,
        "train_test_mean_diff": 0.46628964838947606
      }
    },
    {
      "dimension": "D1_n1_x_D3",
      "condition": "((-1,), np.int64(1))",
      "support": 361,
      "ks_stat": 0.1279996998260949,
      "ks_p": 0.00010277523609534384,
      "js_divergence": 0.02093132036692401,
      "mean": 5.634349030470914,
      "median": 5.0,
      "std": 4.183377630450465,
      "q10": 1.0,
      "q25": 2.0,
      "q50": 5.0,
      "q75": 8.0,
      "q90": 12.0,
      "iqr": 6.0,
      "concentration": 0.75,
      "mean_shift_sigma": 0.28325913549488496,
      "validation": {
        "status": "valid",
        "n_test": 217,
        "ks_stat": 0.15574330090459124,
        "ks_p": 0.00025066286417158934,
        "test_mean": 5.175115207373272,
        "test_median": 5.0,
        "train_test_mean_diff": 0.4592338230976418
      }
    }
  ],
  "task_id": "dlt_P1_D1_x_D3",
  "lottery": "daletou",
  "elapsed_seconds": 0.2
}