{
  "status": "completed",
  "position": 1,
  "dimensions": [
    "D1",
    "D3",
    "D12"
  ],
  "n_patterns_found": 7,
  "n_validated": 4,
  "n_insufficient": 0,
  "validation_rate": 0.5714285714285714,
  "uncond_mean": 7.1643109540636045,
  "uncond_std": 5.401280071407682,
  "uncond_iqr": 8.0,
  "patterns": [
    {
      "dimension": "D1_n3_x_D3_x_D12",
      "condition": "((-1, 1, 1), np.int64(3), 0)",
      "support": 38,
      "ks_stat": 0.43937139668960384,
      "ks_p": 4.805702944046054e-07,
      "js_divergence": 0.14499676296502517,
      "mean": 12.605263157894736,
      "median": 14.0,
      "std": 5.900666660302976,
      "q10": 4.0,
      "q25": 7.25,
      "q50": 14.0,
      "q75": 17.0,
      "q90": 19.300000000000004,
      "iqr": 9.75,
      "concentration": 1.21875,
      "mean_shift_sigma": 1.0073449500671996,
      "validation": {
        "status": "valid",
        "n_test": 18,
        "ks_stat": 0.5158730158730159,
        "ks_p": 6.775211582133992e-05,
        "test_mean": 13.5,
        "test_median": 15.5,
        "train_test_mean_diff": 0.8947368421052637
      }
    },
    {
      "dimension": "D1_n2_x_D3_x_D12",
      "condition": "((-1, -1), np.int64(1), 1)",
      "support": 32,
      "ks_stat": 0.3128680800942285,
      "ks_p": 0.003140470886316445,
      "js_divergence": 0.11832346990147041,
      "mean": 4.65625,
      "median": 3.0,
      "std": 3.662388010233214,
      "q10": 1.1,
      "q25": 2.0,
      "q50": 3.0,
      "q75": 6.0,
      "q90": 11.0,
      "iqr": 4.0,
      "concentration": 0.5,
      "mean_shift_sigma": 0.4643456589744944,
      "validation": {
        "status": "invalid",
        "n_test": 11,
        "ks_stat": 0.16201699535032868,
        "ks_p": 0.8941609560235502,
        "test_mean": 5.7272727272727275,
        "test_median": 5.0,
        "train_test_mean_diff": 1.0710227272727275
      }
    },
    {
      "dimension": "D1_n2_x_D3_x_D12",
      "condition": "((-1, 1), np.int64(1), 1)",
      "support": 75,
      "ks_stat": 0.2246643109540636,
      "ks_p": 0.0011455831950384929,
      "js_divergence": 0.05938908407006956,
      "mean": 4.946666666666666,
      "median": 4.0,
      "std": 4.137288430307411,
      "q10": 1.0,
      "q25": 2.0,
      "q50": 4.0,
      "q75": 6.0,
      "q90": 10.0,
      "iqr": 4.0,
      "concentration": 0.5,
      "mean_shift_sigma": 0.4105775405234588,
      "validation": {
        "status": "invalid",
        "n_test": 50,
        "ks_stat": 0.1313227513227513,
        "ks_p": 0.34884924068658846,
        "test_mean": 5.46,
        "test_median": 4.0,
        "train_test_mean_diff": 0.5133333333333336
      }
    },
    {
      "dimension": "D1_n1_x_D3_x_D12",
      "condition": "((1,), np.int64(1), 1)",
      "support": 96,
      "ks_stat": 0.19383097762073026,
      "ks_p": 0.0018212491462862815,
      "js_divergence": 0.04707299346746926,
      "mean": 5.1875,
      "median": 4.0,
      "std": 4.366807806243213,
      "q10": 1.0,
      "q25": 2.0,
      "q50": 4.0,
      "q75": 7.0,
      "q90": 11.5,
      "iqr": 5.0,
      "concentration": 0.625,
      "mean_shift_sigma": 0.365989344734795,
      "validation": {
        "status": "invalid",
        "n_test": 76,
        "ks_stat": 0.14605959342801447,
        "ks_p": 0.08600643025066963,
        "test_mean": 5.118421052631579,
        "test_median": 4.0,
        "train_test_mean_diff": 0.06907894736842124
      }
    },
    {
      "dimension": "D1_n2_x_D3_x_D12",
      "condition": "((-1, 1), np.int64(1), 0)",
      "support": 119,
      "ks_stat": 0.1716354386277479,
      "ks_p": 0.0024586235636498417,
      "js_divergence": 0.04697903641208123,
      "mean": 5.470588235294118,
      "median": 4.0,
      "std": 4.246250999780736,
      "q10": 1.0,
      "q25": 3.0,
      "q50": 4.0,
      "q75": 7.0,
      "q90": 12.0,
      "iqr": 4.0,
      "concentration": 0.5,
      "mean_shift_sigma": 0.31357802157592407,
      "validation": {
        "status": "valid",
        "n_test": 96,
        "ks_stat": 0.16809964726631393,
        "ks_p": 0.011736091803792932,
        "test_mean": 5.03125,
        "test_median": 4.5,
        "train_test_mean_diff": 0.43933823529411775
      }
    },
    {
      "dimension": "D1_n1_x_D3_x_D12",
      "condition": "((1,), np.int64(1), 0)",
      "support": 165,
      "ks_stat": 0.171934896669879,
      "ks_p": 0.0002331726141315123,
      "js_divergence": 0.03341037442919856,
      "mean": 5.387878787878788,
      "median": 4.0,
      "std": 4.074440476608885,
      "q10": 1.0,
      "q25": 3.0,
      "q50": 4.0,
      "q75": 7.0,
      "q90": 11.0,
      "iqr": 4.0,
      "concentration": 0.5,
      "mean_shift_sigma": 0.3288909559770047,
      "validation": {
        "status": "valid",
        "n_test": 130,
        "ks_stat": 0.12931759598426265,
        "ks_p": 0.036593043106809296,
        "test_mean": 5.323076923076923,
        "test_median": 5.0,
        "train_test_mean_diff": 0.0648018648018649
      }
    },
    {
      "dimension": "D1_n1_x_D3_x_D12",
      "condition": "((-1,), np.int64(1), 0)",
      "support": 202,
      "ks_stat": 0.134911194299642,
      "ks_p": 0.0024956768028865602,
      "js_divergence": 0.028963669782845404,
      "mean": 5.702970297029703,
      "median": 5.0,
      "std": 4.213473331346624,
      "q10": 1.0,
      "q25": 2.25,
      "q50": 5.0,
      "q75": 8.0,
      "q90": 13.0,
      "iqr": 5.75,
      "concentration": 0.71875,
      "mean_shift_sigma": 0.2705545051754828,
      "validation": {
        "status": "valid",
        "n_test": 126,
        "ks_stat": 0.17901234567901234,
        "ks_p": 0.0012264172768509665,
        "test_mean": 5.0476190476190474,
        "test_median": 4.0,
        "train_test_mean_diff": 0.6553512494106553
      }
    }
  ],
  "task_id": "dlt_P1_D1_x_D3_x_D12",
  "lottery": "daletou",
  "elapsed_seconds": 0.2
}