{
  "status": "completed",
  "position": 4,
  "dimensions": [
    "D1",
    "D7"
  ],
  "n_patterns_found": 19,
  "n_validated": 14,
  "n_insufficient": 3,
  "validation_rate": 0.7368421052631579,
  "uncond_mean": 4.479387514723204,
  "uncond_std": 4.082466932651478,
  "uncond_iqr": 6.0,
  "patterns": [
    {
      "dimension": "D1_n5_x_D7",
      "condition": "((1, -1, 1, -1, -1), (1, 1))",
      "support": 25,
      "ks_stat": 0.4889517078916372,
      "ks_p": 6.014339568356332e-06,
      "js_divergence": 0.18423853334244078,
      "mean": 7.8,
      "median": 8.0,
      "std": 3.2496153618543846,
      "q10": 3.8000000000000007,
      "q25": 6.0,
      "q50": 8.0,
      "q75": 10.0,
      "q90": 11.600000000000001,
      "iqr": 4.0,
      "concentration": 0.6666666666666666,
      "mean_shift_sigma": 0.813383804463574,
      "validation": {
        "status": "valid",
        "n_test": 22,
        "ks_stat": 0.4429212762546096,
        "ks_p": 0.00022590126159099938,
        "test_mean": 9.045454545454545,
        "test_median": 9.5,
        "train_test_mean_diff": 1.2454545454545451
      }
    },
    {
      "dimension": "D1_n4_x_D7",
      "condition": "((1, -1, -1, -1), (1, 1))",
      "support": 20,
      "ks_stat": 0.5089517078916372,
      "ks_p": 2.8777461737949165e-05,
      "js_divergence": 0.13842463304565575,
      "mean": 9.2,
      "median": 8.5,
      "std": 4.08166632639171,
      "q10": 4.800000000000001,
      "q25": 6.75,
      "q50": 8.5,
      "q75": 12.0,
      "q90": 15.100000000000001,
      "iqr": 5.25,
      "concentration": 0.875,
      "mean_shift_sigma": 1.1563137101053884,
      "validation": {
        "status": "insufficient",
        "n_test": 7
      }
    },
    {
      "dimension": "D1_n1_x_D7",
      "condition": "((-1,), (1, -1))",
      "support": 46,
      "ks_stat": 0.30409177036923235,
      "ks_p": 0.0003584699063306751,
      "js_divergence": 0.11314824977328168,
      "mean": 2.630434782608696,
      "median": 2.0,
      "std": 2.278049276599665,
      "q10": 1.0,
      "q25": 1.0,
      "q50": 2.0,
      "q75": 3.0,
      "q90": 4.0,
      "iqr": 2.0,
      "concentration": 0.3333333333333333,
      "mean_shift_sigma": 0.4529008471144312,
      "validation": {
        "status": "valid",
        "n_test": 34,
        "ks_stat": 0.3298059964726631,
        "ks_p": 0.0010622968559848337,
        "test_mean": 2.823529411764706,
        "test_median": 3.0,
        "train_test_mean_diff": 0.19309462915601028
      }
    },
    {
      "dimension": "D1_n3_x_D7",
      "condition": "((-1, -1, -1), (1, 1))",
      "support": 26,
      "ks_stat": 0.45510555404548336,
      "ks_p": 2.3093298903417568e-05,
      "js_divergence": 0.09565955020848799,
      "mean": 8.615384615384615,
      "median": 8.0,
      "std": 4.105127404346565,
      "q10": 3.5,
      "q25": 5.25,
      "q50": 8.0,
      "q75": 11.75,
      "q90": 14.5,
      "iqr": 6.5,
      "concentration": 1.0833333333333333,
      "mean_shift_sigma": 1.0131122110461692,
      "validation": {
        "status": "valid",
        "n_test": 13,
        "ks_stat": 0.5346628679962013,
        "ks_p": 0.0005883329120627358,
        "test_mean": 10.076923076923077,
        "test_median": 10.0,
        "train_test_mean_diff": 1.4615384615384617
      }
    },
    {
      "dimension": "D1_n1_x_D7",
      "condition": "((1,), (-1, 1))",
      "support": 67,
      "ks_stat": 0.29838440307297437,
      "ks_p": 1.3919239172050781e-05,
      "js_divergence": 0.06311817600449457,
      "mean": 2.388059701492537,
      "median": 2.0,
      "std": 1.4553578200894215,
      "q10": 1.0,
      "q25": 1.0,
      "q50": 2.0,
      "q75": 3.0,
      "q90": 5.0,
      "iqr": 2.0,
      "concentration": 0.3333333333333333,
      "mean_shift_sigma": 0.5122706068980679,
      "validation": {
        "status": "valid",
        "n_test": 52,
        "ks_stat": 0.27594627594627597,
        "ks_p": 0.0007718576711937975,
        "test_mean": 2.8846153846153846,
        "test_median": 2.0,
        "train_test_mean_diff": 0.4965556831228475
      }
    },
    {
      "dimension": "D1_n2_x_D7",
      "condition": "((-1, 1), (-1, 1))",
      "support": 48,
      "ks_stat": 0.2924764428739694,
      "ks_p": 0.0004951561989684666,
      "js_divergence": 0.055876881537976285,
      "mean": 2.4583333333333335,
      "median": 2.0,
      "std": 1.5540046832476264,
      "q10": 1.0,
      "q25": 1.0,
      "q50": 2.0,
      "q75": 3.25,
      "q90": 5.0,
      "iqr": 2.25,
      "concentration": 0.375,
      "mean_shift_sigma": 0.4950570855150166,
      "validation": {
        "status": "valid",
        "n_test": 37,
        "ks_stat": 0.3091424758091425,
        "ks_p": 0.0015398625098743334,
        "test_mean": 2.918918918918919,
        "test_median": 2.0,
        "train_test_mean_diff": 0.4605855855855854
      }
    },
    {
      "dimension": "D1_n1_x_D7",
      "condition": "((1,), (1, 1))",
      "support": 143,
      "ks_stat": 0.20923011029018096,
      "ks_p": 1.5264438234579425e-05,
      "js_divergence": 0.04376046689386584,
      "mean": 2.993006993006993,
      "median": 2.0,
      "std": 2.2855474883776576,
      "q10": 1.0,
      "q25": 1.0,
      "q50": 2.0,
      "q75": 4.0,
      "q90": 6.0,
      "iqr": 3.0,
      "concentration": 0.5,
      "mean_shift_sigma": 0.3640888086142653,
      "validation": {
        "status": "valid",
        "n_test": 93,
        "ks_stat": 0.21152642658019002,
        "ks_p": 0.0007447270830553143,
        "test_mean": 3.5268817204301075,
        "test_median": 3.0,
        "train_test_mean_diff": 0.5338747274231146
      }
    },
    {
      "dimension": "D1_n2_x_D7",
      "condition": "((-1, 1), (1, 1))",
      "support": 112,
      "ks_stat": 0.15890543496550563,
      "ks_p": 0.008715377380200735,
      "js_divergence": 0.03280416965820282,
      "mean": 3.2589285714285716,
      "median": 2.0,
      "std": 2.4703438732372494,
      "q10": 1.0,
      "q25": 1.0,
      "q50": 2.0,
      "q75": 4.0,
      "q90": 6.900000000000006,
      "iqr": 3.0,
      "concentration": 0.5,
      "mean_shift_sigma": 0.2989513359026693,
      "validation": {
        "status": "valid",
        "n_test": 76,
        "ks_stat": 0.19592963891209506,
        "ks_p": 0.007141204256937698,
        "test_mean": 3.6052631578947367,
        "test_median": 3.0,
        "train_test_mean_diff": 0.3463345864661651
      }
    },
    {
      "dimension": "D1_n3_x_D7",
      "condition": "((-1, 1, 1), (1, 1))",
      "support": 20,
      "ks_stat": 0.4317432273262662,
      "ks_p": 0.0007299620517756219,
      "js_divergence": 0.029190823046263654,
      "mean": 2.15,
      "median": 2.0,
      "std": 0.9096702699330126,
      "q10": 1.0,
      "q25": 1.0,
      "q50": 2.0,
      "q75": 3.0,
      "q90": 3.0,
      "iqr": 2.0,
      "concentration": 0.3333333333333333,
      "mean_shift_sigma": 0.5705833147337497,
      "validation": {
        "status": "invalid",
        "n_test": 11,
        "ks_stat": 0.3298059964726631,
        "ks_p": 0.1472956584524574,
        "test_mean": 2.909090909090909,
        "test_median": 2.0,
        "train_test_mean_diff": 0.7590909090909093
      }
    },
    {
      "dimension": "D1_n2_x_D7",
      "condition": "((1, 1), (1, 1))",
      "support": 24,
      "ks_stat": 0.44007656065959955,
      "ks_p": 0.00010922497452249824,
      "js_divergence": 0.029104075892532204,
      "mean": 2.0,
      "median": 2.0,
      "std": 0.9128709291752769,
      "q10": 1.0,
      "q25": 1.0,
      "q50": 2.0,
      "q75": 3.0,
      "q90": 3.0,
      "iqr": 2.0,
      "concentration": 0.3333333333333333,
      "mean_shift_sigma": 0.607325804623944,
      "validation": {
        "status": "invalid",
        "n_test": 13,
        "ks_stat": 0.3528015194681861,
        "ks_p": 0.06172083564529392,
        "test_mean": 2.6153846153846154,
        "test_median": 2.0,