{
  "status": "completed",
  "position": 4,
  "dimensions": [
    "D1"
  ],
  "n_patterns_found": 6,
  "n_validated": 2,
  "n_insufficient": 0,
  "validation_rate": 0.3333333333333333,
  "uncond_mean": 4.479387514723204,
  "uncond_std": 4.082466932651478,
  "uncond_iqr": 6.0,
  "patterns": [
    {
      "dimension": "D1_n5",
      "condition": "(-1, -1, 1, -1, -1)",
      "support": 26,
      "ks_stat": 0.4166440155839449,
      "ks_p": 0.0001540348149337576,
      "js_divergence": 0.19662114807543074,
      "mean": 7.538461538461538,
      "median": 6.0,
      "std": 4.885069633633055,
      "q10": 2.0,
      "q25": 5.0,
      "q50": 6.0,
      "q75": 9.75,
      "q90": 15.5,
      "iqr": 4.75,
      "concentration": 0.7916666666666666,
      "mean_shift_sigma": 0.7493199759370811,
      "validation": {
        "status": "invalid",
        "n_test": 18,
        "ks_stat": 0.281305114638448,
        "ks_p": 0.09928619477220962,
        "test_mean": 7.833333333333333,
        "test_median": 7.0,
        "train_test_mean_diff": 0.2948717948717947
      }
    },
    {
      "dimension": "D1_n5",
      "condition": "(1, -1, 1, -1, -1)",
      "support": 37,
      "ks_stat": 0.38939292649539997,
      "ks_p": 1.876594052176699e-05,
      "js_divergence": 0.090032574999274,
      "mean": 7.216216216216216,
      "median": 7.0,
      "std": 3.735405004526971,
      "q10": 2.0,
      "q25": 5.0,
      "q50": 7.0,
      "q75": 9.0,
      "q90": 12.0,
      "iqr": 4.0,
      "concentration": 0.6666666666666666,
      "mean_shift_sigma": 0.6703860059720064,
      "validation": {
        "status": "valid",
        "n_test": 33,
        "ks_stat": 0.24595157928491262,
        "ks_p": 0.03402085423841589,
        "test_mean": 7.515151515151516,
        "test_median": 7.0,
        "train_test_mean_diff": 0.2989352989352998
      }
    },
    {
      "dimension": "D1_n5",
      "condition": "(1, -1, 1, 1, -1)",
      "support": 50,
      "ks_stat": 0.23460541813898705,
      "ks_p": 0.007792568918166723,
      "js_divergence": 0.06670173842569138,
      "mean": 5.64,
      "median": 5.0,
      "std": 3.7081531791445723,
      "q10": 1.9000000000000004,
      "q25": 3.0,
      "q50": 5.0,
      "q75": 7.0,
      "q90": 11.0,
      "iqr": 4.0,
      "concentration": 0.6666666666666666,
      "mean_shift_sigma": 0.2842919500447741,
      "validation": {
        "status": "invalid",
        "n_test": 51,
        "ks_stat": 0.0825293080195041,
        "ks_p": 0.8654331586708999,
        "test_mean": 5.117647058823529,
        "test_median": 4.0,
        "train_test_mean_diff": 0.5223529411764707
      }
    },
    {
      "dimension": "D1_n5",
      "condition": "(-1, -1, 1, -1, 1)",
      "support": 52,
      "ks_stat": 0.2392407357071668,
      "ks_p": 0.005013638878936298,
      "js_divergence": 0.05677899338569843,
      "mean": 2.8461538461538463,
      "median": 2.0,
      "std": 3.1646157585729555,
      "q10": 0.0,
      "q25": 1.0,
      "q50": 2.0,
      "q75": 4.0,
      "q90": 6.899999999999999,
      "iqr": 3.0,
      "concentration": 0.5,
      "mean_shift_sigma": 0.40006047703823183,
      "validation": {
        "status": "invalid",
        "n_test": 42,
        "ks_stat": 0.20282186948853614,
        "ks_p": 0.062243050876878196,
        "test_mean": 3.738095238095238,
        "test_median": 3.0,
        "train_test_mean_diff": 0.8919413919413919
      }
    },
    {
      "dimension": "D1_n2",
      "condition": "(-1, 1)",
      "support": 489,
      "ks_stat": 0.08846206652358965,
      "ks_p": 0.004872698070423406,
      "js_divergence": 0.011820667589089773,
      "mean": 3.668711656441718,
      "median": 2.0,
      "std": 3.690016179309456,
      "q10": 0.0,
      "q25": 1.0,
      "q50": 2.0,
      "q75": 5.0,
      "q90": 9.0,
      "iqr": 4.0,
      "concentration": 0.6666666666666666,
      "mean_shift_sigma": 0.19857499684754787,
      "validation": {
        "status": "valid",
        "n_test": 351,
        "ks_stat": 0.08933658933658933,
        "ks_p": 0.02582765692818222,
        "test_mean": 4.672364672364672,
        "test_median": 3.0,
        "train_test_mean_diff": 1.0036530159229544
      }
    },
    {
      "dimension": "D1_n1",
      "condition": "(1,)",
      "support": 760,
      "ks_stat": 0.08802616080838138,
      "ks_p": 0.000540148561786687,
      "js_divergence": 0.00713423665192987,
      "mean": 3.776315789473684,
      "median": 2.0,
      "std": 3.8116810913797954,
      "q10": 0.0,
      "q25": 1.0,
      "q50": 2.0,
      "q75": 5.0,
      "q90": 9.0,
      "iqr": 4.0,
      "concentration": 0.6666666666666666,
      "mean_shift_sigma": 0.17221737171374685,
      "validation": {
        "status": "invalid",
        "n_test": 530,
        "ks_stat": 0.07014076070679845,
        "ks_p": 0.05390841397613511,
        "test_mean": 4.841509433962264,
        "test_median": 3.5,
        "train_test_mean_diff": 1.0651936444885797
      }
    }
  ],
  "task_id": "dlt_P4_D1",
  "lottery": "daletou",
  "elapsed_seconds": 0.2
}