{
  "status": "completed",
  "position": 0,
  "dimensions": [
    "D1",
    "D4"
  ],
  "n_patterns_found": 9,
  "n_validated": 6,
  "n_insufficient": 0,
  "validation_rate": 0.6666666666666666,
  "uncond_mean": 5.435806831566549,
  "uncond_std": 4.821886628938159,
  "uncond_iqr": 6.0,
  "patterns": [
    {
      "dimension": "D1_n2_x_D4",
      "condition": "((0, 1), (1, np.int64(4)))",
      "support": 24,
      "ks_stat": 0.6404593639575972,
      "ks_p": 5.935360804942933e-10,
      "js_divergence": 0.3133082100663541,
      "mean": 11.708333333333334,
      "median": 11.5,
      "std": 4.945361182180957,
      "q10": 8.0,
      "q25": 8.0,
      "q50": 11.5,
      "q75": 15.25,
      "q90": 18.0,
      "iqr": 7.25,
      "concentration": 1.2083333333333333,
      "mean_shift_sigma": 1.3008448734822444,
      "validation": {
        "status": "valid",
        "n_test": 18,
        "ks_stat": 0.5784832451499118,
        "ks_p": 3.880154039954654e-06,
        "test_mean": 10.444444444444445,
        "test_median": 9.5,
        "train_test_mean_diff": 1.2638888888888893
      }
    },
    {
      "dimension": "D1_n2_x_D4",
      "condition": "((1, 1), (1, np.int64(4)))",
      "support": 44,
      "ks_stat": 0.5624531534425528,
      "ks_p": 2.6968079232548313e-13,
      "js_divergence": 0.1737575715270263,
      "mean": 12.431818181818182,
      "median": 12.5,
      "std": 5.948253094483544,
      "q10": 4.8999999999999995,
      "q25": 8.0,
      "q50": 12.5,
      "q75": 15.25,
      "q90": 21.0,
      "iqr": 7.25,
      "concentration": 1.2083333333333333,
      "mean_shift_sigma": 1.4508867355498658,
      "validation": {
        "status": "valid",
        "n_test": 27,
        "ks_stat": 0.54673721340388,
        "ks_p": 6.72395592647574e-08,
        "test_mean": 11.814814814814815,
        "test_median": 12.0,
        "train_test_mean_diff": 0.6170033670033668
      }
    },
    {
      "dimension": "D1_n3_x_D4",
      "condition": "((-1, 1, 1), (1, np.int64(4)))",
      "support": 33,
      "ks_stat": 0.5245743655637649,
      "ks_p": 8.204538417029764e-09,
      "js_divergence": 0.15604743408707608,
      "mean": 11.575757575757576,
      "median": 12.0,
      "std": 5.651657322121099,
      "q10": 3.2,
      "q25": 8.0,
      "q50": 12.0,
      "q75": 15.0,
      "q90": 18.0,
      "iqr": 7.0,
      "concentration": 1.1666666666666667,
      "mean_shift_sigma": 1.2733502914279682,
      "validation": {
        "status": "valid",
        "n_test": 23,
        "ks_stat": 0.5950463921478414,
        "ks_p": 3.918729341750718e-08,
        "test_mean": 12.521739130434783,
        "test_median": 14.0,
        "train_test_mean_diff": 0.945981554677207
      }
    },
    {
      "dimension": "D1_n3_x_D4",
      "condition": "((-1, -1, 1), (1, np.int64(2)))",
      "support": 30,
      "ks_stat": 0.31672555948174325,
      "ks_p": 0.003969445769417311,
      "js_divergence": 0.1303554875452801,
      "mean": 3.2,
      "median": 2.5,
      "std": 3.3406586176980135,
      "q10": 0.0,
      "q25": 1.0,
      "q50": 2.5,
      "q75": 4.0,
      "q90": 5.0,
      "iqr": 3.0,
      "concentration": 0.5,
      "mean_shift_sigma": 0.46367884681247734,
      "validation": {
        "status": "invalid",
        "n_test": 20,
        "ks_stat": 0.14603174603174604,
        "ks_p": 0.7423145156551703,
        "test_mean": 4.85,
        "test_median": 4.0,
        "train_test_mean_diff": 1.6499999999999995
      }
    },
    {
      "dimension": "D1_n1_x_D4",
      "condition": "((1,), (1, np.int64(4)))",
      "support": 188,
      "ks_stat": 0.44736611282359723,
      "ks_p": 2.84140311121529e-31,
      "js_divergence": 0.1300021161629974,
      "mean": 10.601063829787234,
      "median": 10.0,
      "std": 5.5164549725354295,
      "q10": 3.0,
      "q25": 7.0,
      "q50": 10.0,
      "q75": 14.0,
      "q90": 18.0,
      "iqr": 7.0,
      "concentration": 1.1666666666666667,
      "mean_shift_sigma": 1.0712107927261951,
      "validation": {
        "status": "valid",
        "n_test": 99,
        "ks_stat": 0.4668109668109668,
        "ks_p": 1.243253155992207e-18,
        "test_mean": 9.828282828282829,
        "test_median": 9.0,
        "train_test_mean_diff": 0.7727810015044057
      }
    },
    {
      "dimension": "D1_n4_x_D4",
      "condition": "((1, 1, -1, 1), (1, np.int64(1)))",
      "support": 25,
      "ks_stat": 0.37818610129564195,
      "ks_p": 0.001128089390951695,
      "js_divergence": 0.07328849794144868,
      "mean": 2.32,
      "median": 2.0,
      "std": 1.95386795869117,
      "q10": 0.0,
      "q25": 1.0,
      "q50": 2.0,
      "q75": 4.0,
      "q90": 4.0,
      "iqr": 3.0,
      "concentration": 0.5,
      "mean_shift_sigma": 0.6461800268938903,
      "validation": {
        "status": "invalid",
        "n_test": 17,
        "ks_stat": 0.29027907459280006,
        "ks_p": 0.09595824805682121,
        "test_mean": 3.235294117647059,
        "test_median": 2.0,
        "train_test_mean_diff": 0.915294117647059
      }
    },
    {
      "dimension": "D1_n2_x_D4",
      "condition": "((-1, 1), (1, np.int64(1)))",
      "support": 130,
      "ks_stat": 0.14833741052822325,
      "ks_p": 0.008724427045738697,
      "js_divergence": 0.040561449887346,
      "mean": 4.046153846153846,
      "median": 3.0,
      "std": 3.8667448812058134,
      "q10": 1.0,
      "q25": 1.0,
      "q50": 3.0,
      "q75": 5.0,
      "q90": 9.100000000000009,
      "iqr": 4.0,
      "concentration": 0.6666666666666666,
      "mean_shift_sigma": 0.2881969428880419,
      "validation": {
        "status": "valid",
        "n_test": 89,
        "ks_stat": 0.15265640172007214,
        "ks_p": 0.038000875929395446,
        "test_mean": 4.157303370786517,
        "test_median": 2.0,
        "train_test_mean_diff": 0.1111495246326708
      }
    },
    {
      "dimension": "D1_n2_x_D4",
      "condition": "((-1, 1), (1, np.int64(2)))",
      "support": 103,
      "ks_stat": 0.1892174688668565,
      "ks_p": 0.0016102048914433428,
      "js_divergence": 0.03170443498057309,
      "mean": 3.8446601941747574,
      "median": 3.0,
      "std": 3.4801999762690734,
      "q10": 0.0,
      "q25": 1.0,
      "q50": 3.0,
      "q75": 5.0,
      "q90": 8.799999999999997,
      "iqr": 4.0,
      "concentration": 0.6666666666666666,
      "mean_shift_sigma": 0.3299842488711069,
      "validation": {
        "status": "invalid",
        "n_test": 75,
        "ks_stat": 0.09770723104056438,
        "ks_p": 0.4812173023134968,
        "test_mean": 4.026666666666666,
        "test_median": 3.0,
        "train_test_mean_diff": 0.18200647249190904
      }
    },
    {
      "dimension": "D1_n1_x_D4",
      "condition": "((1,), (1, np.int64(1)))",
      "support": 214,
      "ks_stat": 0.12638288035401737,
      "ks_p": 0.004154314063488206,
      "js_divergence": 0.02351377850771262,
      "mean": 4.228971962616822,
      "median": 3.0,
      "std": 3.787448758995644,
      "q10": 1.0,
      "q25": 1.25,
      "q50": 3.0,
      "q75": 6.0,
      "q90": 9.0,
      "iqr": 4.75,
      "concentration": 0.7916666666666666,
      "mean_shift_sigma": 0.2502827133485483,
      "validation": {
        "status": "valid",
        "n_test": 145,
        "ks_stat": 0.1255731922398589,
        "ks_p": 0.03144300175150924,
        "test_mean": 3.9793103448275864,
        "test_median": 3.0,
        "train_test_mean_diff": 0.2496616177892359
      }
    }
  ],
  "task_id": "dlt_P0_D1_x_D4",
  "lottery": "daletou",
  "elapsed_seconds": 0.2
}