{
  "status": "completed",
  "position": 4,
  "dimensions": [
    "D7",
    "D3"
  ],
  "n_patterns_found": 9,
  "n_validated": 6,
  "n_insufficient": 2,
  "validation_rate": 0.6666666666666666,
  "uncond_mean": 4.479387514723204,
  "uncond_std": 4.082466932651478,
  "uncond_iqr": 6.0,
  "patterns": [
    {
      "dimension": "D7_x_D3",
      "condition": "((1, 1), np.int64(2))",
      "support": 53,
      "ks_stat": 0.6882792186145743,
      "ks_p": 1.2356708241648484e-24,
      "js_divergence": 0.32591954496897824,
      "mean": 13.056603773584905,
      "median": 14.0,
      "std": 4.310649797094785,
      "q10": 6.0,
      "q25": 11.0,
      "q50": 14.0,
      "q75": 16.0,
      "q90": 17.800000000000004,
      "iqr": 5.0,
      "concentration": 0.8333333333333334,
      "mean_shift_sigma": 2.100988544514916,
      "validation": {
        "status": "valid",
        "n_test": 79,
        "ks_stat": 0.6471546893487822,
        "ks_p": 1.8889682099341305e-30,
        "test_mean": 12.835443037974683,
        "test_median": 13.0,
        "train_test_mean_diff": 0.22116073561022276
      }
    },
    {
      "dimension": "D7_x_D3",
      "condition": "((1, 1), np.int64(3))",
      "support": 221,
      "ks_stat": 0.3917571377558906,
      "ks_p": 1.877529345353552e-27,
      "js_divergence": 0.09897389692012887,
      "mean": 7.031674208144796,
      "median": 7.0,
      "std": 2.91724338404134,
      "q10": 3.0,
      "q25": 5.0,
      "q50": 7.0,
      "q75": 9.0,
      "q90": 11.0,
      "iqr": 4.0,
      "concentration": 0.6666666666666666,
      "mean_shift_sigma": 0.6251824535328043,
      "validation": {
        "status": "valid",
        "n_test": 160,
        "ks_stat": 0.25049603174603174,
        "ks_p": 3.1047106473168136e-08,
        "test_mean": 6.5,
        "test_median": 6.5,
        "train_test_mean_diff": 0.5316742081447963
      }
    },
    {
      "dimension": "D7_x_D3",
      "condition": "((-1, 1), np.int64(3))",
      "support": 43,
      "ks_stat": 0.30895444709233844,
      "ks_p": 0.0004735750037777765,
      "js_divergence": 0.07765937211427805,
      "mean": 5.930232558139535,
      "median": 5.0,
      "std": 2.952297873964344,
      "q10": 2.0,
      "q25": 4.0,
      "q50": 5.0,
      "q75": 8.0,
      "q90": 10.600000000000009,
      "iqr": 4.0,
      "concentration": 0.6666666666666666,
      "mean_shift_sigma": 0.355384395599755,
      "validation": {
        "status": "invalid",
        "n_test": 40,
        "ks_stat": 0.1595679012345679,
        "ks_p": 0.2501559174332647,
        "test_mean": 5.025,
        "test_median": 5.0,
        "train_test_mean_diff": 0.9052325581395344
      }
    },
    {
      "dimension": "D7_x_D3",
      "condition": "((0, 1), np.int64(4))",
      "support": 21,
      "ks_stat": 0.4901564866229177,
      "ks_p": 4.0812192598242444e-05,
      "js_divergence": 0.046290933625820416,
      "mean": 1.4285714285714286,
      "median": 1.0,
      "std": 0.6598288790738581,
      "q10": 1.0,
      "q25": 1.0,
      "q50": 1.0,
      "q75": 2.0,
      "q90": 2.0,
      "iqr": 1.0,
      "concentration": 0.16666666666666666,
      "mean_shift_sigma": 0.7472971946818275,
      "validation": {
        "status": "valid",
        "n_test": 14,
        "ks_stat": 0.3747795414462081,
        "ks_p": 0.030023878657444006,
        "test_mean": 2.4285714285714284,
        "test_median": 2.0,
        "train_test_mean_diff": 0.9999999999999998
      }
    },
    {
      "dimension": "D7_x_D3",
      "condition": "((-1, 1), np.int64(4))",
      "support": 122,
      "ks_stat": 0.3051130548958273,
      "ks_p": 6.808056520272165e-10,
      "js_divergence": 0.03462805619618133,
      "mean": 2.3114754098360657,
      "median": 2.0,
      "std": 1.3675511631458448,
      "q10": 1.0,
      "q25": 1.0,
      "q50": 2.0,
      "q75": 3.0,
      "q90": 5.0,
      "iqr": 2.0,
      "concentration": 0.3333333333333333,
      "mean_shift_sigma": 0.5310299239776386,
      "validation": {
        "status": "valid",
        "n_test": 78,
        "ks_stat": 0.40415140415140416,
        "ks_p": 2.940797742088782e-11,
        "test_mean": 2.282051282051282,
        "test_median": 2.0,
        "train_test_mean_diff": 0.02942412778478376
      }
    },
    {
      "dimension": "D7_x_D3",
      "condition": "((1, -1), np.int64(4))",
      "support": 165,
      "ks_stat": 0.16053110611414498,
      "ks_p": 0.0007439429214601804,
      "js_divergence": 0.034325676540991355,
      "mean": 3.2545454545454544,
      "median": 2.0,
      "std": 2.6620897361068425,
      "q10": 1.0,
      "q25": 1.0,
      "q50": 2.0,
      "q75": 4.0,
      "q90": 7.0,
      "iqr": 3.0,
      "concentration": 0.5,
      "mean_shift_sigma": 0.30002498008777245,
      "validation": {
        "status": "valid",
        "n_test": 69,
        "ks_stat": 0.28632773560309793,
        "ks_p": 3.26763026741736e-05,
        "test_mean": 3.0434782608695654,
        "test_median": 3.0,
        "train_test_mean_diff": 0.211067193675889
      }
    },
    {
      "dimension": "D7_x_D3",
      "condition": "((1, 1), np.int64(4))",
      "support": 277,
      "ks_stat": 0.2519379350520681,
      "ks_p": 8.5637711565955e-14,
      "js_divergence": 0.004734568396202071,
      "mean": 2.7220216606498195,
      "median": 2.0,
      "std": 1.514783548262514,
      "q10": 1.0,
      "q25": 1.0,
      "q50": 2.0,
      "q75": 4.0,
      "q90": 5.0,
      "iqr": 3.0,
      "concentration": 0.5,
      "mean_shift_sigma": 0.43046664751109476,
      "validation": {
        "status": "valid",
        "n_test": 127,
        "ks_stat": 0.34605396547653766,
        "ks_p": 1.062937773046562e-12,
        "test_mean": 2.6535433070866143,
        "test_median": 2.0,
        "train_test_mean_diff": 0.0684783535632052
      }
    },
    {
      "dimension": "D7_x_D3",
      "condition": "((1, 0), 4)",
      "support": 86,
      "ks_stat": 0.8857479387514723,
      "ks_p": 6.075722033319691e-75,
      "js_divergence": 0.0,
      "mean": 0.0,
      "median": 0.0,
      "std": 0.0,
      "q10": 0.0,
      "q25": 0.0,
      "q50": 0.0,
      "q75": 0.0,
      "q90": 0.0,
      "iqr": 0.0,
      "concentration": 0.0,
      "mean_shift_sigma": 1.0972256698265364,
      "validation": {
        "status": "insufficient",
        "n_test": 8
      }
    },
    {
      "dimension": "D7_x_D3",
      "condition": "((-1, 0), 4)",
      "support": 80,
      "ks_stat": 0.8857479387514723,
      "ks_p": 3.999919648804422e-70,
      "js_divergence": 0.0,
      "mean": 0.0,
      "median": 0.0,
      "std": 0.0,
      "q10": 0.0,
      "q25": 0.0,
      "q50": 0.0,
      "q75": 0.0,
      "q90": 0.0,
      "iqr": 0.0,
      "concentration": 0.0,
      "mean_shift_sigma": 1.0972256698265364,
      "validation": {
        "status": "insufficient",
        "n_test": 9
      }
    }
  ],
  "task_id": "dlt_P4_D7_x_D3",
  "lottery": "daletou",
  "elapsed_seconds": 0.2
}