{
  "status": "completed",
  "position": 0,
  "dimensions": [
    "D1",
    "D4",
    "D8"
  ],
  "n_patterns_found": 13,
  "n_validated": 12,
  "n_insufficient": 1,
  "validation_rate": 0.9230769230769231,
  "uncond_mean": 5.435806831566549,
  "uncond_std": 4.821886628938159,
  "uncond_iqr": 6.0,
  "patterns": [
    {
      "dimension": "D1_n1_x_D4_x_D8_ac_value",
      "condition": "((1,), (1, np.int64(4)), 0)",
      "support": 34,
      "ks_stat": 0.5878542229612693,
      "ks_p": 1.8156824849787656e-11,
      "js_divergence": 0.26184662884301724,
      "mean": 13.794117647058824,
      "median": 12.5,
      "std": 6.6145090599232095,
      "q10": 7.0,
      "q25": 10.0,
      "q50": 12.5,
      "q75": 18.0,
      "q90": 23.4,
      "iqr": 8.0,
      "concentration": 1.3333333333333333,
      "mean_shift_sigma": 1.7334108946756555,
      "validation": {
        "status": "valid",
        "n_test": 14,
        "ks_stat": 0.5158730158730159,
        "ks_p": 0.0006157925727408401,
        "test_mean": 10.5,
        "test_median": 9.0,
        "train_test_mean_diff": 3.2941176470588243
      }
    },
    {
      "dimension": "D1_n3_x_D4_x_D8_span",
      "condition": "((1, -1, 1), (1, np.int64(4)), 0)",
      "support": 41,
      "ks_stat": 0.5526731592404264,
      "ks_p": 5.31862366497228e-12,
      "js_divergence": 0.1978053439717397,
      "mean": 11.975609756097562,
      "median": 11.0,
      "std": 5.293750594796172,
      "q10": 6.0,
      "q25": 8.0,
      "q50": 11.0,
      "q75": 16.0,
      "q90": 17.0,
      "iqr": 8.0,
      "concentration": 1.3333333333333333,
      "mean_shift_sigma": 1.356274717303165,
      "validation": {
        "status": "valid",
        "n_test": 17,
        "ks_stat": 0.4234360410830999,
        "ks_p": 0.003078392950784591,
        "test_mean": 7.529411764705882,
        "test_median": 7.0,
        "train_test_mean_diff": 4.44619799139168
      }
    },
    {
      "dimension": "D1_n2_x_D4_x_D8_sum",
      "condition": "((1, 1), (1, np.int64(4)), 4)",
      "support": 39,
      "ks_stat": 0.5955875690858023,
      "ks_p": 2.0819350344291157e-13,
      "js_divergence": 0.19493218949016866,
      "mean": 12.948717948717949,
      "median": 13.0,
      "std": 5.986946132826832,
      "q10": 6.4,
      "q25": 8.0,
      "q50": 13.0,
      "q75": 16.5,
      "q90": 21.200000000000003,
      "iqr": 8.5,
      "concentration": 1.4166666666666667,
      "mean_shift_sigma": 1.55808539173511,
      "validation": {
        "status": "insufficient",
        "n_test": 0
      }
    },
    {
      "dimension": "D1_n2_x_D4_x_D8_span",
      "condition": "((1, 1), (1, np.int64(4)), 0)",
      "support": 36,
      "ks_stat": 0.5849038084020416,
      "ks_p": 5.69111847404841e-12,
      "js_divergence": 0.19115148229429302,
      "mean": 13.25,
      "median": 13.0,
      "std": 6.139014578904337,
      "q10": 5.0,
      "q25": 8.75,
      "q50": 13.0,
      "q75": 17.0,
      "q90": 21.5,
      "iqr": 8.25,
      "concentration": 1.375,
      "mean_shift_sigma": 1.6205675847991134,
      "validation": {
        "status": "valid",
        "n_test": 21,
        "ks_stat": 0.5784832451499118,
        "ks_p": 4.7072903046976416e-07,
        "test_mean": 12.238095238095237,
        "test_median": 14.0,
        "train_test_mean_diff": 1.0119047619047628
      }
    },
    {
      "dimension": "D1_n1_x_D4_x_D8_span",
      "condition": "((1,), (1, np.int64(4)), 0)",
      "support": 120,
      "ks_stat": 0.5487926972909305,
      "ks_p": 4.799655225986933e-32,
      "js_divergence": 0.17993442257130782,
      "mean": 12.483333333333333,
      "median": 13.0,
      "std": 5.522655359718025,
      "q10": 5.0,
      "q25": 8.0,
      "q50": 13.0,
      "q75": 16.0,
      "q90": 19.0,
      "iqr": 8.0,
      "concentration": 1.3333333333333333,
      "mean_shift_sigma": 1.4615703445766701,
      "validation": {
        "status": "valid",
        "n_test": 68,
        "ks_stat": 0.4822595704948646,
        "ks_p": 3.274887743231997e-14,
        "test_mean": 10.279411764705882,
        "test_median": 9.5,
        "train_test_mean_diff": 2.2039215686274503
      }
    },
    {
      "dimension": "D1_n1_x_D4_x_D8_ac_value",
      "condition": "((1,), (1, np.int64(4)), np.int64(2))",
      "support": 46,
      "ks_stat": 0.5021764736006555,
      "ks_p": 5.866552953255626e-11,
      "js_divergence": 0.172605622026475,
      "mean": 11.456521739130435,
      "median": 12.0,
      "std": 4.972561765367724,
      "q10": 5.0,
      "q25": 8.0,
      "q50": 12.0,
      "q75": 15.0,
      "q90": 18.0,
      "iqr": 7.0,
      "concentration": 1.1666666666666667,
      "mean_shift_sigma": 1.2486222449592774,
      "validation": {
        "status": "valid",
        "n_test": 34,
        "ks_stat": 0.45284780578898226,
        "ks_p": 1.0774955822165329e-06,
        "test_mean": 9.382352941176471,
        "test_median": 9.0,
        "train_test_mean_diff": 2.0741687979539645
      }
    },
    {
      "dimension": "D1_n2_x_D4_x_D8_ac_value",
      "condition": "((-1, 1), (1, np.int64(4)), np.int64(2))",
      "support": 32,
      "ks_stat": 0.42608951707891635,
      "ks_p": 1.0953830308858129e-05,
      "js_divergence": 0.1638209231762298,
      "mean": 10.84375,
      "median": 10.5,
      "std": 5.190793382277896,
      "q10": 4.1,
      "q25": 6.5,
      "q50": 10.5,
      "q75": 15.25,
      "q90": 17.0,
      "iqr": 8.75,
      "concentration": 1.4583333333333333,
      "mean_shift_sigma": 1.121540920514,
      "validation": {
        "status": "valid",
        "n_test": 19,
        "ks_stat": 0.3679569293604381,
        "ks_p": 0.00891316676458938,
        "test_mean": 8.052631578947368,
        "test_median": 9.0,
        "train_test_mean_diff": 2.791118421052632
      }
    },
    {
      "dimension": "D1_n1_x_D4_x_D8_sum",
      "condition": "((1,), (1, np.int64(4)), np.int64(4))",
      "support": 139,
      "ks_stat": 0.5079653591614341,
      "ks_p": 4.202734449093536e-31,
      "js_divergence": 0.15726773204687747,
      "mean": 11.56115107913669,
      "median": 11.0,
      "std": 5.701337856264598,
      "q10": 4.0,
      "q25": 8.0,
      "q50": 11.0,
      "q75": 16.0,
      "q90": 18.200000000000003,
      "iqr": 8.0,
      "concentration": 1.3333333333333333,
      "mean_shift_sigma": 1.2703210836209604,
      "validation": {
        "status": "valid",
        "n_test": 65,
        "ks_stat": 0.508601275267942,
        "ks_p": 3.234303706827083e-15,
        "test_mean": 10.861538461538462,
        "test_median": 11.0,
        "train_test_mean_diff": 0.6996126175982287
      }
    },
    {
      "dimension": "D1_n2_x_D4_x_D8_span",
      "condition": "((-1, 1), (1, np.int64(4)), 0)",
      "support": 69,
      "ks_stat": 0.5166180160802991,
      "ks_p": 6.295859948413852e-17,
      "js_divergence": 0.14822635497433376,
      "mean": 11.884057971014492,
      "median": 12.0,
      "std": 5.204613983887474,
      "q10": 5.0,
      "q25": 8.0,
      "q50": 12.0,
      "q75": 16.0,
      "q90": 18.0,
      "iqr": 8.0,
      "concentration": 1.3333333333333333,
      "mean_shift_sigma": 1.3372880027392786,
      "validation": {
        "status": "valid",
        "n_test": 33,
        "ks_stat": 0.4163059163059163,
        "ks_p": 1.5251300326829649e-05,
        "test_mean": 8.515151515151516,
        "test_median": 8.0,
        "train_test_mean_diff": 3.3689064558629767
      }
    },
    {
      "dimension": "D1_n2_x_D4_x_D8_sum",
      "condition": "((-1, 1), (1, np.int64(4)), np.int64(4))",
      "support": 84,
      "ks_stat": 0.4380784115766448,
      "ks_p": 1.808311610047187e-14,
      "js_divergence": 0.13822371803419076,
      "mean": 10.726190476190476,
      "median": 10.0,
      "std": 5.497512836937286,
      "q10": 4.0,
      "q25": 6.0,
      "q50": 10.0,
      "q75": 15.0,
      "q90": 17.700000000000003,
      "iqr": 9.0,
      "concentration": 1.5,
      "mean_shift_sigma": 1.0971605207128101,