{
  "status": "completed",
  "position": 0,
  "dimensions": [
    "D2",
    "D3"
  ],
  "n_patterns_found": 5,
  "n_validated": 4,
  "n_insufficient": 0,
  "validation_rate": 0.8,
  "uncond_mean": 5.435806831566549,
  "uncond_std": 4.821886628938159,
  "uncond_iqr": 6.0,
  "patterns": [
    {
      "dimension": "D2_n1_x_D3",
      "condition": "((np.int64(9),), np.int64(2))",
      "support": 70,
      "ks_stat": 0.5666498401480734,
      "ks_p": 7.655094153575293e-21,
      "js_divergence": 0.22091562531201775,
      "mean": 12.0,
      "median": 13.0,
      "std": 4.446507457705269,
      "q10": 5.9,
      "q25": 9.25,
      "q50": 13.0,
      "q75": 15.75,
      "q90": 17.0,
      "iqr": 6.5,
      "concentration": 1.0833333333333333,
      "mean_shift_sigma": 1.3613329540016519,
      "validation": {
        "status": "valid",
        "n_test": 31,
        "ks_stat": 0.5949536325880412,
        "ks_p": 1.0766373872397164e-10,
        "test_mean": 11.451612903225806,
        "test_median": 13.0,
        "train_test_mean_diff": 0.548387096774194
      }
    },
    {
      "dimension": "D2_n1_x_D3",
      "condition": "((np.int64(5),), np.int64(1))",
      "support": 46,
      "ks_stat": 0.3026834639217494,
      "ks_p": 0.0003887304358988053,
      "js_divergence": 0.09401037857070647,
      "mean": 6.326086956521739,
      "median": 7.0,
      "std": 3.250781496850357,
      "q10": 1.0,
      "q25": 5.0,
      "q50": 7.0,
      "q75": 9.0,
      "q90": 10.0,
      "iqr": 4.0,
      "concentration": 0.6666666666666666,
      "mean_shift_sigma": 0.18463315159926127,
      "validation": {
        "status": "valid",
        "n_test": 30,
        "ks_stat": 0.35873015873015873,
        "ks_p": 0.0007156057624614355,
        "test_mean": 6.533333333333333,
        "test_median": 6.5,
        "train_test_mean_diff": 0.20724637681159397
      }
    },
    {
      "dimension": "D2_n1_x_D3",
      "condition": "((np.int64(4),), 0)",
      "support": 151,
      "ks_stat": 0.1780942129033768,
      "ks_p": 0.0002545704835870843,
      "js_divergence": 0.029810223080667705,
      "mean": 4.112582781456954,
      "median": 3.0,
      "std": 3.9087997960750354,
      "q10": 0.0,
      "q25": 1.0,
      "q50": 3.0,
      "q75": 5.0,
      "q90": 10.0,
      "iqr": 4.0,
      "concentration": 0.6666666666666666,
      "mean_shift_sigma": 0.27442039847398614,
      "validation": {
        "status": "invalid",
        "n_test": 102,
        "ks_stat": 0.12558356676003735,
        "ks_p": 0.09529600081579427,
        "test_mean": 4.186274509803922,
        "test_median": 3.0,
        "train_test_mean_diff": 0.0736917283469678
      }
    },
    {
      "dimension": "D2_n1_x_D3",
      "condition": "((np.int64(2),), 0)",
      "support": 186,
      "ks_stat": 0.15220943044948515,
      "ks_p": 0.0007382555514411656,
      "js_divergence": 0.025188005824542524,
      "mean": 4.080645161290323,
      "median": 3.0,
      "std": 3.863108060207762,
      "q10": 1.0,
      "q25": 1.0,
      "q50": 3.0,
      "q75": 5.0,
      "q90": 9.0,
      "iqr": 4.0,
      "concentration": 0.6666666666666666,
      "mean_shift_sigma": 0.2810438682119431,
      "validation": {
        "status": "valid",
        "n_test": 158,
        "ks_stat": 0.1421315830598531,
        "ks_p": 0.006548070784174631,
        "test_mean": 3.778481012658228,
        "test_median": 2.0,
        "train_test_mean_diff": 0.30216414863209495
      }
    },
    {
      "dimension": "D2_n1_x_D3",
      "condition": "((np.int64(3),), 0)",
      "support": 168,
      "ks_stat": 0.13934460710079086,
      "ks_p": 0.004706019619146623,
      "js_divergence": 0.022101462596649715,
      "mean": 4.351190476190476,
      "median": 3.0,
      "std": 4.384957893255486,
      "q10": 0.0,
      "q25": 1.0,
      "q50": 3.0,
      "q75": 5.0,
      "q90": 10.0,
      "iqr": 4.0,
      "concentration": 0.6666666666666666,
      "mean_shift_sigma": 0.22493609635424372,
      "validation": {
        "status": "valid",
        "n_test": 120,
        "ks_stat": 0.16723985890652557,
        "ks_p": 0.004006074721047658,
        "test_mean": 3.8,
        "test_median": 2.0,
        "train_test_mean_diff": 0.5511904761904765
      }
    }
  ],
  "task_id": "dlt_P0_D2_x_D3",
  "lottery": "daletou",
  "elapsed_seconds": 0.2
}