{
  "status": "completed",
  "position": 4,
  "dimensions": [
    "D7"
  ],
  "n_patterns_found": 5,
  "n_validated": 4,
  "n_insufficient": 0,
  "validation_rate": 0.8,
  "uncond_mean": 4.479387514723204,
  "uncond_std": 4.082466932651478,
  "uncond_iqr": 6.0,
  "patterns": [
    {
      "dimension": "D7",
      "condition": "(0, 1)",
      "support": 30,
      "ks_stat": 0.3187279151943463,
      "ks_p": 0.003666354846274375,
      "js_divergence": 0.042509690750999314,
      "mean": 2.1,
      "median": 2.0,
      "std": 1.3988090172238192,
      "q10": 1.0,
      "q25": 1.0,
      "q50": 2.0,
      "q75": 2.75,
      "q90": 4.100000000000001,
      "iqr": 1.75,
      "concentration": 0.2916666666666667,
      "mean_shift_sigma": 0.5828308113638144,
      "validation": {
        "status": "invalid",
        "n_test": 29,
        "ks_stat": 0.1389649090798516,
        "ks_p": 0.5962376521429187,
        "test_mean": 4.517241379310345,
        "test_median": 4.0,
        "train_test_mean_diff": 2.417241379310345
      }
    },
    {
      "dimension": "D7",
      "condition": "(-1, 1)",
      "support": 174,
      "ks_stat": 0.14089598310385443,
      "ks_p": 0.0033749757272022634,
      "js_divergence": 0.042270572070084396,
      "mean": 3.6839080459770117,
      "median": 2.5,
      "std": 3.145526784207241,
      "q10": 1.0,
      "q25": 1.0,
      "q50": 2.5,
      "q75": 5.0,
      "q90": 8.0,
      "iqr": 4.0,
      "concentration": 0.6666666666666666,
      "mean_shift_sigma": 0.19485264225509463,
      "validation": {
        "status": "valid",
        "n_test": 126,
        "ks_stat": 0.21869488536155202,
        "ks_p": 3.1777073143008696e-05,
        "test_mean": 3.611111111111111,
        "test_median": 3.0,
        "train_test_mean_diff": 0.07279693486590055
      }
    },
    {
      "dimension": "D7",
      "condition": "(1, -1)",
      "support": 175,
      "ks_stat": 0.17317179875483762,
      "ks_p": 0.0001242212556932627,
      "js_divergence": 0.03431721962414503,
      "mean": 3.2,
      "median": 2.0,
      "std": 2.640346297633811,
      "q10": 1.0,
      "q25": 1.0,
      "q50": 2.0,
      "q75": 4.0,
      "q90": 7.0,
      "iqr": 3.0,
      "concentration": 0.5,
      "mean_shift_sigma": 0.31338588550238855,
      "validation": {
        "status": "valid",
        "n_test": 118,
        "ks_stat": 0.27048396257435803,
        "ks_p": 2.150116247630436e-07,
        "test_mean": 3.26271186440678,
        "test_median": 3.0,
        "train_test_mean_diff": 0.06271186440677967
      }
    },
    {
      "dimension": "D7",
      "condition": "(1, 0)",
      "support": 92,
      "ks_stat": 0.8857479387514723,
      "ks_p": 9.8019276668479e-80,
      "js_divergence": 0.0,
      "mean": 0.0,
      "median": 0.0,
      "std": 0.0,
      "q10": 0.0,
      "q25": 0.0,
      "q50": 0.0,
      "q75": 0.0,
      "q90": 0.0,
      "iqr": 0.0,
      "concentration": 0.0,
      "mean_shift_sigma": 1.0972256698265364,
      "validation": {
        "status": "valid",
        "n_test": 37,
        "ks_stat": 0.9320987654320988,
        "ks_p": 1.8098571378997216e-40,
        "test_mean": 0.0,
        "test_median": 0.0,
        "train_test_mean_diff": 0.0
      }
    },
    {
      "dimension": "D7",
      "condition": "(-1, 0)",
      "support": 87,
      "ks_stat": 0.8857479387514723,
      "ks_p": 9.435072832706393e-76,
      "js_divergence": 0.0,
      "mean": 0.0,
      "median": 0.0,
      "std": 0.0,
      "q10": 0.0,
      "q25": 0.0,
      "q50": 0.0,
      "q75": 0.0,
      "q90": 0.0,
      "iqr": 0.0,
      "concentration": 0.0,
      "mean_shift_sigma": 1.0972256698265364,
      "validation": {
        "status": "valid",
        "n_test": 37,
        "ks_stat": 0.9320987654320988,
        "ks_p": 1.8098571378997216e-40,
        "test_mean": 0.0,
        "test_median": 0.0,
        "train_test_mean_diff": 0.0
      }
    }
  ],
  "task_id": "dlt_P4_D7",
  "lottery": "daletou",
  "elapsed_seconds": 0.2
}