{
  "status": "completed",
  "position": 4,
  "dimensions": [
    "D1",
    "D3",
    "D7"
  ],
  "n_patterns_found": 25,
  "n_validated": 21,
  "n_insufficient": 2,
  "validation_rate": 0.84,
  "uncond_mean": 4.479387514723204,
  "uncond_std": 4.082466932651478,
  "uncond_iqr": 6.0,
  "patterns": [
    {
      "dimension": "D1_n1_x_D3_x_D7",
      "condition": "((-1,), np.int64(2), (1, 1))",
      "support": 51,
      "ks_stat": 0.6823598697429502,
      "ks_p": 2.637303268572614e-23,
      "js_divergence": 0.32926788478348223,
      "mean": 13.117647058823529,
      "median": 14.0,
      "std": 4.381991036510684,
      "q10": 6.0,
      "q25": 11.0,
      "q50": 14.0,
      "q75": 16.0,
      "q90": 18.0,
      "iqr": 5.0,
      "concentration": 0.8333333333333334,
      "mean_shift_sigma": 2.1159410931198783,
      "validation": {
        "status": "valid",
        "n_test": 78,
        "ks_stat": 0.6590014923348256,
        "ks_p": 2.3828367613401313e-31,
        "test_mean": 12.91025641025641,
        "test_median": 13.5,
        "train_test_mean_diff": 0.20739064856711842
      }
    },
    {
      "dimension": "D1_n4_x_D3_x_D7",
      "condition": "((-1, 1, -1, -1), np.int64(3), (1, 1))",
      "support": 30,
      "ks_stat": 0.4756183745583039,
      "ks_p": 1.2151030167734084e-06,
      "js_divergence": 0.17192866140838317,
      "mean": 7.3,
      "median": 7.5,
      "std": 3.0566866593312003,
      "q10": 2.0,
      "q25": 5.25,
      "q50": 7.5,
      "q75": 10.0,
      "q90": 11.0,
      "iqr": 4.75,
      "concentration": 0.7916666666666666,
      "mean_shift_sigma": 0.6909088381629258,
      "validation": {
        "status": "valid",
        "n_test": 23,
        "ks_stat": 0.3578329882677709,
        "ks_p": 0.004336562507629648,
        "test_mean": 7.478260869565218,
        "test_median": 7.0,
        "train_test_mean_diff": 0.17826086956521792
      }
    },
    {
      "dimension": "D1_n3_x_D3_x_D7",
      "condition": "((1, 1, -1), np.int64(3), (1, 1))",
      "support": 30,
      "ks_stat": 0.45335689045936395,
      "ks_p": 4.756045277215455e-06,
      "js_divergence": 0.1523269746746687,
      "mean": 7.366666666666666,
      "median": 7.5,
      "std": 3.114303917232371,
      "q10": 2.9000000000000004,
      "q25": 6.0,
      "q50": 7.5,
      "q75": 10.0,
      "q90": 11.0,
      "iqr": 4.0,
      "concentration": 0.6666666666666666,
      "mean_shift_sigma": 0.7072388336696789,
      "validation": {
        "status": "invalid",
        "n_test": 22,
        "ks_stat": 0.24859708193041527,
        "ks_p": 0.1160915795291922,
        "test_mean": 5.818181818181818,
        "test_median": 5.5,
        "train_test_mean_diff": 1.548484848484848
      }
    },
    {
      "dimension": "D1_n1_x_D3_x_D7",
      "condition": "((-1,), np.int64(4), (1, -1))",
      "support": 36,
      "ks_stat": 0.30771495877502947,
      "ks_p": 0.0018440964940736294,
      "js_divergence": 0.12215839751572141,
      "mean": 2.7222222222222223,
      "median": 2.0,
      "std": 2.328699101681632,
      "q10": 1.0,
      "q25": 1.0,
      "q50": 2.0,
      "q75": 3.0,
      "q90": 4.0,
      "iqr": 2.0,
      "concentration": 0.3333333333333333,
      "mean_shift_sigma": 0.4304175199674523,
      "validation": {
        "status": "valid",
        "n_test": 21,
        "ks_stat": 0.3298059964726631,
        "ks_p": 0.01705790721087304,
        "test_mean": 2.857142857142857,
        "test_median": 2.0,
        "train_test_mean_diff": 0.13492063492063489
      }
    },
    {
      "dimension": "D1_n3_x_D3_x_D7",
      "condition": "((-1, 1, -1), np.int64(3), (1, 1))",
      "support": 47,
      "ks_stat": 0.4118737939503295,
      "ks_p": 1.5766819239678606e-07,
      "js_divergence": 0.11633040829819988,
      "mean": 7.0638297872340425,
      "median": 7.0,
      "std": 2.8909562234529305,
      "q10": 3.6000000000000005,
      "q25": 5.0,
      "q50": 7.0,
      "q75": 9.0,
      "q90": 11.0,
      "iqr": 4.0,
      "concentration": 0.6666666666666666,
      "mean_shift_sigma": 0.6330589604634708,
      "validation": {
        "status": "valid",
        "n_test": 43,
        "ks_stat": 0.3043763586399245,
        "ks_p": 0.0006664849858124724,
        "test_mean": 6.651162790697675,
        "test_median": 7.0,
        "train_test_mean_diff": 0.41266699653636785
      }
    },
    {
      "dimension": "D1_n2_x_D3_x_D7",
      "condition": "((-1, -1), np.int64(3), (1, 1))",
      "support": 79,
      "ks_stat": 0.4190782901701182,
      "ks_p": 1.6634412487002718e-12,
      "js_divergence": 0.11069581056214522,
      "mean": 7.2025316455696204,
      "median": 7.0,
      "std": 3.0414010214125313,
      "q10": 2.8000000000000007,
      "q25": 5.0,
      "q50": 7.0,
      "q75": 9.0,
      "q90": 11.200000000000003,
      "iqr": 4.0,
      "concentration": 0.6666666666666666,
      "mean_shift_sigma": 0.6670339713144452,
      "validation": {
        "status": "valid",
        "n_test": 49,
        "ks_stat": 0.3072562358276644,
        "ks_p": 0.00019675110248975044,
        "test_mean": 7.183673469387755,
        "test_median": 7.0,
        "train_test_mean_diff": 0.01885817618186536
      }
    },
    {
      "dimension": "D1_n3_x_D3_x_D7",
      "condition": "((1, -1, -1), np.int64(3), (1, 1))",
      "support": 46,
      "ks_stat": 0.43503866441337635,
      "ks_p": 3.232284431702392e-08,
      "js_divergence": 0.10687154924091728,
      "mean": 7.108695652173913,
      "median": 7.0,
      "std": 3.0233026921302417,
      "q10": 2.5,
      "q25": 5.0,
      "q50": 7.0,
      "q75": 9.75,
      "q90": 11.0,
      "iqr": 4.75,
      "concentration": 0.7916666666666666,
      "mean_shift_sigma": 0.6440488510565909,
      "validation": {
        "status": "valid",
        "n_test": 37,
        "ks_stat": 0.3155298155298155,
        "ks_p": 0.0011409071629914082,
        "test_mean": 7.216216216216216,
        "test_median": 7.0,
        "train_test_mean_diff": 0.1075205640423027
      }
    },
    {
      "dimension": "D1_n2_x_D3_x_D7",
      "condition": "((1, -1), np.int64(3), (1, 1))",
      "support": 85,
      "ks_stat": 0.3653155962031456,
      "ks_p": 3.573324760316327e-10,
      "js_divergence": 0.09817422979458812,
      "mean": 6.988235294117647,
      "median": 7.0,
      "std": 2.988188976018984,
      "q10": 3.0,
      "q25": 5.0,
      "q50": 7.0,
      "q75": 9.0,
      "q90": 11.0,
      "iqr": 4.0,
      "concentration": 0.6666666666666666,
      "mean_shift_sigma": 0.6145420944695806,
      "validation": {
        "status": "valid",
        "n_test": 67,
        "ks_stat": 0.24849298481139276,
        "ks_p": 0.0006287534542999312,
        "test_mean": 6.432835820895522,
        "test_median": 7.0,
        "train_test_mean_diff": 0.555399473222125
      }
    },
    {
      "dimension": "D1_n1_x_D3_x_D7",
      "condition": "((-1,), np.int64(3), (1, 1))",
      "support": 190,
      "ks_stat": 0.38789907631268983,
      "ks_p": 1.3815035567538244e-23,
      "js_divergence": 0.09480584328419225,
      "mean": 7.063157894736842,
      "median": 7.0,
      "std": 2.9870264260307597,
      "q10": 3.0,
      "q25": 5.0,
      "q50": 7.0,
      "q75": 9.0,
      "q90": 11.0,
      "iqr": 4.0,
      "concentration": 0.6666666666666666,
      "mean_shift_sigma": 0.6328943804415663,
      "validation": {
        "status": "valid",
        "n_test": 123,
        "ks_stat": 0.2797135114208285,
        "ks_p": 3.6543481179810466e-08,
        "test_mean": 6.7560975609756095,
        "test_median": 7.0,
        "train_test_mean_diff": 0.30706033376123276
      }
    },
    {
      "dimension": "D1_n1_x_D3_x_D7",
      "condition": "((-1,), np.int64(3), (-1, 1))",
      "support": 39,
      "ks_stat": 0.28748754190450304,
      "ks_p": 0.002773314325903431,
      "js_divergence": 0.07908889065747687,
      "mean": 6.0,
      "median": 6.0,
      "std": 3.071790591153218,
      "q10": 2.0,
      "q25": 4.0,
      "q50": 6.0,
      "q75": 8.0,