{
  "status": "completed",
  "position": 3,
  "dimensions": [
    "D3",
    "D12"
  ],
  "n_patterns_found": 3,
  "n_validated": 3,
  "n_insufficient": 0,
  "validation_rate": 1.0,
  "uncond_mean": 6.573027090694935,
  "uncond_std": 5.051527462657198,
  "uncond_iqr": 8.0,
  "patterns": [
    {
      "dimension": "D3_x_D12",
      "condition": "(np.int64(1), 0)",
      "support": 94,
      "ks_stat": 0.48790817733002534,
      "ks_p": 5.275980653937768e-20,
      "js_divergence": 0.16573076122793937,
      "mean": 13.414893617021276,
      "median": 14.5,
      "std": 6.252505156604312,
      "q10": 5.0,
      "q25": 9.25,
      "q50": 14.5,
      "q75": 18.0,
      "q90": 20.0,
      "iqr": 8.75,
      "concentration": 1.09375,
      "mean_shift_sigma": 1.3544153876038498,
      "validation": {
        "status": "valid",
        "n_test": 87,
        "ks_stat": 0.3658091589126072,
        "ks_p": 3.5086121302962223e-10,
        "test_mean": 11.942528735632184,
        "test_median": 12.0,
        "train_test_mean_diff": 1.4723648813890922
      }
    },
    {
      "dimension": "D3_x_D12",
      "condition": "(np.int64(3), 1)",
      "support": 195,
      "ks_stat": 0.13332427290024462,
      "ks_p": 0.003563695125437968,
      "js_divergence": 0.024050636533874327,
      "mean": 5.517948717948718,
      "median": 5.0,
      "std": 3.374631740203001,
      "q10": 1.0,
      "q25": 3.0,
      "q50": 5.0,
      "q75": 8.0,
      "q90": 10.0,
      "iqr": 5.0,
      "concentration": 0.625,
      "mean_shift_sigma": 0.20886323603024143,
      "validation": {
        "status": "valid",
        "n_test": 161,
        "ks_stat": 0.15190552871712293,
        "ks_p": 0.0026188600430139247,
        "test_mean": 5.130434782608695,
        "test_median": 4.0,
        "train_test_mean_diff": 0.38751393534002254
      }
    },
    {
      "dimension": "D3_x_D12",
      "condition": "(np.int64(3), 0)",
      "support": 365,
      "ks_stat": 0.136224728528325,
      "ks_p": 2.5105757998386644e-05,
      "js_divergence": 0.020130825555269922,
      "mean": 5.147945205479452,
      "median": 5.0,
      "std": 3.5361192872181104,
      "q10": 1.0,
      "q25": 2.0,
      "q50": 5.0,
      "q75": 7.0,
      "q90": 10.0,
      "iqr": 5.0,
      "concentration": 0.625,
      "mean_shift_sigma": 0.28210910378103005,
      "validation": {
        "status": "valid",
        "n_test": 251,
        "ks_stat": 0.15444395258472285,
        "ks_p": 9.467220528409768e-05,
        "test_mean": 5.366533864541832,
        "test_median": 5.0,
        "train_test_mean_diff": 0.21858865906238023
      }
    }
  ],
  "task_id": "dlt_P3_D3_x_D12",
  "lottery": "daletou",
  "elapsed_seconds": 0.2
}