{
  "status": "completed",
  "position": 1,
  "dimensions": [
    "D1",
    "D3",
    "D7"
  ],
  "n_patterns_found": 17,
  "n_validated": 12,
  "n_insufficient": 0,
  "validation_rate": 0.7058823529411765,
  "uncond_mean": 7.1643109540636045,
  "uncond_std": 5.401280071407682,
  "uncond_iqr": 8.0,
  "patterns": [
    {
      "dimension": "D1_n2_x_D3_x_D7",
      "condition": "((1, 1), np.int64(3), (-1, -1))",
      "support": 42,
      "ks_stat": 0.5270906949352179,
      "ks_p": 4.012402088071982e-11,
      "js_divergence": 0.22425689234248278,
      "mean": 13.928571428571429,
      "median": 15.0,
      "std": 5.539438071651299,
      "q10": 6.1000000000000005,
      "q25": 9.25,
      "q50": 15.0,
      "q75": 17.75,
      "q90": 20.9,
      "iqr": 8.5,
      "concentration": 1.0625,
      "mean_shift_sigma": 1.252343960150343,
      "validation": {
        "status": "valid",
        "n_test": 26,
        "ks_stat": 0.6251526251526252,
        "ks_p": 4.202470013361858e-10,
        "test_mean": 15.346153846153847,
        "test_median": 16.5,
        "train_test_mean_diff": 1.4175824175824179
      }
    },
    {
      "dimension": "D1_n1_x_D3_x_D7",
      "condition": "((1,), np.int64(3), (-1, -1))",
      "support": 98,
      "ks_stat": 0.40196149131030506,
      "ks_p": 5.2380934550937656e-14,
      "js_divergence": 0.13014018398711114,
      "mean": 12.63265306122449,
      "median": 14.0,
      "std": 5.7700630546939164,
      "q10": 4.0,
      "q25": 8.0,
      "q50": 14.0,
      "q75": 17.0,
      "q90": 20.0,
      "iqr": 9.0,
      "concentration": 1.125,
      "mean_shift_sigma": 1.012415952305122,
      "validation": {
        "status": "valid",
        "n_test": 57,
        "ks_stat": 0.5682261208576999,
        "ks_p": 5.089727074651843e-17,
        "test_mean": 14.052631578947368,
        "test_median": 15.0,
        "train_test_mean_diff": 1.4199785177228783
      }
    },
    {
      "dimension": "D1_n4_x_D3_x_D7",
      "condition": "((-1, 1, -1, 1), np.int64(2), (-1, -1))",
      "support": 36,
      "ks_stat": 0.2799371809972517,
      "ks_p": 0.0061815286109366705,
      "js_divergence": 0.09536438168566659,
      "mean": 8.972222222222221,
      "median": 10.0,
      "std": 3.6779078526846627,
      "q10": 4.5,
      "q25": 6.0,
      "q50": 10.0,
      "q75": 12.0,
      "q90": 13.5,
      "iqr": 6.0,
      "concentration": 0.75,
      "mean_shift_sigma": 0.3347190377571809,
      "validation": {
        "status": "invalid",
        "n_test": 19,
        "ks_stat": 0.2618583495776478,
        "ks_p": 0.12771516696167776,
        "test_mean": 7.947368421052632,
        "test_median": 8.0,
        "train_test_mean_diff": 1.0248538011695896
      }
    },
    {
      "dimension": "D1_n4_x_D3_x_D7",
      "condition": "((1, -1, 1, 1), np.int64(2), (-1, -1))",
      "support": 30,
      "ks_stat": 0.3003533568904594,
      "ks_p": 0.007448252268205786,
      "js_divergence": 0.09144131294258337,
      "mean": 9.1,
      "median": 10.0,
      "std": 4.068988408273814,
      "q10": 2.9000000000000004,
      "q25": 6.0,
      "q50": 10.0,
      "q75": 12.0,
      "q90": 14.100000000000001,
      "iqr": 6.0,
      "concentration": 0.75,
      "mean_shift_sigma": 0.3583759813128734,
      "validation": {
        "status": "valid",
        "n_test": 22,
        "ks_stat": 0.3111271444604778,
        "ks_p": 0.0235613034898644,
        "test_mean": 9.045454545454545,
        "test_median": 10.0,
        "train_test_mean_diff": 0.054545454545454675
      }
    },
    {
      "dimension": "D1_n3_x_D3_x_D7",
      "condition": "((-1, 1, 1), np.int64(2), (-1, -1))",
      "support": 45,
      "ks_stat": 0.28924224577934826,
      "ks_p": 0.0009653075715061499,
      "js_divergence": 0.09022564185709714,
      "mean": 9.133333333333333,
      "median": 10.0,
      "std": 3.885013942488924,
      "q10": 3.8000000000000007,
      "q25": 6.0,
      "q50": 10.0,
      "q75": 12.0,
      "q90": 14.0,
      "iqr": 6.0,
      "concentration": 0.75,
      "mean_shift_sigma": 0.3645473578926192,
      "validation": {
        "status": "valid",
        "n_test": 34,
        "ks_stat": 0.28706297333748315,
        "ks_p": 0.0066674794985623976,
        "test_mean": 8.852941176470589,
        "test_median": 10.0,
        "train_test_mean_diff": 0.2803921568627441
      }
    },
    {
      "dimension": "D1_n2_x_D3_x_D7",
      "condition": "((1, 1), np.int64(2), (-1, -1))",
      "support": 65,
      "ks_stat": 0.2977892543263568,
      "ks_p": 2.0435461091036104e-05,
      "js_divergence": 0.0729052710081127,
      "mean": 9.446153846153846,
      "median": 10.0,
      "std": 4.0763134522441655,
      "q10": 3.4000000000000004,
      "q25": 7.0,
      "q50": 10.0,
      "q75": 12.0,
      "q90": 14.600000000000001,
      "iqr": 5.0,
      "concentration": 0.625,
      "mean_shift_sigma": 0.4224633534871573,
      "validation": {
        "status": "valid",
        "n_test": 47,
        "ks_stat": 0.3018687380389508,
        "ks_p": 0.000382423381787134,
        "test_mean": 9.23404255319149,
        "test_median": 10.0,
        "train_test_mean_diff": 0.21211129296235676
      }
    },
    {
      "dimension": "D1_n4_x_D3_x_D7",
      "condition": "((1, -1, 1, -1), 0, (1, 1))",
      "support": 43,
      "ks_stat": 0.2795217355575643,
      "ks_p": 0.002172154305396988,
      "js_divergence": 0.07233111673830697,
      "mean": 9.837209302325581,
      "median": 10.0,
      "std": 5.721970032184353,
      "q10": 2.2,
      "q25": 6.5,
      "q50": 10.0,
      "q75": 12.0,
      "q90": 17.400000000000013,
      "iqr": 5.5,
      "concentration": 0.6875,
      "mean_shift_sigma": 0.4948638679951594,
      "validation": {
        "status": "invalid",
        "n_test": 36,
        "ks_stat": 0.16005291005291006,
        "ks_p": 0.3007497219077146,
        "test_mean": 8.194444444444445,
        "test_median": 6.5,
        "train_test_mean_diff": 1.6427648578811365
      }
    },
    {
      "dimension": "D1_n3_x_D3_x_D7",
      "condition": "((1, -1, 1), np.int64(2), (-1, -1))",
      "support": 59,
      "ks_stat": 0.25877902217963306,
      "ks_p": 0.0007415735892834812,
      "js_divergence": 0.07058133664409377,
      "mean": 9.016949152542374,
      "median": 10.0,
      "std": 3.890412053570557,
      "q10": 3.8000000000000007,
      "q25": 6.0,
      "q50": 10.0,
      "q75": 12.0,
      "q90": 14.0,
      "iqr": 6.0,
      "concentration": 0.75,
      "mean_shift_sigma": 0.3429998396650323,
      "validation": {
        "status": "valid",
        "n_test": 35,
        "ks_stat": 0.2768959435626102,
        "ks_p": 0.008586712709021206,
        "test_mean": 9.114285714285714,
        "test_median": 9.0,
        "train_test_mean_diff": 0.09733656174334016
      }
    },
    {
      "dimension": "D1_n3_x_D3_x_D7",
      "condition": "((1, -1, 1), np.int64(1), (-1, -1))",
      "support": 42,
      "ks_stat": 0.2719165404677772,
      "ks_p": 0.0036178450826455663,
      "js_divergence": 0.05293132545421986,
      "mean": 5.071428571428571,
      "median": 5.0,
      "std": 2.292771842353363,
      "q10": 3.0,
      "q25": 4.0,
      "q50": 5.0,
      "q75": 6.75,
      "q90": 8.0,
      "iqr": 2.75,
      "concentration": 0.34375,
      "mean_shift_sigma": 0.3874789596106958,
      "validation": {
        "status": "invalid",
        "n_test": 31,
        "ks_stat": 0.2386926096603516,
        "ks_p": 0.053529987841431745,
        "test_mean": 4.419354838709677,
        "test_median": 4.0,
        "train_test_mean_diff": 0.6520737327188941
      }
    },
    {
      "dimension": "D1_n3_x_D3_x_D7",
      "condition": "((-1, 1, -1), 0, (1, 1))",
      "support": 68,
      "ks_stat": 0.28533568904593637,
      "ks_p": 3.3478135683489076e-05,
      "js_divergence": 0.04873132860002988,
      "mean": 10.073529411764707,
      "median": 10.0,
      "std": 5.565957917847799,
      "q10": 3.0,
      "q25": 6.75,
      "q50": 10.0,
      "q75": 13.0,