{
  "status": "completed",
  "position": 3,
  "dimensions": [
    "D1",
    "D3",
    "D7"
  ],
  "n_patterns_found": 16,
  "n_validated": 12,
  "n_insufficient": 1,
  "validation_rate": 0.75,
  "uncond_mean": 6.573027090694935,
  "uncond_std": 5.051527462657198,
  "uncond_iqr": 8.0,
  "patterns": [
    {
      "dimension": "D1_n2_x_D3_x_D7",
      "condition": "((1, -1), np.int64(1), (1, 1))",
      "support": 33,
      "ks_stat": 0.6536031695042296,
      "ks_p": 4.984180167859485e-14,
      "js_divergence": 0.3190436217908852,
      "mean": 15.545454545454545,
      "median": 18.0,
      "std": 5.211240235624187,
      "q10": 9.0,
      "q25": 13.0,
      "q50": 18.0,
      "q75": 19.0,
      "q90": 20.0,
      "iqr": 6.0,
      "concentration": 0.75,
      "mean_shift_sigma": 1.776181070198507,
      "validation": {
        "status": "valid",
        "n_test": 41,
        "ks_stat": 0.5614918053942444,
        "ks_p": 2.9367442238466552e-12,
        "test_mean": 14.073170731707316,
        "test_median": 15.0,
        "train_test_mean_diff": 1.4722838137472287
      }
    },
    {
      "dimension": "D1_n1_x_D3_x_D7",
      "condition": "((-1,), np.int64(1), (1, 1))",
      "support": 88,
      "ks_stat": 0.5728798586572438,
      "ks_p": 2.1189134049572428e-26,
      "js_divergence": 0.2461444813573189,
      "mean": 14.75,
      "median": 16.0,
      "std": 5.1791759611316195,
      "q10": 7.0,
      "q25": 11.0,
      "q50": 16.0,
      "q75": 18.25,
      "q90": 20.0,
      "iqr": 7.25,
      "concentration": 0.90625,
      "mean_shift_sigma": 1.618712947668273,
      "validation": {
        "status": "valid",
        "n_test": 82,
        "ks_stat": 0.4764055577063707,
        "ks_p": 2.0567849631190277e-16,
        "test_mean": 13.341463414634147,
        "test_median": 14.0,
        "train_test_mean_diff": 1.4085365853658534
      }
    },
    {
      "dimension": "D1_n3_x_D3_x_D7",
      "condition": "((1, -1, -1), np.int64(1), (1, 1))",
      "support": 30,
      "ks_stat": 0.5327444051825677,
      "ks_p": 2.491454144015435e-08,
      "js_divergence": 0.159908004142589,
      "mean": 14.033333333333333,
      "median": 15.5,
      "std": 5.049642451588913,
      "q10": 6.0,
      "q25": 10.25,
      "q50": 15.5,
      "q75": 17.0,
      "q90": 19.0,
      "iqr": 6.75,
      "concentration": 0.84375,
      "mean_shift_sigma": 1.4768416677505576,
      "validation": {
        "status": "valid",
        "n_test": 18,
        "ks_stat": 0.5432098765432098,
        "ks_p": 2.0538247761589943e-05,
        "test_mean": 13.444444444444445,
        "test_median": 12.0,
        "train_test_mean_diff": 0.5888888888888886
      }
    },
    {
      "dimension": "D1_n2_x_D3_x_D7",
      "condition": "((-1, -1), np.int64(1), (1, 1))",
      "support": 51,
      "ks_stat": 0.5667567380309014,
      "ks_p": 1.6399522053607147e-15,
      "js_divergence": 0.1364662016667384,
      "mean": 14.529411764705882,
      "median": 16.0,
      "std": 5.131039497084962,
      "q10": 7.0,
      "q25": 11.0,
      "q50": 16.0,
      "q75": 18.0,
      "q90": 20.0,
      "iqr": 7.0,
      "concentration": 0.875,
      "mean_shift_sigma": 1.575045317050645,
      "validation": {
        "status": "valid",
        "n_test": 34,
        "ks_stat": 0.4525884427845212,
        "ks_p": 1.0926520696396757e-06,
        "test_mean": 12.705882352941176,
        "test_median": 12.0,
        "train_test_mean_diff": 1.8235294117647065
      }
    },
    {
      "dimension": "D1_n1_x_D3_x_D7",
      "condition": "((1,), np.int64(2), (1, 1))",
      "support": 38,
      "ks_stat": 0.26139111028454526,
      "ks_p": 0.009918440250106682,
      "js_divergence": 0.1091723256366288,
      "mean": 7.552631578947368,
      "median": 7.0,
      "std": 3.581365282307651,
      "q10": 2.0,
      "q25": 6.0,
      "q50": 7.0,
      "q75": 10.0,
      "q90": 12.0,
      "iqr": 4.0,
      "concentration": 0.5,
      "mean_shift_sigma": 0.19392243148117877,
      "validation": {
        "status": "invalid",
        "n_test": 32,
        "ks_stat": 0.18777557319223986,
        "ks_p": 0.19548865354882872,
        "test_mean": 8.125,
        "test_median": 8.0,
        "train_test_mean_diff": 0.5723684210526319
      }
    },
    {
      "dimension": "D1_n3_x_D3_x_D7",
      "condition": "((-1, 1, -1), np.int64(2), (1, 1))",
      "support": 51,
      "ks_stat": 0.2824430125407053,
      "ks_p": 0.0005486440133948826,
      "js_divergence": 0.1046307155389361,
      "mean": 8.313725490196079,
      "median": 9.0,
      "std": 3.992592140837296,
      "q10": 2.0,
      "q25": 5.0,
      "q50": 9.0,
      "q75": 11.0,
      "q90": 13.0,
      "iqr": 6.0,
      "concentration": 0.75,
      "mean_shift_sigma": 0.3445885254250413,
      "validation": {
        "status": "valid",
        "n_test": 51,
        "ks_stat": 0.1931216931216931,
        "ks_p": 0.04530400606118877,
        "test_mean": 8.686274509803921,
        "test_median": 9.0,
        "train_test_mean_diff": 0.3725490196078418
      }
    },
    {
      "dimension": "D1_n2_x_D3_x_D7",
      "condition": "((-1, -1), np.int64(2), (1, 1))",
      "support": 75,
      "ks_stat": 0.2889988221436985,
      "ks_p": 8.352517587293418e-06,
      "js_divergence": 0.08351535085930027,
      "mean": 8.96,
      "median": 9.0,
      "std": 4.021409371518067,
      "q10": 4.0,
      "q25": 6.0,
      "q50": 9.0,
      "q75": 12.0,
      "q90": 14.0,
      "iqr": 6.0,
      "concentration": 0.75,
      "mean_shift_sigma": 0.47252497921677605,
      "validation": {
        "status": "valid",
        "n_test": 50,
        "ks_stat": 0.34645502645502646,
        "ks_p": 1.225974767254671e-05,
        "test_mean": 9.06,
        "test_median": 9.0,
        "train_test_mean_diff": 0.09999999999999964
      }
    },
    {
      "dimension": "D1_n2_x_D3_x_D7",
      "condition": "((-1, 1), np.int64(4), (1, -1))",
      "support": 37,
      "ks_stat": 0.31533123229236304,
      "ks_p": 0.0010636807959867151,
      "js_divergence": 0.07722190795194522,
      "mean": 3.5135135135135136,
      "median": 3.0,
      "std": 2.766807328015076,
      "q10": 1.0,
      "q25": 1.0,
      "q50": 3.0,
      "q75": 5.0,
      "q90": 6.399999999999999,
      "iqr": 4.0,
      "concentration": 0.5,
      "mean_shift_sigma": 0.6056610797028231,
      "validation": {
        "status": "invalid",
        "n_test": 33,
        "ks_stat": 0.11006894340227674,
        "ks_p": 0.7913102327110516,
        "test_mean": 6.2727272727272725,
        "test_median": 6.0,
        "train_test_mean_diff": 2.759213759213759
      }
    },
    {
      "dimension": "D1_n3_x_D3_x_D7",
      "condition": "((1, -1, 1), np.int64(3), (1, 1))",
      "support": 46,
      "ks_stat": 0.258641880473191,
      "ks_p": 0.0039354426589263145,
      "js_divergence": 0.06492531596024259,
      "mean": 5.108695652173913,
      "median": 6.0,
      "std": 2.3795164001697384,
      "q10": 1.0,
      "q25": 4.0,
      "q50": 6.0,
      "q75": 6.75,
      "q90": 8.0,
      "iqr": 2.75,
      "concentration": 0.34375,
      "mean_shift_sigma": 0.28987894242799106,
      "validation": {
        "status": "valid",
        "n_test": 32,
        "ks_stat": 0.24410273368606702,
        "ks_p": 0.040500359735513004,
        "test_mean": 4.75,
        "test_median": 4.0,
        "train_test_mean_diff": 0.3586956521739131
      }
    },
    {
      "dimension": "D1_n1_x_D3_x_D7",
      "condition": "((1,), np.int64(4), (1, -1))",
      "support": 68,
      "ks_stat": 0.20304164068454236,
      "ks_p": 0.007678944748811989,
      "js_divergence": 0.051271572576231564,
      "mean": 4.588235294117647,
      "median": 3.0,
      "std": 3.7933195695065534,
      "q10": 1.0,
      "q25": 2.0,
      "q50": 3.0,
      "q75": 6.25,
      "q90": 11.0,
      "iqr": 4.25,
      "concentration": 0.53125,
      "mean_shift_sigma": 0.39290923611711903,
      "validation": {
        "status": "invalid",
        "n_test": 49,