{
  "status": "completed",
  "position": 3,
  "dimensions": [
    "D1",
    "D12"
  ],
  "n_patterns_found": 3,
  "n_validated": 2,
  "n_insufficient": 0,
  "validation_rate": 0.6666666666666666,
  "uncond_mean": 6.573027090694935,
  "uncond_std": 5.051527462657198,
  "uncond_iqr": 8.0,
  "patterns": [
    {
      "dimension": "D1_n1_x_D12",
      "condition": "((0,), 2)",
      "support": 30,
      "ks_stat": 0.29587750294464077,
      "ks_p": 0.008791741036921395,
      "js_divergence": 0.15445991327848294,
      "mean": 4.266666666666667,
      "median": 2.5,
      "std": 4.4266867469424085,
      "q10": 0.0,
      "q25": 1.25,
      "q50": 2.5,
      "q75": 6.0,
      "q90": 11.200000000000003,
      "iqr": 4.75,
      "concentration": 0.59375,
      "mean_shift_sigma": 0.4565669376397054,
      "validation": {
        "status": "valid",
        "n_test": 19,
        "ks_stat": 0.30441845354126057,
        "ks_p": 0.049301981483593646,
        "test_mean": 4.0,
        "test_median": 3.0,
        "train_test_mean_diff": 0.2666666666666666
      }
    },
    {
      "dimension": "D1_n4_x_D12",
      "condition": "((1, -1, -1, 1), 1)",
      "support": 33,
      "ks_stat": 0.2896455723310847,
      "ks_p": 0.006716036432767203,
      "js_divergence": 0.08083458481984046,
      "mean": 4.2727272727272725,
      "median": 4.0,
      "std": 3.6620306278838286,
      "q10": 1.0,
      "q25": 2.0,
      "q50": 4.0,
      "q75": 5.0,
      "q90": 8.8,
      "iqr": 3.0,
      "concentration": 0.375,
      "mean_shift_sigma": 0.45536718051566555,
      "validation": {
        "status": "invalid",
        "n_test": 26,
        "ks_stat": 0.16958350291683624,
        "ks_p": 0.41126951658604444,
        "test_mean": 5.884615384615385,
        "test_median": 4.5,
        "train_test_mean_diff": 1.6118881118881125
      }
    },
    {
      "dimension": "D1_n2_x_D12",
      "condition": "((-1, 1), 1)",
      "support": 172,
      "ks_stat": 0.1416988522749062,
      "ks_p": 0.0033514939344759876,
      "js_divergence": 0.024040811280893932,
      "mean": 5.343023255813954,
      "median": 4.0,
      "std": 4.888739807602355,
      "q10": 1.0,
      "q25": 2.0,
      "q50": 4.0,
      "q75": 7.0,
      "q90": 11.0,
      "iqr": 5.0,
      "concentration": 0.625,
      "mean_shift_sigma": 0.24349146747664638,
      "validation": {
        "status": "valid",
        "n_test": 104,
        "ks_stat": 0.15035273368606702,
        "ks_p": 0.023939590467325782,
        "test_mean": 5.3173076923076925,
        "test_median": 4.0,
        "train_test_mean_diff": 0.02571556350626114
      }
    }
  ],
  "task_id": "dlt_P3_D1_x_D12",
  "lottery": "daletou",
  "elapsed_seconds": 0.2
}