{
  "status": "completed",
  "position": 4,
  "dimensions": [
    "D1",
    "D4",
    "D8"
  ],
  "n_patterns_found": 18,
  "n_validated": 12,
  "n_insufficient": 0,
  "validation_rate": 0.6666666666666666,
  "uncond_mean": 4.479387514723204,
  "uncond_std": 4.082466932651478,
  "uncond_iqr": 6.0,
  "patterns": [
    {
      "dimension": "D1_n2_x_D4_x_D8_sum",
      "condition": "((-1, -1), (-1, np.int64(4)), 0)",
      "support": 31,
      "ks_stat": 0.5860025076940614,
      "ks_p": 1.8578541342966687e-10,
      "js_divergence": 0.26453528435977824,
      "mean": 10.935483870967742,
      "median": 12.0,
      "std": 4.4932600699482625,
      "q10": 5.0,
      "q25": 8.5,
      "q50": 12.0,
      "q75": 14.0,
      "q90": 16.0,
      "iqr": 5.5,
      "concentration": 0.9166666666666666,
      "mean_shift_sigma": 1.5814203673295737,
      "validation": {
        "status": "valid",
        "n_test": 32,
        "ks_stat": 0.5043540564373897,
        "ks_p": 7.644667244945398e-08,
        "test_mean": 11.4375,
        "test_median": 12.0,
        "train_test_mean_diff": 0.502016129032258
      }
    },
    {
      "dimension": "D1_n3_x_D4_x_D8_span",
      "condition": "((-1, 1, -1), (-1, np.int64(4)), 0)",
      "support": 32,
      "ks_stat": 0.5616166077738516,
      "ks_p": 7.526222751594518e-10,
      "js_divergence": 0.25434464181269417,
      "mean": 11.0625,
      "median": 11.0,
      "std": 5.667547419298757,
      "q10": 4.0,
      "q25": 7.75,
      "q50": 11.0,
      "q75": 15.0,
      "q90": 16.900000000000002,
      "iqr": 7.25,
      "concentration": 1.2083333333333333,
      "mean_shift_sigma": 1.6125329595753028,
      "validation": {
        "status": "valid",
        "n_test": 33,
        "ks_stat": 0.6321949655282989,
        "ks_p": 6.636066768333671e-13,
        "test_mean": 12.303030303030303,
        "test_median": 12.0,
        "train_test_mean_diff": 1.2405303030303028
      }
    },
    {
      "dimension": "D1_n2_x_D4_x_D8_sum",
      "condition": "((1, -1), (-1, np.int64(4)), 0)",
      "support": 62,
      "ks_stat": 0.571697252935142,
      "ks_p": 5.739980190941458e-19,
      "js_divergence": 0.2278800499146727,
      "mean": 10.67741935483871,
      "median": 10.5,
      "std": 4.771468271853309,
      "q10": 4.1000000000000005,
      "q25": 7.25,
      "q50": 10.5,
      "q75": 14.0,
      "q90": 16.0,
      "iqr": 6.75,
      "concentration": 1.125,
      "mean_shift_sigma": 1.5182074814969813,
      "validation": {
        "status": "valid",
        "n_test": 76,
        "ks_stat": 0.44678826696370555,
        "ks_p": 1.8837489755674087e-13,
        "test_mean": 10.289473684210526,
        "test_median": 11.0,
        "train_test_mean_diff": 0.3879456706281843
      }
    },
    {
      "dimension": "D1_n3_x_D4_x_D8_sum",
      "condition": "((-1, 1, -1), (-1, np.int64(4)), 0)",
      "support": 35,
      "ks_stat": 0.5776880363452802,
      "ks_p": 2.337218078024418e-11,
      "js_divergence": 0.22475937899340476,
      "mean": 11.314285714285715,
      "median": 11.0,
      "std": 5.142380930333055,
      "q10": 4.0,
      "q25": 8.0,
      "q50": 11.0,
      "q75": 15.0,
      "q90": 16.6,
      "iqr": 7.0,
      "concentration": 1.1666666666666667,
      "mean_shift_sigma": 1.674207853319558,
      "validation": {
        "status": "valid",
        "n_test": 47,
        "ks_stat": 0.5316146947352621,
        "ks_p": 2.132183690667107e-12,
        "test_mean": 10.702127659574469,
        "test_median": 12.0,
        "train_test_mean_diff": 0.6121580547112462
      }
    },
    {
      "dimension": "D1_n2_x_D4_x_D8_ac_value",
      "condition": "((1, -1), (-1, np.int64(4)), np.int64(1))",
      "support": 32,
      "ks_stat": 0.5303666077738516,
      "ks_p": 9.331238936063871e-09,
      "js_divergence": 0.21919813893732787,
      "mean": 8.5625,
      "median": 9.0,
      "std": 4.315216535702467,
      "q10": 3.0,
      "q25": 7.0,
      "q50": 9.0,
      "q75": 11.25,
      "q90": 14.900000000000002,
      "iqr": 4.25,
      "concentration": 0.7083333333333334,
      "mean_shift_sigma": 1.0001581280720624,
      "validation": {
        "status": "valid",
        "n_test": 38,
        "ks_stat": 0.4073145827531792,
        "ks_p": 5.06443108798927e-06,
        "test_mean": 10.105263157894736,
        "test_median": 11.0,
        "train_test_mean_diff": 1.5427631578947363
      }
    },
    {
      "dimension": "D1_n1_x_D4_x_D8_sum",
      "condition": "((-1,), (-1, np.int64(4)), 0)",
      "support": 109,
      "ks_stat": 0.5582498568202202,
      "ks_p": 1.9609160224747173e-30,
      "js_divergence": 0.209939707785867,
      "mean": 10.486238532110091,
      "median": 10.0,
      "std": 4.685747820823282,
      "q10": 4.0,
      "q25": 7.0,
      "q50": 10.0,
      "q75": 14.0,
      "q90": 16.0,
      "iqr": 7.0,
      "concentration": 1.1666666666666667,
      "mean_shift_sigma": 1.4713777518549458,
      "validation": {
        "status": "valid",
        "n_test": 123,
        "ks_stat": 0.4466812922097475,
        "ks_p": 1.2623426320004694e-20,
        "test_mean": 10.544715447154472,
        "test_median": 12.0,
        "train_test_mean_diff": 0.05847691504438046
      }
    },
    {
      "dimension": "D1_n1_x_D4_x_D8_ac_value",
      "condition": "((-1,), (-1, np.int64(4)), np.int64(1))",
      "support": 53,
      "ks_stat": 0.522701513434229,
      "ks_p": 1.454411527001019e-13,
      "js_divergence": 0.20873565611350317,
      "mean": 9.452830188679245,
      "median": 10.0,
      "std": 4.495557713993154,
      "q10": 3.2,
      "q25": 7.0,
      "q50": 10.0,
      "q75": 12.0,
      "q90": 15.800000000000004,
      "iqr": 5.0,
      "concentration": 0.8333333333333334,
      "mean_shift_sigma": 1.2182444477819427,
      "validation": {
        "status": "valid",
        "n_test": 55,
        "ks_stat": 0.4180054513387847,
        "ks_p": 8.311239109580642e-09,
        "test_mean": 10.2,
        "test_median": 11.0,
        "train_test_mean_diff": 0.7471698113207541
      }
    },
    {
      "dimension": "D1_n2_x_D4_x_D8_ac_value",
      "condition": "((1, -1), (-1, np.int64(4)), np.int64(2))",
      "support": 32,
      "ks_stat": 0.5303666077738516,
      "ks_p": 9.331238936063871e-09,
      "js_divergence": 0.19004570478969146,
      "mean": 9.5625,
      "median": 10.0,
      "std": 4.743004717476043,
      "q10": 3.0,
      "q25": 7.0,
      "q50": 10.0,
      "q75": 12.25,
      "q90": 15.900000000000002,
      "iqr": 5.25,
      "concentration": 0.875,
      "mean_shift_sigma": 1.2451080606733584,
      "validation": {
        "status": "valid",
        "n_test": 30,
        "ks_stat": 0.48977072310405645,
        "ks_p": 5.601101136641909e-07,
        "test_mean": 10.333333333333334,
        "test_median": 10.0,
        "train_test_mean_diff": 0.7708333333333339
      }
    },
    {
      "dimension": "D1_n1_x_D4_x_D8_span",
      "condition": "((-1,), (-1, np.int64(4)), 0)",
      "support": 95,
      "ks_stat": 0.5280639761949042,
      "ks_p": 7.823264948645875e-24,
      "js_divergence": 0.1798619410077109,
      "mean": 10.410526315789474,
      "median": 11.0,
      "std": 5.126802095165337,
      "q10": 3.0,
      "q25": 7.0,
      "q50": 11.0,
      "q75": 14.0,
      "q90": 16.0,
      "iqr": 7.0,
      "concentration": 1.1666666666666667,
      "mean_shift_sigma": 1.4528320495701157,
      "validation": {
        "status": "valid",
        "n_test": 93,
        "ks_stat": 0.5188029811685726,
        "ks_p": 6.25323947962439e-22,
        "test_mean": 11.612903225806452,
        "test_median": 12.0,
        "train_test_mean_diff": 1.2023769100169783
      }
    },
    {
      "dimension": "D1_n2_x_D4_x_D8_span",
      "condition": "((1, -1), (-1, np.int64(4)), 0)",
      "support": 60,
      "ks_stat": 0.5157832744405183,
      "ks_p": 8.138095799861261e-15,
      "js_divergence": 0.17421586068875894,
      "mean": 10.133333333333333,
      "median": 10.0,