{
  "status": "completed",
  "position": 4,
  "dimensions": [
    "D1",
    "D12"
  ],
  "n_patterns_found": 4,
  "n_validated": 2,
  "n_insufficient": 0,
  "validation_rate": 0.5,
  "uncond_mean": 4.479387514723204,
  "uncond_std": 4.082466932651478,
  "uncond_iqr": 6.0,
  "patterns": [
    {
      "dimension": "D1_n5_x_D12",
      "condition": "((1, -1, 1, -1, -1), 0)",
      "support": 24,
      "ks_stat": 0.47835689045936397,
      "ks_p": 1.6993315709511785e-05,
      "js_divergence": 0.1495837581964991,
      "mean": 7.958333333333333,
      "median": 8.0,
      "std": 3.9208753982865727,
      "q10": 2.3000000000000003,
      "q25": 6.0,
      "q50": 8.0,
      "q75": 10.25,
      "q90": 13.399999999999999,
      "iqr": 4.25,
      "concentration": 0.7083333333333334,
      "mean_shift_sigma": 0.8521675437921125,
      "validation": {
        "status": "valid",
        "n_test": 20,
        "ks_stat": 0.47019400352733687,
        "ks_p": 0.00016709796642366625,
        "test_mean": 9.75,
        "test_median": 10.0,
        "train_test_mean_diff": 1.791666666666667
      }
    },
    {
      "dimension": "D1_n5_x_D12",
      "condition": "((1, -1, 1, 1, -1), 0)",
      "support": 31,
      "ks_stat": 0.350089289106729,
      "ks_p": 0.0007698635499636393,
      "js_divergence": 0.1458659005416738,
      "mean": 6.32258064516129,
      "median": 6.0,
      "std": 3.559513348163541,
      "q10": 3.0,
      "q25": 3.5,
      "q50": 6.0,
      "q75": 8.0,
      "q90": 11.0,
      "iqr": 4.5,
      "concentration": 0.75,
      "mean_shift_sigma": 0.45149003307198143,
      "validation": {
        "status": "invalid",
        "n_test": 31,
        "ks_stat": 0.17844342037890426,
        "ks_p": 0.2587928074948302,
        "test_mean": 6.612903225806452,
        "test_median": 5.0,
        "train_test_mean_diff": 0.2903225806451619
      }
    },
    {
      "dimension": "D1_n4_x_D12",
      "condition": "((-1, -1, 1, -1), 0)",
      "support": 46,
      "ks_stat": 0.3008654683259077,
      "ks_p": 0.0004309751094616684,
      "js_divergence": 0.10960709460801588,
      "mean": 6.826086956521739,
      "median": 6.0,
      "std": 4.918042858460666,
      "q10": 1.0,
      "q25": 4.0,
      "q50": 6.0,
      "q75": 8.0,
      "q90": 14.5,
      "iqr": 4.0,
      "concentration": 0.6666666666666666,
      "mean_shift_sigma": 0.5748238701040508,
      "validation": {
        "status": "invalid",
        "n_test": 40,
        "ks_stat": 0.14810405643738977,
        "ks_p": 0.330753301826725,
        "test_mean": 6.225,
        "test_median": 5.5,
        "train_test_mean_diff": 0.6010869565217396
      }
    },
    {
      "dimension": "D1_n1_x_D12",
      "condition": "((1,), 1)",
      "support": 269,
      "ks_stat": 0.13230084814411006,
      "ks_p": 0.0005236979975587388,
      "js_divergence": 0.022820329989801588,
      "mean": 3.524163568773234,
      "median": 2.0,
      "std": 3.8845289059072394,
      "q10": 0.0,
      "q25": 1.0,
      "q50": 2.0,
      "q75": 5.0,
      "q90": 9.0,
      "iqr": 4.0,
      "concentration": 0.6666666666666666,
      "mean_shift_sigma": 0.23398204117958926,
      "validation": {
        "status": "valid",
        "n_test": 204,
        "ks_stat": 0.12511671335200747,
        "ks_p": 0.008039297588600653,
        "test_mean": 4.53921568627451,
        "test_median": 3.0,
        "train_test_mean_diff": 1.0150521175012757
      }
    }
  ],
  "task_id": "dlt_P4_D1_x_D12",
  "lottery": "daletou",
  "elapsed_seconds": 0.2
}