{
  "status": "completed",
  "position": 3,
  "dimensions": [
    "D5",
    "D7"
  ],
  "n_patterns_found": 6,
  "n_validated": 3,
  "n_insufficient": 1,
  "validation_rate": 0.5,
  "uncond_mean": 6.573027090694935,
  "uncond_std": 5.051527462657198,
  "uncond_iqr": 8.0,
  "patterns": [
    {
      "dimension": "D5_x_D7",
      "condition": "((1, 2), (1, -1))",
      "support": 25,
      "ks_stat": 0.46539458186101296,
      "ks_p": 2.097538090801656e-05,
      "js_divergence": 0.14605752161036634,
      "mean": 2.84,
      "median": 2.0,
      "std": 2.3096320053203283,
      "q10": 1.0,
      "q25": 1.0,
      "q50": 2.0,
      "q75": 4.0,
      "q90": 5.200000000000003,
      "iqr": 3.0,
      "concentration": 0.375,
      "mean_shift_sigma": 0.7389897646386926,
      "validation": {
        "status": "invalid",
        "n_test": 19,
        "ks_stat": 0.23470713821591013,
        "ks_p": 0.21728024446225527,
        "test_mean": 4.7368421052631575,
        "test_median": 3.0,
        "train_test_mean_diff": 1.8968421052631577
      }
    },
    {
      "dimension": "D5_x_D7",
      "condition": "((1, 1), (1, -1))",
      "support": 35,
      "ks_stat": 0.30915362611475683,
      "ks_p": 0.002071772893055615,
      "js_divergence": 0.12432433173290422,
      "mean": 3.6285714285714286,
      "median": 2.0,
      "std": 3.043360119395425,
      "q10": 1.0,
      "q25": 1.0,
      "q50": 2.0,
      "q75": 5.0,
      "q90": 7.200000000000003,
      "iqr": 4.0,
      "concentration": 0.5,
      "mean_shift_sigma": 0.5828842234136182,
      "validation": {
        "status": "valid",
        "n_test": 26,
        "ks_stat": 0.40116673450006785,
        "ks_p": 0.0003335694027421831,
        "test_mean": 3.3846153846153846,
        "test_median": 3.0,
        "train_test_mean_diff": 0.24395604395604398
      }
    },
    {
      "dimension": "D5_x_D7",
      "condition": "((1, 0), (-1, 1))",
      "support": 44,
      "ks_stat": 0.3098029767641075,
      "ks_p": 0.000374055688207554,
      "js_divergence": 0.10071532119575033,
      "mean": 4.2272727272727275,
      "median": 3.5,
      "std": 3.2464220610307444,
      "q10": 1.0,
      "q25": 2.0,
      "q50": 3.5,
      "q75": 6.0,
      "q90": 6.700000000000003,
      "iqr": 4.0,
      "concentration": 0.5,
      "mean_shift_sigma": 0.46436535894596453,
      "validation": {
        "status": "valid",
        "n_test": 27,
        "ks_stat": 0.2716049382716049,
        "ks_p": 0.03324600808539789,
        "test_mean": 4.777777777777778,
        "test_median": 4.0,
        "train_test_mean_diff": 0.5505050505050502
      }
    },
    {
      "dimension": "D5_x_D7",
      "condition": "((1, 0), (1, -1))",
      "support": 39,
      "ks_stat": 0.29971912657425026,
      "ks_p": 0.001560544930147612,
      "js_divergence": 0.08142941076626324,
      "mean": 3.5641025641025643,
      "median": 3.0,
      "std": 2.5699932335027333,
      "q10": 1.0,
      "q25": 1.0,
      "q50": 3.0,
      "q75": 5.0,
      "q90": 7.0,
      "iqr": 4.0,
      "concentration": 0.5,
      "mean_shift_sigma": 0.5956464750187896,
      "validation": {
        "status": "invalid",
        "n_test": 37,
        "ks_stat": 0.18377901711235045,
        "ks_p": 0.1561254440273924,
        "test_mean": 5.243243243243243,
        "test_median": 4.0,
        "train_test_mean_diff": 1.6791406791406787
      }
    },
    {
      "dimension": "D5_x_D7",
      "condition": "((1, 2), (-1, 1))",
      "support": 23,
      "ks_stat": 0.3364828186613407,
      "ks_p": 0.008561822586590077,
      "js_divergence": 0.039432085769485516,
      "mean": 3.130434782608696,
      "median": 3.0,
      "std": 2.173043304278226,
      "q10": 1.0,
      "q25": 1.0,
      "q50": 3.0,
      "q75": 4.5,
      "q90": 6.0,
      "iqr": 3.5,
      "concentration": 0.4375,
      "mean_shift_sigma": 0.6814953167205728,
      "validation": {
        "status": "insufficient",
        "n_test": 5
      }
    },
    {
      "dimension": "D5_x_D7",
      "condition": "((1, 1), (-1, 1))",
      "support": 39,
      "ks_stat": 0.2695931865543173,
      "ks_p": 0.006144706540116907,
      "js_divergence": 0.03216111694446819,
      "mean": 4.153846153846154,
      "median": 3.0,
      "std": 2.6266724736867495,
      "q10": 1.0,
      "q25": 2.0,
      "q50": 3.0,
      "q75": 6.0,
      "q90": 8.0,
      "iqr": 4.0,
      "concentration": 0.5,
      "mean_shift_sigma": 0.47890087794875535,
      "validation": {
        "status": "valid",
        "n_test": 37,
        "ks_stat": 0.3113828113828114,
        "ks_p": 0.0013885662444433065,
        "test_mean": 4.054054054054054,
        "test_median": 3.0,
        "train_test_mean_diff": 0.0997920997920998
      }
    }
  ],
  "task_id": "dlt_P3_D5_x_D7",
  "lottery": "daletou",
  "elapsed_seconds": 0.2
}