{
  "status": "completed",
  "position": 2,
  "dimensions": [
    "D1",
    "D7"
  ],
  "n_patterns_found": 12,
  "n_validated": 7,
  "n_insufficient": 0,
  "validation_rate": 0.5833333333333334,
  "uncond_mean": 7.451118963486454,
  "uncond_std": 5.424524582468086,
  "uncond_iqr": 8.0,
  "patterns": [
    {
      "dimension": "D1_n4_x_D7",
      "condition": "((-1, 1, 1, 1), (-1, -1))",
      "support": 24,
      "ks_stat": 0.3283274440518257,
      "ks_p": 0.008988348628278945,
      "js_divergence": 0.166722647574903,
      "mean": 10.958333333333334,
      "median": 11.5,
      "std": 5.094761743420611,
      "q10": 5.0,
      "q25": 7.75,
      "q50": 11.5,
      "q75": 14.0,
      "q90": 17.4,
      "iqr": 6.25,
      "concentration": 0.78125,
      "mean_shift_sigma": 0.6465477880185297,
      "validation": {
        "status": "valid",
        "n_test": 15,
        "ks_stat": 0.4560846560846561,
        "ks_p": 0.0024763285410951447,
        "test_mean": 13.2,
        "test_median": 12.0,
        "train_test_mean_diff": 2.2416666666666654
      }
    },
    {
      "dimension": "D1_n3_x_D7",
      "condition": "((1, 1, 1), (-1, -1))",
      "support": 29,
      "ks_stat": 0.3383290686812071,
      "ks_p": 0.002051274004330966,
      "js_divergence": 0.12047269974234454,
      "mean": 11.413793103448276,
      "median": 12.0,
      "std": 5.42355807234424,
      "q10": 5.0,
      "q25": 8.0,
      "q50": 12.0,
      "q75": 14.0,
      "q90": 18.4,
      "iqr": 6.0,
      "concentration": 0.75,
      "mean_shift_sigma": 0.7305108640799739,
      "validation": {
        "status": "valid",
        "n_test": 20,
        "ks_stat": 0.3585537918871252,
        "ks_p": 0.009080548439904974,
        "test_mean": 12.5,
        "test_median": 11.5,
        "train_test_mean_diff": 1.0862068965517242
      }
    },
    {
      "dimension": "D1_n3_x_D7",
      "condition": "((-1, 1, -1), (-1, 1))",
      "support": 45,
      "ks_stat": 0.3413820180604633,
      "ks_p": 4.615950626216893e-05,
      "js_divergence": 0.10503562858130253,
      "mean": 4.266666666666667,
      "median": 3.0,
      "std": 3.349295116554792,
      "q10": 1.0,
      "q25": 2.0,
      "q50": 3.0,
      "q75": 5.0,
      "q90": 8.0,
      "iqr": 3.0,
      "concentration": 0.375,
      "mean_shift_sigma": 0.5870472607151325,
      "validation": {
        "status": "invalid",
        "n_test": 24,
        "ks_stat": 0.17394179894179895,
        "ks_p": 0.4269784403765264,
        "test_mean": 5.958333333333333,
        "test_median": 4.0,
        "train_test_mean_diff": 1.6916666666666664
      }
    },
    {
      "dimension": "D1_n2_x_D7",
      "condition": "((-1, 1), (-1, 1))",
      "support": 48,
      "ks_stat": 0.2966725559481743,
      "ks_p": 0.0003887520248889517,
      "js_divergence": 0.08557517248630594,
      "mean": 4.3125,
      "median": 3.0,
      "std": 3.3176061274157704,
      "q10": 1.0,
      "q25": 2.0,
      "q50": 3.0,
      "q75": 6.0,
      "q90": 8.300000000000004,
      "iqr": 4.0,
      "concentration": 0.5,
      "mean_shift_sigma": 0.5785979795594225,
      "validation": {
        "status": "invalid",
        "n_test": 31,
        "ks_stat": 0.22179552824714116,
        "ks_p": 0.08730062308562908,
        "test_mean": 5.32258064516129,
        "test_median": 5.0,
        "train_test_mean_diff": 1.01008064516129
      }
    },
    {
      "dimension": "D1_n2_x_D7",
      "condition": "((-1, 1), (1, -1))",
      "support": 71,
      "ks_stat": 0.21397999303239934,
      "ks_p": 0.0032189331248754305,
      "js_divergence": 0.08291882344634763,
      "mean": 5.028169014084507,
      "median": 4.0,
      "std": 3.782732565431382,
      "q10": 1.0,
      "q25": 2.0,
      "q50": 4.0,
      "q75": 7.0,
      "q90": 10.0,
      "iqr": 5.0,
      "concentration": 0.625,
      "mean_shift_sigma": 0.4466658621536816,
      "validation": {
        "status": "invalid",
        "n_test": 49,
        "ks_stat": 0.16465104560342655,
        "ks_p": 0.1395259752415207,
        "test_mean": 5.489795918367347,
        "test_median": 5.0,
        "train_test_mean_diff": 0.4616269042828396
      }
    },
    {
      "dimension": "D1_n1_x_D7",
      "condition": "((1,), (-1, 1))",
      "support": 72,
      "ks_stat": 0.2941205339615234,
      "ks_p": 8.682349719471295e-06,
      "js_divergence": 0.07610968561724751,
      "mean": 4.597222222222222,
      "median": 3.0,
      "std": 3.561599680473736,
      "q10": 1.0,
      "q25": 2.0,
      "q50": 3.0,
      "q75": 6.25,
      "q90": 9.0,
      "iqr": 4.25,
      "concentration": 0.53125,
      "mean_shift_sigma": 0.5261100208648603,
      "validation": {
        "status": "valid",
        "n_test": 43,
        "ks_stat": 0.25255321766949673,
        "ks_p": 0.008126209280674772,
        "test_mean": 4.976744186046512,
        "test_median": 4.0,
        "train_test_mean_diff": 0.37952196382428927
      }
    },
    {
      "dimension": "D1_n2_x_D7",
      "condition": "((1, -1), (-1, 1))",
      "support": 74,
      "ks_stat": 0.2663069429853882,
      "ks_p": 6.27242787269379e-05,
      "js_divergence": 0.06722190252054891,
      "mean": 4.756756756756757,
      "median": 4.0,
      "std": 3.5973368933999645,
      "q10": 1.0,
      "q25": 2.0,
      "q50": 4.0,
      "q75": 6.0,
      "q90": 10.0,
      "iqr": 4.0,
      "concentration": 0.5,
      "mean_shift_sigma": 0.49670015607225776,
      "validation": {
        "status": "invalid",
        "n_test": 34,
        "ks_stat": 0.16168689698101463,
        "ks_p": 0.31797611635069023,
        "test_mean": 5.676470588235294,
        "test_median": 4.0,
        "train_test_mean_diff": 0.9197138314785374
      }
    },
    {
      "dimension": "D1_n2_x_D7",
      "condition": "((1, -1), (1, -1))",
      "support": 43,
      "ks_stat": 0.32097953817076175,
      "ks_p": 0.000242382586683826,
      "js_divergence": 0.05677759461881431,
      "mean": 4.441860465116279,
      "median": 5.0,
      "std": 2.5726859150971615,
      "q10": 1.2000000000000002,
      "q25": 2.0,
      "q50": 5.0,
      "q75": 6.5,
      "q90": 8.0,
      "iqr": 4.5,
      "concentration": 0.5625,
      "mean_shift_sigma": 0.5547506426823128,
      "validation": {
        "status": "valid",
        "n_test": 32,
        "ks_stat": 0.3458994708994709,
        "ks_p": 0.0007878454967143212,
        "test_mean": 4.1875,
        "test_median": 4.0,
        "train_test_mean_diff": 0.25436046511627897
      }
    },
    {
      "dimension": "D1_n1_x_D7",
      "condition": "((-1,), (-1, 1))",
      "support": 113,
      "ks_stat": 0.19192282435348199,
      "ks_p": 0.0006804833721134202,
      "js_divergence": 0.0534893569862008,
      "mean": 5.504424778761062,
      "median": 4.0,
      "std": 4.533306230234742,
      "q10": 1.0,
      "q25": 2.0,
      "q50": 4.0,
      "q75": 7.0,
      "q90": 12.0,
      "iqr": 5.0,
      "concentration": 0.625,
      "mean_shift_sigma": 0.3588690870748478,
      "validation": {
        "status": "invalid",
        "n_test": 57,
        "ks_stat": 0.13464216095795042,
        "ks_p": 0.25416994722108605,
        "test_mean": 5.5964912280701755,
        "test_median": 5.0,
        "train_test_mean_diff": 0.09206644930911345
      }
    },
    {
      "dimension": "D1_n1_x_D7",
      "condition": "((-1,), (1, -1))",
      "support": 54,
      "ks_stat": 0.3304541290407015,
      "ks_p": 1.3646456252458062e-05,
      "js_divergence": 0.05156015046715951,
      "mean": 4.12962962962963,
      "median": 3.5,
      "std": 2.6179317274314955,
      "q10": 1.0,
      "q25": 2.0,
      "q50": 3.5,
      "q75": 6.0,
      "q90": 8.0,
      "iqr": 4.0,
      "concentration": 0.5,
      "mean_shift_sigma": 0.6123097579079624,
      "validation": {
        "status": "valid",
        "n_test": 42,
        "ks_stat": 0.36155202821869487,
        "ks_p": 3.0977370440724006e-05,
        "test_mean": 3.8333333333333335,
        "test_median": 3.0,