{
  "status": "completed",
  "position": 3,
  "dimensions": [
    "D1",
    "D7"
  ],
  "n_patterns_found": 20,
  "n_validated": 15,
  "n_insufficient": 2,
  "validation_rate": 0.75,
  "uncond_mean": 6.573027090694935,
  "uncond_std": 5.051527462657198,
  "uncond_iqr": 8.0,
  "patterns": [
    {
      "dimension": "D1_n5_x_D7",
      "condition": "((-1, 1, -1, -1, -1), (1, 1))",
      "support": 22,
      "ks_stat": 0.5126351857800621,
      "ks_p": 8.090625705469784e-06,
      "js_divergence": 0.21423521495067338,
      "mean": 12.863636363636363,
      "median": 12.0,
      "std": 5.3367972566585,
      "q10": 7.1,
      "q25": 9.0,
      "q50": 12.0,
      "q75": 17.75,
      "q90": 19.900000000000002,
      "iqr": 8.75,
      "concentration": 1.09375,
      "mean_shift_sigma": 1.245288542810861,
      "validation": {
        "status": "insufficient",
        "n_test": 9
      }
    },
    {
      "dimension": "D1_n5_x_D7",
      "condition": "((-1, 1, -1, 1, -1), (-1, -1))",
      "support": 24,
      "ks_stat": 0.3989988221436985,
      "ks_p": 0.0006552302735620434,
      "js_divergence": 0.16884390960964463,
      "mean": 9.333333333333334,
      "median": 10.0,
      "std": 4.633812924819281,
      "q10": 2.3000000000000003,
      "q25": 7.25,
      "q50": 10.0,
      "q75": 11.25,
      "q90": 14.399999999999999,
      "iqr": 4.0,
      "concentration": 0.5,
      "mean_shift_sigma": 0.5464300180576325,
      "validation": {
        "status": "invalid",
        "n_test": 17,
        "ks_stat": 0.07023550160805063,
        "ks_p": 0.999961287005164,
        "test_mean": 7.0588235294117645,
        "test_median": 7.0,
        "train_test_mean_diff": 2.2745098039215694
      }
    },
    {
      "dimension": "D1_n4_x_D7",
      "condition": "((1, -1, -1, -1), (1, 1))",
      "support": 33,
      "ks_stat": 0.48565156869043796,
      "ks_p": 1.5099522030278285e-07,
      "js_divergence": 0.16163300133637287,
      "mean": 12.363636363636363,
      "median": 12.0,
      "std": 5.336087443164883,
      "q10": 7.0,
      "q25": 8.0,
      "q50": 12.0,
      "q75": 17.0,
      "q90": 19.8,
      "iqr": 9.0,
      "concentration": 1.125,
      "mean_shift_sigma": 1.1463085800775712,
      "validation": {
        "status": "valid",
        "n_test": 21,
        "ks_stat": 0.4312169312169312,
        "ks_p": 0.0005426847226979507,
        "test_mean": 10.904761904761905,
        "test_median": 10.0,
        "train_test_mean_diff": 1.4588744588744582
      }
    },
    {
      "dimension": "D1_n3_x_D7",
      "condition": "((-1, -1, -1), (1, 1))",
      "support": 40,
      "ks_stat": 0.5015606595995289,
      "ks_p": 1.3157146041692124e-09,
      "js_divergence": 0.15986413793356224,
      "mean": 12.725,
      "median": 12.0,
      "std": 5.098958226932242,
      "q10": 7.0,
      "q25": 8.75,
      "q50": 12.0,
      "q75": 17.0,
      "q90": 19.1,
      "iqr": 8.25,
      "concentration": 1.03125,
      "mean_shift_sigma": 1.2178440985984489,
      "validation": {
        "status": "valid",
        "n_test": 30,
        "ks_stat": 0.4597883597883598,
        "ks_p": 3.6369529856932182e-06,
        "test_mean": 10.733333333333333,
        "test_median": 10.0,
        "train_test_mean_diff": 1.9916666666666671
      }
    },
    {
      "dimension": "D1_n3_x_D7",
      "condition": "((1, -1, 1), (1, -1))",
      "support": 34,
      "ks_stat": 0.39783828725836623,
      "ks_p": 2.862020815030371e-05,
      "js_divergence": 0.11915267203287329,
      "mean": 2.8529411764705883,
      "median": 2.0,
      "std": 2.353124992819954,
      "q10": 1.0,
      "q25": 1.0,
      "q50": 2.0,
      "q75": 3.75,
      "q90": 5.699999999999999,
      "iqr": 2.75,
      "concentration": 0.34375,
      "mean_shift_sigma": 0.7364279303091251,
      "validation": {
        "status": "invalid",
        "n_test": 25,
        "ks_stat": 0.23354497354497356,
        "ks_p": 0.11730053530590023,
        "test_mean": 4.4,
        "test_median": 3.0,
        "train_test_mean_diff": 1.547058823529412
      }
    },
    {
      "dimension": "D1_n5_x_D7",
      "condition": "((-1, 1, 1, -1, -1), (1, 1))",
      "support": 36,
      "ks_stat": 0.30378877110325875,
      "ks_p": 0.0022042698759142695,
      "js_divergence": 0.09817031387434869,
      "mean": 9.416666666666666,
      "median": 9.0,
      "std": 4.95745790591195,
      "q10": 4.0,
      "q25": 6.0,
      "q50": 9.0,
      "q75": 12.25,
      "q90": 16.0,
      "iqr": 6.25,
      "concentration": 0.78125,
      "mean_shift_sigma": 0.5629266785131806,
      "validation": {
        "status": "valid",
        "n_test": 13,
        "ks_stat": 0.3726088726088726,
        "ks_p": 0.04141320697646735,
        "test_mean": 11.076923076923077,
        "test_median": 11.0,
        "train_test_mean_diff": 1.6602564102564106
      }
    },
    {
      "dimension": "D1_n2_x_D7",
      "condition": "((1, -1), (1, -1))",
      "support": 41,
      "ks_stat": 0.2822545893303456,
      "ks_p": 0.0025818524837304857,
      "js_divergence": 0.09080579950852488,
      "mean": 3.658536585365854,
      "median": 2.0,
      "std": 2.959974918298159,
      "q10": 1.0,
      "q25": 1.0,
      "q50": 2.0,
      "q75": 5.0,
      "q90": 7.0,
      "iqr": 4.0,
      "concentration": 0.5,
      "mean_shift_sigma": 0.5769523232079995,
      "validation": {
        "status": "valid",
        "n_test": 32,
        "ks_stat": 0.34347442680776014,
        "ks_p": 0.0008810844048323394,
        "test_mean": 3.625,
        "test_median": 3.0,
        "train_test_mean_diff": 0.0335365853658538
      }
    },
    {
      "dimension": "D1_n2_x_D7",
      "condition": "((1, -1), (-1, 1))",
      "support": 50,
      "ks_stat": 0.28343934040047114,
      "ks_p": 0.0006054430641123076,
      "js_divergence": 0.09072628762899493,
      "mean": 4.46,
      "median": 4.0,
      "std": 3.1762241734487193,
      "q10": 1.0,
      "q25": 2.0,
      "q50": 4.0,
      "q75": 6.0,
      "q90": 7.100000000000001,
      "iqr": 4.0,
      "concentration": 0.5,
      "mean_shift_sigma": 0.4182946853828333,
      "validation": {
        "status": "valid",
        "n_test": 38,
        "ks_stat": 0.2930474333983106,
        "ks_p": 0.0027131981566827154,
        "test_mean": 4.184210526315789,
        "test_median": 3.0,
        "train_test_mean_diff": 0.2757894736842106
      }
    },
    {
      "dimension": "D1_n1_x_D7",
      "condition": "((-1,), (1, -1))",
      "support": 55,
      "ks_stat": 0.27827390512902883,
      "ks_p": 0.00038624453835531963,
      "js_divergence": 0.08802933291501538,
      "mean": 3.5636363636363635,
      "median": 2.0,
      "std": 2.8140145141684,
      "q10": 1.0,
      "q25": 1.0,
      "q50": 2.0,
      "q75": 5.0,
      "q90": 7.0,
      "iqr": 4.0,
      "concentration": 0.5,
      "mean_shift_sigma": 0.5957387640283313,
      "validation": {
        "status": "valid",
        "n_test": 42,
        "ks_stat": 0.37918871252204583,
        "ks_p": 9.972957570661643e-06,
        "test_mean": 3.3333333333333335,
        "test_median": 2.0,
        "train_test_mean_diff": 0.23030303030303
      }
    },
    {
      "dimension": "D1_n3_x_D7",
      "condition": "((-1, -1, 1), (-1, 1))",
      "support": 21,
      "ks_stat": 0.3949183913848225,
      "ks_p": 0.001990341944452497,
      "js_divergence": 0.08582404421032108,
      "mean": 3.142857142857143,
      "median": 3.0,
      "std": 2.0067911910195693,
      "q10": 1.0,
      "q25": 2.0,
      "q50": 3.0,
      "q75": 4.0,
      "q90": 6.0,
      "iqr": 2.0,
      "concentration": 0.25,
      "mean_shift_sigma": 0.6790361872116714,
      "validation": {
        "status": "insufficient",
        "n_test": 8
      }
    },
    {
      "dimension": "D1_n2_x_D7",
      "condition": "((-1, 1), (1, -1))",
      "support": 58,
      "ks_stat": 0.3440152715161854,
      "ks_p": 1.9880010563200847e-06,
      "js_divergence": 0.08444008189804325,
      "mean": 3.2241379310344827,