{
  "status": "completed",
  "position": 2,
  "dimensions": [
    "D5",
    "D7"
  ],
  "n_patterns_found": 3,
  "n_validated": 2,
  "n_insufficient": 0,
  "validation_rate": 0.6666666666666666,
  "uncond_mean": 7.451118963486454,
  "uncond_std": 5.424524582468086,
  "uncond_iqr": 8.0,
  "patterns": [
    {
      "dimension": "D5_x_D7",
      "condition": "((1, 0), (-1, 1))",
      "support": 48,
      "ks_stat": 0.28518845700824497,
      "ks_p": 0.0007471954635835521,
      "js_divergence": 0.07232183224818038,
      "mean": 4.791666666666667,
      "median": 4.0,
      "std": 3.611084401610623,
      "q10": 1.0,
      "q25": 3.0,
      "q50": 4.0,
      "q75": 6.0,
      "q90": 10.300000000000004,
      "iqr": 3.0,
      "concentration": 0.375,
      "mean_shift_sigma": 0.4902645856588177,
      "validation": {
        "status": "valid",
        "n_test": 16,
        "ks_stat": 0.4537037037037037,
        "ks_p": 0.001742540280490739,
        "test_mean": 3.25,
        "test_median": 2.5,
        "train_test_mean_diff": 1.541666666666667
      }
    },
    {
      "dimension": "D5_x_D7",
      "condition": "((1, 1), (1, -1))",
      "support": 43,
      "ks_stat": 0.2977237242172734,
      "ks_p": 0.0008638918691931746,
      "js_divergence": 0.07121131791479665,
      "mean": 4.651162790697675,
      "median": 5.0,
      "std": 2.810972859235687,
      "q10": 1.0,
      "q25": 2.0,
      "q50": 5.0,
      "q75": 7.0,
      "q90": 8.0,
      "iqr": 5.0,
      "concentration": 0.625,
      "mean_shift_sigma": 0.51616618751036,
      "validation": {
        "status": "valid",
        "n_test": 28,
        "ks_stat": 0.26631393298059963,
        "ks_p": 0.0337019120240379,
        "test_mean": 4.928571428571429,
        "test_median": 3.5,
        "train_test_mean_diff": 0.27740863787375414
      }
    },
    {
      "dimension": "D5_x_D7",
      "condition": "((1, 1), (-1, 1))",
      "support": 55,
      "ks_stat": 0.2413427561837456,
      "ks_p": 0.0032327150816473965,
      "js_divergence": 0.055352491746032836,
      "mean": 4.527272727272727,
      "median": 3.0,
      "std": 3.5667889580229413,
      "q10": 1.0,
      "q25": 2.0,
      "q50": 3.0,
      "q75": 6.5,
      "q90": 9.0,
      "iqr": 4.5,
      "concentration": 0.5625,
      "mean_shift_sigma": 0.5390050670363846,
      "validation": {
        "status": "invalid",
        "n_test": 29,
        "ks_stat": 0.20844736361977742,
        "ks_p": 0.14785504151474171,
        "test_mean": 5.344827586206897,
        "test_median": 5.0,
        "train_test_mean_diff": 0.8175548589341695
      }
    }
  ],
  "task_id": "dlt_P2_D5_x_D7",
  "lottery": "daletou",
  "elapsed_seconds": 0.2
}