{
  "status": "completed",
  "position": 2,
  "dimensions": [
    "D1",
    "D3",
    "D12"
  ],
  "n_patterns_found": 9,
  "n_validated": 7,
  "n_insufficient": 0,
  "validation_rate": 0.7777777777777778,
  "uncond_mean": 7.451118963486454,
  "uncond_std": 5.424524582468086,
  "uncond_iqr": 8.0,
  "patterns": [
    {
      "dimension": "D1_n1_x_D3_x_D12",
      "condition": "((-1,), 0, 0)",
      "support": 50,
      "ks_stat": 0.44972909305064784,
      "ks_p": 1.7666646002655914e-09,
      "js_divergence": 0.1497357903756606,
      "mean": 13.94,
      "median": 14.0,
      "std": 6.488173857103399,
      "q10": 4.9,
      "q25": 9.25,
      "q50": 14.0,
      "q75": 17.75,
      "q90": 23.0,
      "iqr": 8.5,
      "concentration": 1.0625,
      "mean_shift_sigma": 1.196211933020901,
      "validation": {
        "status": "valid",
        "n_test": 51,
        "ks_stat": 0.32394439257184354,
        "ks_p": 4.666698574983807e-05,
        "test_mean": 11.470588235294118,
        "test_median": 12.0,
        "train_test_mean_diff": 2.4694117647058818
      }
    },
    {
      "dimension": "D1_n2_x_D3_x_D12",
      "condition": "((-1, 1), np.int64(2), 1)",
      "support": 52,
      "ks_stat": 0.2328757814623539,
      "ks_p": 0.006862918013703238,
      "js_divergence": 0.09393669355095513,
      "mean": 5.711538461538462,
      "median": 6.0,
      "std": 3.839754291325355,
      "q10": 1.0,
      "q25": 2.0,
      "q50": 6.0,
      "q75": 7.25,
      "q90": 12.0,
      "iqr": 5.25,
      "concentration": 0.65625,
      "mean_shift_sigma": 0.3206881037225398,
      "validation": {
        "status": "valid",
        "n_test": 52,
        "ks_stat": 0.22853072853072853,
        "ks_p": 0.009130423092406682,
        "test_mean": 5.076923076923077,
        "test_median": 5.0,
        "train_test_mean_diff": 0.634615384615385
      }
    },
    {
      "dimension": "D1_n3_x_D3_x_D12",
      "condition": "((1, 1, -1), np.int64(2), 0)",
      "support": 39,
      "ks_stat": 0.2823683972093866,
      "ks_p": 0.0035012528960462613,
      "js_divergence": 0.07261661111881897,
      "mean": 4.358974358974359,
      "median": 3.0,
      "std": 3.6337956385757684,
      "q10": 0.0,
      "q25": 1.5,
      "q50": 3.0,
      "q75": 6.5,
      "q90": 10.200000000000003,
      "iqr": 5.0,
      "concentration": 0.625,
      "mean_shift_sigma": 0.570030526639297,
      "validation": {
        "status": "invalid",
        "n_test": 31,
        "ks_stat": 0.2054673721340388,
        "ks_p": 0.1351623646339702,
        "test_mean": 5.290322580645161,
        "test_median": 5.0,
        "train_test_mean_diff": 0.9313482216708024
      }
    },
    {
      "dimension": "D1_n1_x_D3_x_D12",
      "condition": "((1,), np.int64(2), 1)",
      "support": 70,
      "ks_stat": 0.1960625946491671,
      "ks_p": 0.009674354217843002,
      "js_divergence": 0.04524198162080362,
      "mean": 5.9,
      "median": 6.0,
      "std": 3.78021163428716,
      "q10": 1.0,
      "q25": 3.0,
      "q50": 6.0,
      "q75": 8.0,
      "q90": 12.0,
      "iqr": 5.0,
      "concentration": 0.625,
      "mean_shift_sigma": 0.28594560498437555,
      "validation": {
        "status": "invalid",
        "n_test": 80,
        "ks_stat": 0.1439153439153439,
        "ks_p": 0.08138579754630167,
        "test_mean": 5.475,
        "test_median": 5.0,
        "train_test_mean_diff": 0.4250000000000007
      }
    },
    {
      "dimension": "D1_n3_x_D3_x_D12",
      "condition": "((1, -1, 1), np.int64(2), 0)",
      "support": 72,
      "ks_stat": 0.20082449941107186,
      "ks_p": 0.006422167683500452,
      "js_divergence": 0.03458363679785008,
      "mean": 5.152777777777778,
      "median": 4.5,
      "std": 3.7255116062622946,
      "q10": 1.0,
      "q25": 2.0,
      "q50": 4.5,
      "q75": 7.25,
      "q90": 10.0,
      "iqr": 5.25,
      "concentration": 0.65625,
      "mean_shift_sigma": 0.4236944917047389,
      "validation": {
        "status": "valid",
        "n_test": 65,
        "ks_stat": 0.17175417175417176,
        "ks_p": 0.04663815189250307,
        "test_mean": 5.476923076923077,
        "test_median": 5.0,
        "train_test_mean_diff": 0.3241452991452993
      }
    },
    {
      "dimension": "D1_n1_x_D3_x_D12",
      "condition": "((-1,), np.int64(2), 0)",
      "support": 185,
      "ks_stat": 0.15680769108330947,
      "ks_p": 0.00047366013515028684,
      "js_divergence": 0.021920261273988963,
      "mean": 5.491891891891892,
      "median": 5.0,
      "std": 3.7171900443951578,
      "q10": 1.0,
      "q25": 3.0,
      "q50": 5.0,
      "q75": 8.0,
      "q90": 11.0,
      "iqr": 5.0,
      "concentration": 0.625,
      "mean_shift_sigma": 0.3611794991079459,
      "validation": {
        "status": "valid",
        "n_test": 113,
        "ks_stat": 0.16121958452341933,
        "ks_p": 0.008373148585440882,
        "test_mean": 5.663716814159292,
        "test_median": 5.0,
        "train_test_mean_diff": 0.1718249222674002
      }
    },
    {
      "dimension": "D1_n1_x_D3_x_D12",
      "condition": "((1,), np.int64(2), 0)",
      "support": 152,
      "ks_stat": 0.15799547455210464,
      "ks_p": 0.0016442441055262004,
      "js_divergence": 0.018369514690150548,
      "mean": 5.381578947368421,
      "median": 5.0,
      "std": 3.936893997687831,
      "q10": 1.0,
      "q25": 2.0,
      "q50": 5.0,
      "q75": 8.0,
      "q90": 11.0,
      "iqr": 6.0,
      "concentration": 0.75,
      "mean_shift_sigma": 0.3815154645637941,
      "validation": {
        "status": "valid",
        "n_test": 123,
        "ks_stat": 0.1714414763195251,
        "ks_p": 0.0025272683240377455,
        "test_mean": 5.211382113821138,
        "test_median": 5.0,
        "train_test_mean_diff": 0.17019683354728343
      }
    },
    {
      "dimension": "D1_n2_x_D3_x_D12",
      "condition": "((1, -1), np.int64(2), 0)",
      "support": 134,
      "ks_stat": 0.19793259849164074,
      "ks_p": 9.680350288862004e-05,
      "js_divergence": 0.016059488464282345,
      "mean": 5.141791044776119,
      "median": 5.0,
      "std": 3.7139370128533673,
      "q10": 1.0,
      "q25": 2.0,
      "q50": 5.0,
      "q75": 7.0,
      "q90": 11.0,
      "iqr": 5.0,
      "concentration": 0.625,
      "mean_shift_sigma": 0.42571987343812934,
      "validation": {
        "status": "valid",
        "n_test": 81,
        "ks_stat": 0.15608465608465608,
        "ks_p": 0.045559066555534315,
        "test_mean": 5.728395061728395,
        "test_median": 6.0,
        "train_test_mean_diff": 0.5866040169522755
      }
    },
    {
      "dimension": "D1_n2_x_D3_x_D12",
      "condition": "((-1, 1), np.int64(2), 0)",
      "support": 121,
      "ks_stat": 0.15467881513496676,
      "ks_p": 0.007923654365121937,
      "js_divergence": 0.013978050374894548,
      "mean": 5.3884297520661155,
      "median": 5.0,
      "std": 4.062267210523371,
      "q10": 1.0,
      "q25": 2.0,
      "q50": 5.0,
      "q75": 8.0,
      "q90": 12.0,
      "iqr": 6.0,
      "concentration": 0.75,
      "mean_shift_sigma": 0.38025253274487747,
      "validation": {
        "status": "valid",
        "n_test": 98,
        "ks_stat": 0.1602418745275888,
        "ks_p": 0.017174495063388452,
        "test_mean": 5.418367346938775,
        "test_median": 5.0,
        "train_test_mean_diff": 0.0299375948726599
      }
    }
  ],
  "task_id": "dlt_P2_D1_x_D3_x_D12",
  "lottery": "daletou",
  "elapsed_seconds": 0.2
}