{
  "status": "completed",
  "position": 3,
  "dimensions": [
    "D7"
  ],
  "n_patterns_found": 5,
  "n_validated": 4,
  "n_insufficient": 0,
  "validation_rate": 0.8,
  "uncond_mean": 6.573027090694935,
  "uncond_std": 5.051527462657198,
  "uncond_iqr": 8.0,
  "patterns": [
    {
      "dimension": "D7",
      "condition": "(-1, 1)",
      "support": 160,
      "ks_stat": 0.2609393404004711,
      "ks_p": 2.8803764974734153e-09,
      "js_divergence": 0.07481087670445344,
      "mean": 4.10625,
      "median": 3.0,
      "std": 3.366372073538515,
      "q10": 1.0,
      "q25": 2.0,
      "q50": 3.0,
      "q75": 6.0,
      "q90": 9.0,
      "iqr": 4.0,
      "concentration": 0.5,
      "mean_shift_sigma": 0.4883230090166359,
      "validation": {
        "status": "valid",
        "n_test": 105,
        "ks_stat": 0.21940035273368608,
        "ks_p": 0.0001534091596546472,
        "test_mean": 4.647619047619048,
        "test_median": 4.0,
        "train_test_mean_diff": 0.5413690476190478
      }
    },
    {
      "dimension": "D7",
      "condition": "(1, -1)",
      "support": 160,
      "ks_stat": 0.24551678445229683,
      "ks_p": 3.03695081065513e-08,
      "js_divergence": 0.06227352010260205,
      "mean": 3.96875,
      "median": 3.0,
      "std": 3.3455602576399666,
      "q10": 1.0,
      "q25": 1.0,
      "q50": 3.0,
      "q75": 6.0,
      "q90": 8.0,
      "iqr": 5.0,
      "concentration": 0.625,
      "mean_shift_sigma": 0.5155424987682906,
      "validation": {
        "status": "valid",
        "n_test": 119,
        "ks_stat": 0.25044091710758376,
        "ks_p": 1.951807302554581e-06,
        "test_mean": 4.53781512605042,
        "test_median": 3.0,
        "train_test_mean_diff": 0.56906512605042
      }
    },
    {
      "dimension": "D7",
      "condition": "(0, 1)",
      "support": 39,
      "ks_stat": 0.2966385793240917,
      "ks_p": 0.0018078547889777998,
      "js_divergence": 0.03209488388759756,
      "mean": 3.5128205128205128,
      "median": 3.0,
      "std": 2.3952066970577937,
      "q10": 1.0,
      "q25": 2.0,
      "q50": 3.0,
      "q75": 5.0,
      "q90": 7.200000000000003,
      "iqr": 3.0,
      "concentration": 0.375,
      "mean_shift_sigma": 0.6057982660683578,
      "validation": {
        "status": "invalid",
        "n_test": 23,
        "ks_stat": 0.10137259412621731,
        "ks_p": 0.9560992212271585,
        "test_mean": 6.043478260869565,
        "test_median": 5.0,
        "train_test_mean_diff": 2.5306577480490526
      }
    },
    {
      "dimension": "D7",
      "condition": "(1, 0)",
      "support": 34,
      "ks_stat": 0.9575971731448764,
      "ks_p": 4.0205174687052427e-44,
      "js_divergence": 0.0,
      "mean": 0.0,
      "median": 0.0,
      "std": 0.0,
      "q10": 0.0,
      "q25": 0.0,
      "q50": 0.0,
      "q75": 0.0,
      "q90": 0.0,
      "iqr": 0.0,
      "concentration": 0.0,
      "mean_shift_sigma": 1.3011959529637793,
      "validation": {
        "status": "valid",
        "n_test": 20,
        "ks_stat": 0.9506172839506173,
        "ks_p": 3.5676387920578274e-25,
        "test_mean": 0.0,
        "test_median": 0.0,
        "train_test_mean_diff": 0.0
      }
    },
    {
      "dimension": "D7",
      "condition": "(-1, 0)",
      "support": 36,
      "ks_stat": 0.9575971731448764,
      "ks_p": 1.5461151326333141e-46,
      "js_divergence": 0.0,
      "mean": 0.0,
      "median": 0.0,
      "std": 0.0,
      "q10": 0.0,
      "q25": 0.0,
      "q50": 0.0,
      "q75": 0.0,
      "q90": 0.0,
      "iqr": 0.0,
      "concentration": 0.0,
      "mean_shift_sigma": 1.3011959529637793,
      "validation": {
        "status": "valid",
        "n_test": 27,
        "ks_stat": 0.9506172839506173,
        "ks_p": 2.673651929703846e-33,
        "test_mean": 0.0,
        "test_median": 0.0,
        "train_test_mean_diff": 0.0
      }
    }
  ],
  "task_id": "dlt_P3_D7",
  "lottery": "daletou",
  "elapsed_seconds": 0.2
}