{
  "status": "completed",
  "position": 4,
  "dimensions": [
    "D8",
    "D10"
  ],
  "n_patterns_found": 4,
  "n_validated": 0,
  "n_insufficient": 0,
  "validation_rate": 0.0,
  "uncond_mean": 4.479387514723204,
  "uncond_std": 4.082466932651478,
  "uncond_iqr": 6.0,
  "patterns": [
    {
      "dimension": "D8_sum_x_D10_w10",
      "condition": "(np.int64(4), 0)",
      "support": 164,
      "ks_stat": 0.1646628745439398,
      "ks_p": 0.0005161900937521844,
      "js_divergence": 0.029057100291533487,
      "mean": 3.5304878048780486,
      "median": 2.0,
      "std": 4.0355490158846266,
      "q10": 0.0,
      "q25": 1.0,
      "q50": 2.0,
      "q75": 5.0,
      "q90": 9.0,
      "iqr": 4.0,
      "concentration": 0.6666666666666666,
      "mean_shift_sigma": 0.23243291997196025,
      "validation": {
        "status": "invalid",
        "n_test": 80,
        "ks_stat": 0.11825396825396825,
        "ks_p": 0.22719447333520265,
        "test_mean": 4.75,
        "test_median": 3.0,
        "train_test_mean_diff": 1.2195121951219514
      }
    },
    {
      "dimension": "D8_sum_x_D10_w10",
      "condition": "(np.int64(3), 0)",
      "support": 169,
      "ks_stat": 0.13845735672318982,
      "ks_p": 0.004918239361438519,
      "js_divergence": 0.024073000997042626,
      "mean": 3.3727810650887573,
      "median": 2.0,
      "std": 3.2649427017267287,
      "q10": 0.0,
      "q25": 1.0,
      "q50": 2.0,
      "q75": 5.0,
      "q90": 7.0,
      "iqr": 4.0,
      "concentration": 0.6666666666666666,
      "mean_shift_sigma": 0.27106317525411733,
      "validation": {
        "status": "invalid",
        "n_test": 72,
        "ks_stat": 0.1488095238095238,
        "ks_p": 0.089783453964086,
        "test_mean": 4.166666666666667,
        "test_median": 3.0,
        "train_test_mean_diff": 0.7938856015779097
      }
    },
    {
      "dimension": "D8_sum_x_D10_w20",
      "condition": "(np.int64(2), 0)",
      "support": 221,
      "ks_stat": 0.12326452733852443,
      "ks_p": 0.00474105434721407,
      "js_divergence": 0.022575018800692473,
      "mean": 3.4479638009049776,
      "median": 3.0,
      "std": 3.119528029992894,
      "q10": 0.0,
      "q25": 1.0,
      "q50": 3.0,
      "q75": 5.0,
      "q90": 7.0,
      "iqr": 4.0,
      "concentration": 0.6666666666666666,
      "mean_shift_sigma": 0.2526471691831531,
      "validation": {
        "status": "invalid",
        "n_test": 144,
        "ks_stat": 0.08212081128747796,
        "ks_p": 0.3353418964940503,
        "test_mean": 4.638888888888889,
        "test_median": 3.0,
        "train_test_mean_diff": 1.1909250879839117
      }
    },
    {
      "dimension": "D8_sum_x_D10_w20",
      "condition": "(np.int64(4), 0)",
      "support": 263,
      "ks_stat": 0.144329943077743,
      "ks_p": 0.00013207549769589735,
      "js_divergence": 0.019987755240415454,
      "mean": 3.536121673003802,
      "median": 2.0,
      "std": 3.725059952617531,
      "q10": 0.0,
      "q25": 1.0,
      "q50": 2.0,
      "q75": 5.0,
      "q90": 9.0,
      "iqr": 4.0,
      "concentration": 0.6666666666666666,
      "mean_shift_sigma": 0.23105290435427234,
      "validation": {
        "status": "invalid",
        "n_test": 110,
        "ks_stat": 0.10461760461760462,
        "ks_p": 0.20631503470887724,
        "test_mean": 5.172727272727273,
        "test_median": 3.0,
        "train_test_mean_diff": 1.6366055997234707
      }
    }
  ],
  "task_id": "dlt_P4_D8_x_D10",
  "lottery": "daletou",
  "elapsed_seconds": 0.2
}