{
  "status": "completed",
  "position": 4,
  "dimensions": [
    "D1",
    "D8"
  ],
  "n_patterns_found": 20,
  "n_validated": 12,
  "n_insufficient": 0,
  "validation_rate": 0.6,
  "uncond_mean": 4.479387514723204,
  "uncond_std": 4.082466932651478,
  "uncond_iqr": 6.0,
  "patterns": [
    {
      "dimension": "D1_n4_x_D8_sum",
      "condition": "((-1, -1, 1, -1), 0)",
      "support": 22,
      "ks_stat": 0.4273476817646429,
      "ks_p": 0.0004080138067950891,
      "js_divergence": 0.20931487288427164,
      "mean": 9.318181818181818,
      "median": 7.0,
      "std": 5.635813756168214,
      "q10": 4.0,
      "q25": 5.25,
      "q50": 7.0,
      "q75": 14.0,
      "q90": 16.900000000000002,
      "iqr": 8.75,
      "concentration": 1.4583333333333333,
      "mean_shift_sigma": 1.1852623385037238,
      "validation": {
        "status": "valid",
        "n_test": 20,
        "ks_stat": 0.32310405643738976,
        "ks_p": 0.025129168677437138,
        "test_mean": 8.4,
        "test_median": 8.0,
        "train_test_mean_diff": 0.918181818181818
      }
    },
    {
      "dimension": "D1_n4_x_D8_span",
      "condition": "((-1, 1, -1, -1), 0)",
      "support": 23,
      "ks_stat": 0.43503866441337635,
      "ks_p": 0.0002019794079106187,
      "js_divergence": 0.19472886048905919,
      "mean": 9.478260869565217,
      "median": 9.0,
      "std": 5.140373571413482,
      "q10": 2.4000000000000004,
      "q25": 5.5,
      "q50": 9.0,
      "q75": 14.0,
      "q90": 16.0,
      "iqr": 8.5,
      "concentration": 1.4166666666666667,
      "mean_shift_sigma": 1.2244736913509666,
      "validation": {
        "status": "valid",
        "n_test": 24,
        "ks_stat": 0.3948412698412698,
        "ks_p": 0.0008200521231293734,
        "test_mean": 9.833333333333334,
        "test_median": 9.5,
        "train_test_mean_diff": 0.3550724637681171
      }
    },
    {
      "dimension": "D1_n4_x_D8_sum",
      "condition": "((-1, 1, -1, -1), 0)",
      "support": 35,
      "ks_stat": 0.49466599360592295,
      "ks_p": 2.889886001287206e-08,
      "js_divergence": 0.19467711045648348,
      "mean": 9.17142857142857,
      "median": 9.0,
      "std": 4.538632357161062,
      "q10": 4.4,
      "q25": 6.0,
      "q50": 9.0,
      "q75": 12.0,
      "q90": 15.600000000000001,
      "iqr": 6.0,
      "concentration": 1.0,
      "mean_shift_sigma": 1.1493151406024944,
      "validation": {
        "status": "valid",
        "n_test": 33,
        "ks_stat": 0.36716370049703384,
        "ks_p": 0.0002210000357602926,
        "test_mean": 9.363636363636363,
        "test_median": 10.0,
        "train_test_mean_diff": 0.1922077922077925
      }
    },
    {
      "dimension": "D1_n4_x_D8_span",
      "condition": "((-1, 1, -1, -1), np.int64(1))",
      "support": 26,
      "ks_stat": 0.494382531485005,
      "ks_p": 2.6840513793555452e-06,
      "js_divergence": 0.1885247766097195,
      "mean": 7.5,
      "median": 8.0,
      "std": 3.4889936834389546,
      "q10": 1.5,
      "q25": 6.0,
      "q50": 8.0,
      "q75": 10.0,
      "q90": 11.5,
      "iqr": 4.0,
      "concentration": 0.6666666666666666,
      "mean_shift_sigma": 0.7398988246831851,
      "validation": {
        "status": "invalid",
        "n_test": 14,
        "ks_stat": 0.3368606701940035,
        "ks_p": 0.06723238309731165,
        "test_mean": 6.571428571428571,
        "test_median": 9.5,
        "train_test_mean_diff": 0.9285714285714288
      }
    },
    {
      "dimension": "D1_n3_x_D8_span",
      "condition": "((1, -1, -1), 0)",
      "support": 38,
      "ks_stat": 0.39842539210216354,
      "ks_p": 7.833421726604638e-06,
      "js_divergence": 0.17250275000242943,
      "mean": 9.5,
      "median": 9.0,
      "std": 5.576029524953925,
      "q10": 2.0,
      "q25": 5.0,
      "q50": 9.0,
      "q75": 14.0,
      "q90": 16.0,
      "iqr": 9.0,
      "concentration": 1.5,
      "mean_shift_sigma": 1.2297986898857776,
      "validation": {
        "status": "valid",
        "n_test": 47,
        "ks_stat": 0.2597470824421179,
        "ks_p": 0.0035602430814498883,
        "test_mean": 8.936170212765957,
        "test_median": 8.0,
        "train_test_mean_diff": 0.5638297872340434
      }
    },
    {
      "dimension": "D1_n3_x_D8_sum",
      "condition": "((1, -1, -1), 0)",
      "support": 54,
      "ks_stat": 0.42376652270645204,
      "ks_p": 4.958310157238609e-09,
      "js_divergence": 0.14806590173710904,
      "mean": 8.88888888888889,
      "median": 9.0,
      "std": 4.969039949999533,
      "q10": 3.0,
      "q25": 5.0,
      "q50": 9.0,
      "q75": 12.75,
      "q90": 16.0,
      "iqr": 7.75,
      "concentration": 1.2916666666666667,
      "mean_shift_sigma": 1.0801070644072077,
      "validation": {
        "status": "valid",
        "n_test": 60,
        "ks_stat": 0.3368606701940035,
        "ks_p": 2.8893271679453523e-06,
        "test_mean": 9.233333333333333,
        "test_median": 9.0,
        "train_test_mean_diff": 0.3444444444444432
      }
    },
    {
      "dimension": "D1_n4_x_D8_ac_value",
      "condition": "((-1, 1, -1, -1), np.int64(1))",
      "support": 30,
      "ks_stat": 0.3756183745583039,
      "ks_p": 0.0003046376457350468,
      "js_divergence": 0.13403862812147885,
      "mean": 6.8,
      "median": 6.0,
      "std": 4.028233690672211,
      "q10": 1.0,
      "q25": 5.0,
      "q50": 6.0,
      "q75": 8.75,
      "q90": 12.200000000000003,
      "iqr": 3.75,
      "concentration": 0.625,
      "mean_shift_sigma": 0.5684338718622777,
      "validation": {
        "status": "valid",
        "n_test": 12,
        "ks_stat": 0.4365079365079365,
        "ks_p": 0.014227456213938382,
        "test_mean": 9.25,
        "test_median": 8.0,
        "train_test_mean_diff": 2.45
      }
    },
    {
      "dimension": "D1_n2_x_D8_span",
      "condition": "((-1, -1), 0)",
      "support": 61,
      "ks_stat": 0.4080016992025334,
      "ks_p": 2.3031642103174253e-09,
      "js_divergence": 0.1302962783719872,
      "mean": 9.39344262295082,
      "median": 9.0,
      "std": 5.451060021817956,
      "q10": 2.0,
      "q25": 5.0,
      "q50": 9.0,
      "q75": 14.0,
      "q90": 16.0,
      "iqr": 9.0,
      "concentration": 1.5,
      "mean_shift_sigma": 1.20369746755941,
      "validation": {
        "status": "valid",
        "n_test": 65,
        "ks_stat": 0.24959978293311627,
        "ks_p": 0.0007331195106626488,
        "test_mean": 8.907692307692308,
        "test_median": 8.0,
        "train_test_mean_diff": 0.4857503152585121
      }
    },
    {
      "dimension": "D1_n4_x_D8_sum",
      "condition": "((-1, 1, -1, -1), np.int64(1))",
      "support": 21,
      "ks_stat": 0.37085646979639914,
      "ks_p": 0.004558096274889953,
      "js_divergence": 0.12185933594815668,
      "mean": 6.333333333333333,
      "median": 7.0,
      "std": 2.8002267481884107,
      "q10": 2.0,
      "q25": 5.0,
      "q50": 7.0,
      "q75": 8.0,
      "q90": 9.0,
      "iqr": 3.0,
      "concentration": 0.5,
      "mean_shift_sigma": 0.4541239033150061,
      "validation": {
        "status": "invalid",
        "n_test": 15,
        "ks_stat": 0.2035273368606702,
        "ks_p": 0.5077108881014515,
        "test_mean": 5.533333333333333,
        "test_median": 7.0,
        "train_test_mean_diff": 0.7999999999999998
      }
    },
    {
      "dimension": "D1_n2_x_D8_sum",
      "condition": "((-1, -1), 0)",
      "support": 87,
      "ks_stat": 0.39056090329393606,
      "ks_p": 7.233783627949146e-12,
      "js_divergence": 0.11954494653047562,
      "mean": 8.724137931034482,
      "median": 9.0,
      "std": 4.988929480388089,
      "q10": 2.5999999999999996,
      "q25": 5.0,
      "q50": 9.0,
      "q75": 12.0,
      "q90": 16.0,
      "iqr": 7.0,
      "concentration": 1.1666666666666667,
      "mean_shift_sigma": 1.0397513283847717,
      "validation": {
        "status": "valid",
        "n_test": 88,
        "ks_stat": 0.31583694083694086,