{
  "status": "completed",
  "position": 1,
  "dimensions": [
    "D5",
    "D3"
  ],
  "n_patterns_found": 3,
  "n_validated": 3,
  "n_insufficient": 0,
  "validation_rate": 1.0,
  "uncond_mean": 7.1643109540636045,
  "uncond_std": 5.401280071407682,
  "uncond_iqr": 8.0,
  "patterns": [
    {
      "dimension": "D5_x_D3",
      "condition": "((1, 2), np.int64(1))",
      "support": 83,
      "ks_stat": 0.2057345991740815,
      "ks_p": 0.0020449746959141034,
      "js_divergence": 0.04992503422218725,
      "mean": 5.192771084337349,
      "median": 4.0,
      "std": 4.031376431883957,
      "q10": 1.0,
      "q25": 2.0,
      "q50": 4.0,
      "q75": 7.0,
      "q90": 9.0,
      "iqr": 5.0,
      "concentration": 0.625,
      "mean_shift_sigma": 0.3650134493419136,
      "validation": {
        "status": "valid",
        "n_test": 52,
        "ks_stat": 0.21387871387871388,
        "ks_p": 0.017773912121005746,
        "test_mean": 4.903846153846154,
        "test_median": 4.0,
        "train_test_mean_diff": 0.28892493049119494
      }
    },
    {
      "dimension": "D5_x_D3",
      "condition": "((1, 0), np.int64(1))",
      "support": 135,
      "ks_stat": 0.18742311215809448,
      "ks_p": 0.00025455156079640806,
      "js_divergence": 0.04627023561332163,
      "mean": 5.051851851851852,
      "median": 4.0,
      "std": 4.046614531091059,
      "q10": 1.0,
      "q25": 2.0,
      "q50": 4.0,
      "q75": 7.0,
      "q90": 11.0,
      "iqr": 5.0,
      "concentration": 0.625,
      "mean_shift_sigma": 0.3911034188718162,
      "validation": {
        "status": "valid",
        "n_test": 85,
        "ks_stat": 0.21121485631289552,
        "ks_p": 0.001413859102113873,
        "test_mean": 4.376470588235295,
        "test_median": 4.0,
        "train_test_mean_diff": 0.6753812636165577
      }
    },
    {
      "dimension": "D5_x_D3",
      "condition": "((1, 1), np.int64(1))",
      "support": 237,
      "ks_stat": 0.13641514216278272,
      "ks_p": 0.0007702482523415791,
      "js_divergence": 0.017825653686906973,
      "mean": 5.6455696202531644,
      "median": 4.0,
      "std": 4.3488336125284,
      "q10": 1.0,
      "q25": 2.0,
      "q50": 4.0,
      "q75": 8.0,
      "q90": 12.400000000000006,
      "iqr": 6.0,
      "concentration": 0.75,
      "mean_shift_sigma": 0.28118174094509146,
      "validation": {
        "status": "valid",
        "n_test": 189,
        "ks_stat": 0.12962962962962962,
        "ks_p": 0.008040759260127513,
        "test_mean": 5.507936507936508,
        "test_median": 5.0,
        "train_test_mean_diff": 0.13763311231665654
      }
    }
  ],
  "task_id": "dlt_P1_D5_x_D3",
  "lottery": "daletou",
  "elapsed_seconds": 0.2
}