{
  "status": "completed",
  "position": 0,
  "dimensions": [
    "D8",
    "D10"
  ],
  "n_patterns_found": 4,
  "n_validated": 2,
  "n_insufficient": 0,
  "validation_rate": 0.5,
  "uncond_mean": 5.435806831566549,
  "uncond_std": 4.821886628938159,
  "uncond_iqr": 6.0,
  "patterns": [
    {
      "dimension": "D8_span_x_D10_w20",
      "condition": "(0, 1)",
      "support": 51,
      "ks_stat": 0.4092011362849027,
      "ks_p": 5.273458444708502e-08,
      "js_divergence": 0.0992196242346218,
      "mean": 10.529411764705882,
      "median": 11.0,
      "std": 6.454525517338918,
      "q10": 2.0,
      "q25": 4.0,
      "q50": 11.0,
      "q75": 15.0,
      "q90": 19.0,
      "iqr": 11.0,
      "concentration": 1.8333333333333333,
      "mean_shift_sigma": 1.056351035416403,
      "validation": {
        "status": "valid",
        "n_test": 44,
        "ks_stat": 0.27236652236652237,
        "ks_p": 0.002876243203693898,
        "test_mean": 7.068181818181818,
        "test_median": 7.0,
        "train_test_mean_diff": 3.461229946524064
      }
    },
    {
      "dimension": "D8_span_x_D10_w10",
      "condition": "(np.int64(4), 0)",
      "support": 197,
      "ks_stat": 0.16390737385876486,
      "ks_p": 0.0001295771024884221,
      "js_divergence": 0.022910171074725802,
      "mean": 4.2944162436548226,
      "median": 3.0,
      "std": 4.79896554941872,
      "q10": 0.0,
      "q25": 1.0,
      "q50": 3.0,
      "q75": 5.0,
      "q90": 11.400000000000006,
      "iqr": 4.0,
      "concentration": 0.6666666666666666,
      "mean_shift_sigma": 0.23671037412239526,
      "validation": {
        "status": "invalid",
        "n_test": 102,
        "ks_stat": 0.08636788048552754,
        "ks_p": 0.46037986585609864,
        "test_mean": 4.196078431372549,
        "test_median": 3.0,
        "train_test_mean_diff": 0.09833781228227334
      }
    },
    {
      "dimension": "D8_span_x_D10_w20",
      "condition": "(np.int64(3), 0)",
      "support": 241,
      "ks_stat": 0.11783206017330616,
      "ks_p": 0.005165594194922799,
      "js_divergence": 0.022364072493357978,
      "mean": 4.572614107883817,
      "median": 3.0,
      "std": 4.509546928283392,
      "q10": 0.0,
      "q25": 2.0,
      "q50": 3.0,
      "q75": 6.0,
      "q90": 10.0,
      "iqr": 4.0,
      "concentration": 0.6666666666666666,
      "mean_shift_sigma": 0.17901555762475865,
      "validation": {
        "status": "valid",
        "n_test": 131,
        "ks_stat": 0.13907400675848514,
        "ks_p": 0.019051268388929565,
        "test_mean": 4.030534351145038,
        "test_median": 3.0,
        "train_test_mean_diff": 0.5420797567387794
      }
    },
    {
      "dimension": "D8_span_x_D10_w20",
      "condition": "(np.int64(2), 0)",
      "support": 274,
      "ks_stat": 0.11223165080429531,
      "ks_p": 0.004777745939803659,
      "js_divergence": 0.018432098386054252,
      "mean": 4.2153284671532845,
      "median": 3.0,
      "std": 3.5217238336818046,
      "q10": 1.0,
      "q25": 1.25,
      "q50": 3.0,
      "q75": 6.0,
      "q90": 9.0,
      "iqr": 4.75,
      "concentration": 0.7916666666666666,
      "mean_shift_sigma": 0.25311220655596994,
      "validation": {
        "status": "invalid",
        "n_test": 183,
        "ks_stat": 0.051970393500448145,
        "ks_p": 0.7655897099162345,
        "test_mean": 4.245901639344262,
        "test_median": 4.0,
        "train_test_mean_diff": 0.030573172190977438
      }
    }
  ],
  "task_id": "dlt_P0_D8_x_D10",
  "lottery": "daletou",
  "elapsed_seconds": 0.2
}