{
  "status": "completed",
  "position": 4,
  "dimensions": [
    "D2",
    "D3"
  ],
  "n_patterns_found": 8,
  "n_validated": 4,
  "n_insufficient": 1,
  "validation_rate": 0.5,
  "uncond_mean": 4.479387514723204,
  "uncond_std": 4.082466932651478,
  "uncond_iqr": 6.0,
  "patterns": [
    {
      "dimension": "D2_n1_x_D3",
      "condition": "((np.int64(9),), np.int64(2))",
      "support": 43,
      "ks_stat": 0.7185471279480647,
      "ks_p": 2.3052277470353813e-22,
      "js_divergence": 0.341671915928304,
      "mean": 12.86046511627907,
      "median": 14.0,
      "std": 4.229362453184999,
      "q10": 5.2,
      "q25": 11.0,
      "q50": 14.0,
      "q75": 16.0,
      "q90": 17.0,
      "iqr": 5.0,
      "concentration": 0.8333333333333334,
      "mean_shift_sigma": 2.052944393627343,
      "validation": {
        "status": "valid",
        "n_test": 73,
        "ks_stat": 0.5873499069846102,
        "ks_p": 6.581191653516924e-23,
        "test_mean": 12.287671232876713,
        "test_median": 13.0,
        "train_test_mean_diff": 0.5727938834023565
      }
    },
    {
      "dimension": "D2_n1_x_D3",
      "condition": "((np.int64(9),), np.int64(3))",
      "support": 55,
      "ks_stat": 0.5127529714102153,
      "ks_p": 1.683532041930689e-13,
      "js_divergence": 0.1953610018307947,
      "mean": 8.10909090909091,
      "median": 9.0,
      "std": 3.6465312397735783,
      "q10": 1.4000000000000004,
      "q25": 7.0,
      "q50": 9.0,
      "q75": 11.0,
      "q90": 12.0,
      "iqr": 4.0,
      "concentration": 0.6666666666666666,
      "mean_shift_sigma": 0.8890956018130656,
      "validation": {
        "status": "valid",
        "n_test": 36,
        "ks_stat": 0.3289241622574956,
        "ks_p": 0.0007360909968209723,
        "test_mean": 7.027777777777778,
        "test_median": 7.0,
        "train_test_mean_diff": 1.0813131313131317
      }
    },
    {
      "dimension": "D2_n1_x_D3",
      "condition": "((np.int64(6),), np.int64(3))",
      "support": 48,
      "ks_stat": 0.4631183745583039,
      "ks_p": 1.1243506590369574e-09,
      "js_divergence": 0.1070510936422015,
      "mean": 6.75,
      "median": 6.5,
      "std": 2.704163456597992,
      "q10": 4.0,
      "q25": 5.0,
      "q50": 6.5,
      "q75": 8.0,
      "q90": 11.0,
      "iqr": 3.0,
      "concentration": 0.5,
      "mean_shift_sigma": 0.5561863752322129,
      "validation": {
        "status": "invalid",
        "n_test": 54,
        "ks_stat": 0.13756613756613756,
        "ks_p": 0.2611338624949351,
        "test_mean": 5.277777777777778,
        "test_median": 5.5,
        "train_test_mean_diff": 1.4722222222222223
      }
    },
    {
      "dimension": "D2_n2_x_D3",
      "condition": "((np.int64(5), np.int64(5)), np.int64(4))",
      "support": 24,
      "ks_stat": 0.3567432273262662,
      "ks_p": 0.003357023221020569,
      "js_divergence": 0.10483119568569738,
      "mean": 2.2083333333333335,
      "median": 2.0,
      "std": 2.2909089656485455,
      "q10": 0.0,
      "q25": 0.75,
      "q50": 2.0,
      "q75": 3.0,
      "q90": 4.399999999999999,
      "iqr": 2.25,
      "concentration": 0.375,
      "mean_shift_sigma": 0.5562945686653407,
      "validation": {
        "status": "insufficient",
        "n_test": 7
      }
    },
    {
      "dimension": "D2_n1_x_D3",
      "condition": "((np.int64(7),), np.int64(3))",
      "support": 84,
      "ks_stat": 0.22412922766279655,
      "ks_p": 0.0005157089917571994,
      "js_divergence": 0.05056165550170222,
      "mean": 5.2023809523809526,
      "median": 5.0,
      "std": 2.8190667229082425,
      "q10": 2.0,
      "q25": 3.0,
      "q50": 5.0,
      "q75": 7.0,
      "q90": 9.0,
      "iqr": 4.0,
      "concentration": 0.6666666666666666,
      "mean_shift_sigma": 0.17709719382544506,
      "validation": {
        "status": "invalid",
        "n_test": 60,
        "ks_stat": 0.15123456790123457,
        "ks_p": 0.1325174861727211,
        "test_mean": 4.683333333333334,
        "test_median": 4.5,
        "train_test_mean_diff": 0.519047619047619
      }
    },
    {
      "dimension": "D2_n1_x_D3",
      "condition": "((np.int64(5),), np.int64(4))",
      "support": 154,
      "ks_stat": 0.14447860737613388,
      "ks_p": 0.004882900004322059,
      "js_divergence": 0.02981744757835221,
      "mean": 3.3051948051948052,
      "median": 2.0,
      "std": 3.2239524062701506,
      "q10": 0.0,
      "q25": 1.0,
      "q50": 2.0,
      "q75": 5.0,
      "q90": 7.700000000000017,
      "iqr": 4.0,
      "concentration": 0.6666666666666666,
      "mean_shift_sigma": 0.2876184250599146,
      "validation": {
        "status": "invalid",
        "n_test": 74,
        "ks_stat": 0.12710329376996043,
        "ks_p": 0.1935275438769832,
        "test_mean": 4.527027027027027,
        "test_median": 4.0,
        "train_test_mean_diff": 1.221832221832222
      }
    },
    {
      "dimension": "D2_n1_x_D3",
      "condition": "((np.int64(6),), np.int64(4))",
      "support": 237,
      "ks_stat": 0.11586229517973491,
      "ks_p": 0.006837807777999802,
      "js_divergence": 0.028600012872956104,
      "mean": 3.6244725738396624,
      "median": 3.0,
      "std": 3.1779687665732834,
      "q10": 0.0,
      "q25": 2.0,
      "q50": 3.0,
      "q75": 5.0,
      "q90": 7.0,
      "iqr": 3.0,
      "concentration": 0.5,
      "mean_shift_sigma": 0.20941135714926457,
      "validation": {
        "status": "valid",
        "n_test": 116,
        "ks_stat": 0.22088426686127835,
        "ks_p": 5.4438831498225995e-05,
        "test_mean": 3.8706896551724137,
        "test_median": 3.0,
        "train_test_mean_diff": 0.24621708133275133
      }
    },
    {
      "dimension": "D2_n1_x_D3",
      "condition": "((np.int64(4),), np.int64(4))",
      "support": 221,
      "ks_stat": 0.14237671148916212,
      "ks_p": 0.0006342771657786341,
      "js_divergence": 0.019830825926009054,
      "mean": 3.429864253393665,
      "median": 2.0,
      "std": 3.4681243355612588,
      "q10": 0.0,
      "q25": 1.0,
      "q50": 2.0,
      "q75": 5.0,
      "q90": 8.0,
      "iqr": 4.0,
      "concentration": 0.6666666666666666,
      "mean_shift_sigma": 0.2570806521261631,
      "validation": {
        "status": "valid",
        "n_test": 95,
        "ks_stat": 0.2366750208855472,
        "ks_p": 8.372228347863733e-05,
        "test_mean": 3.663157894736842,
        "test_median": 3.0,
        "train_test_mean_diff": 0.23329364134317698
      }
    }
  ],
  "task_id": "dlt_P4_D2_x_D3",
  "lottery": "daletou",
  "elapsed_seconds": 0.2
}