{
  "status": "completed",
  "position": 2,
  "dimensions": [
    "D1",
    "D8"
  ],
  "n_patterns_found": 4,
  "n_validated": 0,
  "n_insufficient": 0,
  "validation_rate": 0.0,
  "uncond_mean": 7.451118963486454,
  "uncond_std": 5.424524582468086,
  "uncond_iqr": 8.0,
  "patterns": [
    {
      "dimension": "D1_n5_x_D8_span",
      "condition": "((1, -1, 1, 1, -1), np.int64(2))",
      "support": 21,
      "ks_stat": 0.3556284704694599,
      "ks_p": 0.00747322765824395,
      "js_divergence": 0.22468323848048843,
      "mean": 5.333333333333333,
      "median": 3.0,
      "std": 5.092789798971478,
      "q10": 1.0,
      "q25": 3.0,
      "q50": 3.0,
      "q75": 7.0,
      "q90": 9.0,
      "iqr": 4.0,
      "concentration": 0.5,
      "mean_shift_sigma": 0.39040944472769945,
      "validation": {
        "status": "invalid",
        "n_test": 11,
        "ks_stat": 0.162658329324996,
        "ks_p": 0.8916941445073713,
        "test_mean": 8.545454545454545,
        "test_median": 8.0,
        "train_test_mean_diff": 3.212121212121212
      }
    },
    {
      "dimension": "D1_n4_x_D8_span",
      "condition": "((-1, 1, 1, -1), np.int64(2))",
      "support": 37,
      "ks_stat": 0.31701843185942125,
      "ks_p": 0.000981685255932535,
      "js_divergence": 0.15010961762023156,
      "mean": 5.675675675675675,
      "median": 3.0,
      "std": 5.742464176094845,
      "q10": 1.0,
      "q25": 2.0,
      "q50": 3.0,
      "q75": 8.0,
      "q90": 14.799999999999997,
      "iqr": 6.0,
      "concentration": 0.75,
      "mean_shift_sigma": 0.3272993348668679,
      "validation": {
        "status": "invalid",
        "n_test": 17,
        "ks_stat": 0.11987758066189438,
        "ks_p": 0.9457395752139245,
        "test_mean": 7.9411764705882355,
        "test_median": 7.0,
        "train_test_mean_diff": 2.26550079491256
      }
    },
    {
      "dimension": "D1_n2_x_D8_sum",
      "condition": "((1, -1), np.int64(2))",
      "support": 119,
      "ks_stat": 0.16024289574487038,
      "ks_p": 0.005793428267815753,
      "js_divergence": 0.04689241932462629,
      "mean": 5.34453781512605,
      "median": 5.0,
      "std": 3.9202919090204693,
      "q10": 1.0,
      "q25": 2.0,
      "q50": 5.0,
      "q75": 8.0,
      "q90": 11.0,
      "iqr": 6.0,
      "concentration": 0.75,
      "mean_shift_sigma": 0.38834392145052055,
      "validation": {
        "status": "invalid",
        "n_test": 58,
        "ks_stat": 0.0852946542601715,
        "ks_p": 0.7837104931058602,
        "test_mean": 6.293103448275862,
        "test_median": 6.0,
        "train_test_mean_diff": 0.948565633149812
      }
    },
    {
      "dimension": "D1_n1_x_D8_sum",
      "condition": "((-1,), np.int64(2))",
      "support": 162,
      "ks_stat": 0.157614622867862,
      "ks_p": 0.0011198350903848736,
      "js_divergence": 0.027030945814324806,
      "mean": 5.493827160493828,
      "median": 5.0,
      "std": 3.956939385871338,
      "q10": 1.0,
      "q25": 2.0,
      "q50": 5.0,
      "q75": 8.0,
      "q90": 11.0,
      "iqr": 6.0,
      "concentration": 0.75,
      "mean_shift_sigma": 0.36082273630366424,
      "validation": {
        "status": "invalid",
        "n_test": 75,
        "ks_stat": 0.10522045855379189,
        "ks_p": 0.3888585468481541,
        "test_mean": 6.253333333333333,
        "test_median": 6.0,
        "train_test_mean_diff": 0.7595061728395054
      }
    }
  ],
  "task_id": "dlt_P2_D1_x_D8",
  "lottery": "daletou",
  "elapsed_seconds": 0.3
}