{
  "status": "completed",
  "position": 4,
  "dimensions": [
    "D5",
    "D7"
  ],
  "n_patterns_found": 5,
  "n_validated": 2,
  "n_insufficient": 2,
  "validation_rate": 0.4,
  "uncond_mean": 4.479387514723204,
  "uncond_std": 4.082466932651478,
  "uncond_iqr": 6.0,
  "patterns": [
    {
      "dimension": "D5_x_D7",
      "condition": "((0, 0), (-1, -1))",
      "support": 36,
      "ks_stat": 0.2756183745583039,
      "ks_p": 0.0073794556959517555,
      "js_divergence": 0.079514740266366,
      "mean": 6.861111111111111,
      "median": 6.0,
      "std": 4.340716644478688,
      "q10": 2.0,
      "q25": 3.75,
      "q50": 6.0,
      "q75": 8.25,
      "q90": 14.0,
      "iqr": 4.5,
      "concentration": 0.75,
      "mean_shift_sigma": 0.5834030344101346,
      "validation": {
        "status": "valid",
        "n_test": 35,
        "ks_stat": 0.24162257495590828,
        "ks_p": 0.03139650892446846,
        "test_mean": 8.114285714285714,
        "test_median": 8.0,
        "train_test_mean_diff": 1.2531746031746032
      }
    },
    {
      "dimension": "D5_x_D7",
      "condition": "((1, 1), (-1, 1))",
      "support": 48,
      "ks_stat": 0.2508097762073027,
      "ks_p": 0.00448907049380306,
      "js_divergence": 0.05031929636192771,
      "mean": 2.7916666666666665,
      "median": 2.0,
      "std": 1.8703646406219534,
      "q10": 1.0,
      "q25": 1.0,
      "q50": 2.0,
      "q75": 4.0,
      "q90": 5.0,
      "iqr": 3.0,
      "concentration": 0.5,
      "mean_shift_sigma": 0.41340710798125124,
      "validation": {
        "status": "valid",
        "n_test": 38,
        "ks_stat": 0.23540332312262136,
        "ks_p": 0.02815732342693755,
        "test_mean": 3.3684210526315788,
        "test_median": 2.5,
        "train_test_mean_diff": 0.5767543859649122
      }
    },
    {
      "dimension": "D5_x_D7",
      "condition": "((1, 1), (-1, -1))",
      "support": 96,
      "ks_stat": 0.2062720848056537,
      "ks_p": 0.0007207965712496858,
      "js_divergence": 0.029118458970966446,
      "mean": 5.8125,
      "median": 5.0,
      "std": 4.090926188937333,
      "q10": 1.0,
      "q25": 3.0,
      "q50": 5.0,
      "q75": 7.25,
      "q90": 11.5,
      "iqr": 4.25,
      "concentration": 0.7083333333333334,
      "mean_shift_sigma": 0.32654581341849775,
      "validation": {
        "status": "invalid",
        "n_test": 69,
        "ks_stat": 0.07863660762211487,
        "ks_p": 0.7850262169163449,
        "test_mean": 6.0,
        "test_median": 5.0,
        "train_test_mean_diff": 0.1875
      }
    },
    {
      "dimension": "D5_x_D7",
      "condition": "((1, 2), (1, 0))",
      "support": 22,
      "ks_stat": 0.8857479387514723,
      "ks_p": 1.1431033649415912e-20,
      "js_divergence": 0.0,
      "mean": 0.0,
      "median": 0.0,
      "std": 0.0,
      "q10": 0.0,
      "q25": 0.0,
      "q50": 0.0,
      "q75": 0.0,
      "q90": 0.0,
      "iqr": 0.0,
      "concentration": 0.0,
      "mean_shift_sigma": 1.0972256698265364,
      "validation": {
        "status": "insufficient",
        "n_test": 6
      }
    },
    {
      "dimension": "D5_x_D7",
      "condition": "((1, 2), (-1, 0))",
      "support": 21,
      "ks_stat": 0.8857479387514723,
      "ks_p": 9.09840109225457e-20,
      "js_divergence": 0.0,
      "mean": 0.0,
      "median": 0.0,
      "std": 0.0,
      "q10": 0.0,
      "q25": 0.0,
      "q50": 0.0,
      "q75": 0.0,
      "q90": 0.0,
      "iqr": 0.0,
      "concentration": 0.0,
      "mean_shift_sigma": 1.0972256698265364,
      "validation": {
        "status": "insufficient",
        "n_test": 6
      }
    }
  ],
  "task_id": "dlt_P4_D5_x_D7",
  "lottery": "daletou",
  "elapsed_seconds": 0.2
}