{
  "status": "completed",
  "position": 3,
  "dimensions": [
    "D9"
  ],
  "n_patterns_found": 1,
  "n_validated": 1,
  "n_insufficient": 0,
  "validation_rate": 1.0,
  "uncond_mean": 5.953567937438905,
  "uncond_std": 4.355566822255883,
  "uncond_iqr": 7.0,
  "patterns": [
    {
      "dimension": "D9",
      "condition": "(3, 3)",
      "support": 227,
      "ks_stat": 0.11420586424139074,
      "ks_p": 0.008835750834412067,
      "js_divergence": 0.02007473194697493,
      "mean": 4.960352422907489,
      "median": 4.0,
      "std": 3.7655072446775084,
      "q10": 1.0,
      "q25": 2.0,
      "q50": 4.0,
      "q75": 7.0,
      "q90": 10.0,
      "iqr": 5.0,
      "concentration": 0.7142857142857143,
      "mean_shift_sigma": 0.22803358439051538,
      "validation": {
        "status": "valid",
        "n_test": 171,
        "ks_stat": 0.10901338265135753,
        "ks_p": 0.049635771797278246,
        "test_mean": 5.421052631578948,
        "test_median": 4.0,
        "train_test_mean_diff": 0.4607002086714589
      }
    }
  ],
  "task_id": "ssq_P3_D9",
  "lottery": "shuangseqiu",
  "elapsed_seconds": 0.3
}