{
  "status": "completed",
  "position": 2,
  "dimensions": [
    "D5",
    "D7"
  ],
  "n_patterns_found": 1,
  "n_validated": 0,
  "n_insufficient": 0,
  "validation_rate": 0.0,
  "uncond_mean": 6.009286412512219,
  "uncond_std": 4.326192904054333,
  "uncond_iqr": 6.0,
  "patterns": [
    {
      "dimension": "D5_x_D7",
      "condition": "((1, 0), (1, -1))",
      "support": 50,
      "ks_stat": 0.24402737047898337,
      "ks_p": 0.004803841244738988,
      "js_divergence": 0.05392519466902004,
      "mean": 4.24,
      "median": 3.0,
      "std": 3.4150256221586393,
      "q10": 1.0,
      "q25": 2.0,
      "q50": 3.0,
      "q75": 5.75,
      "q90": 9.100000000000001,
      "iqr": 3.75,
      "concentration": 0.625,
      "mean_shift_sigma": 0.4089707629204688,
      "validation": {
        "status": "invalid",
        "n_test": 31,
        "ks_stat": 0.16813866717045295,
        "ks_p": 0.3207966794219226,
        "test_mean": 5.064516129032258,
        "test_median": 5.0,
        "train_test_mean_diff": 0.8245161290322578
      }
    }
  ],
  "task_id": "ssq_P2_D5_x_D7",
  "lottery": "shuangseqiu",
  "elapsed_seconds": 0.3
}