{
  "status": "completed",
  "position": 4,
  "dimensions": [
    "D7"
  ],
  "n_patterns_found": 5,
  "n_validated": 4,
  "n_insufficient": 0,
  "validation_rate": 0.8,
  "uncond_mean": 5.396871945259042,
  "uncond_std": 4.072758364334535,
  "uncond_iqr": 6.0,
  "patterns": [
    {
      "dimension": "D7",
      "condition": "(0, -1)",
      "support": 54,
      "ks_stat": 0.30140110785272073,
      "ks_p": 9.806348271850101e-05,
      "js_divergence": 0.04783949532152578,
      "mean": 3.0555555555555554,
      "median": 3.0,
      "std": 2.0130745479992713,
      "q10": 1.0,
      "q25": 1.0,
      "q50": 3.0,
      "q75": 4.0,
      "q90": 5.700000000000003,
      "iqr": 3.0,
      "concentration": 0.5,
      "mean_shift_sigma": 0.5748724034812813,
      "validation": {
        "status": "invalid",
        "n_test": 34,
        "ks_stat": 0.17126001205753166,
        "ks_p": 0.2538463482559125,
        "test_mean": 4.4411764705882355,
        "test_median": 4.0,
        "train_test_mean_diff": 1.3856209150326801
      }
    },
    {
      "dimension": "D7",
      "condition": "(1, -1)",
      "support": 167,
      "ks_stat": 0.24484754830514924,
      "ks_p": 1.2327226422373523e-08,
      "js_divergence": 0.0464543654561659,
      "mean": 3.461077844311377,
      "median": 3.0,
      "std": 2.5424503786843116,
      "q10": 1.0,
      "q25": 1.0,
      "q50": 3.0,
      "q75": 5.0,
      "q90": 7.0,
      "iqr": 4.0,
      "concentration": 0.6666666666666666,
      "mean_shift_sigma": 0.4753029587759405,
      "validation": {
        "status": "valid",
        "n_test": 115,
        "ks_stat": 0.19990451333630402,
        "ks_p": 0.0003416274826016909,
        "test_mean": 4.043478260869565,
        "test_median": 4.0,
        "train_test_mean_diff": 0.5824004165581882
      }
    },
    {
      "dimension": "D7",
      "condition": "(-1, 1)",
      "support": 178,
      "ks_stat": 0.23273693806495546,
      "ks_p": 2.8072450279627e-08,
      "js_divergence": 0.045387657308506676,
      "mean": 3.5,
      "median": 3.0,
      "std": 2.698834538308812,
      "q10": 1.0,
      "q25": 1.0,
      "q50": 3.0,
      "q75": 5.0,
      "q90": 7.0,
      "iqr": 4.0,
      "concentration": 0.6666666666666666,
      "mean_shift_sigma": 0.46574625243424655,
      "validation": {
        "status": "valid",
        "n_test": 135,
        "ks_stat": 0.24081665853261755,
        "ks_p": 9.391492506130719e-07,
        "test_mean": 3.674074074074074,
        "test_median": 3.0,
        "train_test_mean_diff": 0.17407407407407405
      }
    },
    {
      "dimension": "D7",
      "condition": "(-1, 0)",
      "support": 47,
      "ks_stat": 0.947702834799609,
      "ks_p": 7.114011604574499e-57,
      "js_divergence": 0.0,
      "mean": 0.0,
      "median": 0.0,
      "std": 0.0,
      "q10": 0.0,
      "q25": 0.0,
      "q50": 0.0,
      "q75": 0.0,
      "q90": 0.0,
      "iqr": 0.0,
      "concentration": 0.0,
      "mean_shift_sigma": 1.3251146919296448,
      "validation": {
        "status": "valid",
        "n_test": 35,
        "ks_stat": 0.9480234260614934,
        "ks_p": 3.09955443186149e-42,
        "test_mean": 0.0,
        "test_median": 0.0,
        "train_test_mean_diff": 0.0
      }
    },
    {
      "dimension": "D7",
      "condition": "(1, 0)",
      "support": 47,
      "ks_stat": 0.947702834799609,
      "ks_p": 7.114011604574499e-57,
      "js_divergence": 0.0,
      "mean": 0.0,
      "median": 0.0,
      "std": 0.0,
      "q10": 0.0,
      "q25": 0.0,
      "q50": 0.0,
      "q75": 0.0,
      "q90": 0.0,
      "iqr": 0.0,
      "concentration": 0.0,
      "mean_shift_sigma": 1.3251146919296448,
      "validation": {
        "status": "valid",
        "n_test": 31,
        "ks_stat": 0.9480234260614934,
        "ks_p": 9.97296917520889e-38,
        "test_mean": 0.0,
        "test_median": 0.0,
        "train_test_mean_diff": 0.0
      }
    }
  ],
  "task_id": "ssq_P4_D7",
  "lottery": "shuangseqiu",
  "elapsed_seconds": 0.3
}