{
  "status": "completed",
  "position": 3,
  "dimensions": [
    "D7"
  ],
  "n_patterns_found": 6,
  "n_validated": 5,
  "n_insufficient": 0,
  "validation_rate": 0.8333333333333334,
  "uncond_mean": 5.953567937438905,
  "uncond_std": 4.355566822255883,
  "uncond_iqr": 7.0,
  "patterns": [
    {
      "dimension": "D7",
      "condition": "(0, -1)",
      "support": 42,
      "ks_stat": 0.29472140762463345,
      "ks_p": 0.0011581993816058135,
      "js_divergence": 0.12736131660107342,
      "mean": 3.7857142857142856,
      "median": 3.0,
      "std": 3.0514299090419756,
      "q10": 1.0,
      "q25": 2.0,
      "q50": 3.0,
      "q75": 5.0,
      "q90": 6.0,
      "iqr": 3.0,
      "concentration": 0.42857142857142855,
      "mean_shift_sigma": 0.49772021419747625,
      "validation": {
        "status": "valid",
        "n_test": 41,
        "ks_stat": 0.32876834624861623,
        "ks_p": 0.0002477396133990255,
        "test_mean": 3.8292682926829267,
        "test_median": 3.0,
        "train_test_mean_diff": 0.04355400696864109
      }
    },
    {
      "dimension": "D7",
      "condition": "(0, 1)",
      "support": 49,
      "ks_stat": 0.2326091727013386,
      "ks_p": 0.00924675638234095,
      "js_divergence": 0.0765692551717124,
      "mean": 3.877551020408163,
      "median": 3.0,
      "std": 2.8545177444744265,
      "q10": 1.0,
      "q25": 2.0,
      "q50": 3.0,
      "q75": 6.0,
      "q90": 7.0,
      "iqr": 4.0,
      "concentration": 0.5714285714285714,
      "mean_shift_sigma": 0.47663530414062344,
      "validation": {
        "status": "invalid",
        "n_test": 30,
        "ks_stat": 0.13284529038555393,
        "ks_p": 0.6294012855251635,
        "test_mean": 5.5,
        "test_median": 4.5,
        "train_test_mean_diff": 1.6224489795918369
      }
    },
    {
      "dimension": "D7",
      "condition": "(-1, 1)",
      "support": 196,
      "ks_stat": 0.2517854649191055,
      "ks_p": 1.7900809037636731e-10,
      "js_divergence": 0.06458222845822409,
      "mean": 3.760204081632653,
      "median": 3.0,
      "std": 2.717788709328738,
      "q10": 1.0,
      "q25": 2.0,
      "q50": 3.0,
      "q75": 5.0,
      "q90": 7.0,
      "iqr": 3.0,
      "concentration": 0.42857142857142855,
      "mean_shift_sigma": 0.5035771336577132,
      "validation": {
        "status": "valid",
        "n_test": 109,
        "ks_stat": 0.24036562923959326,
        "ks_p": 1.284543972525549e-05,
        "test_mean": 4.073394495412844,
        "test_median": 4.0,
        "train_test_mean_diff": 0.31319041378019064
      }
    },
    {
      "dimension": "D7",
      "condition": "(1, -1)",
      "support": 194,
      "ks_stat": 0.26532535195654583,
      "ks_p": 1.7142470470224558e-11,
      "js_divergence": 0.058319216455114856,
      "mean": 3.752577319587629,
      "median": 3.0,
      "std": 2.7093991719360324,
      "q10": 1.0,
      "q25": 2.0,
      "q50": 3.0,
      "q75": 5.0,
      "q90": 7.700000000000017,
      "iqr": 3.0,
      "concentration": 0.42857142857142855,
      "mean_shift_sigma": 0.5053281714344849,
      "validation": {
        "status": "valid",
        "n_test": 119,
        "ks_stat": 0.23141233067165373,
        "ks_p": 1.229385596366174e-05,
        "test_mean": 4.033613445378151,
        "test_median": 4.0,
        "train_test_mean_diff": 0.2810361257905223
      }
    },
    {
      "dimension": "D7",
      "condition": "(1, 0)",
      "support": 52,
      "ks_stat": 0.9452590420332356,
      "ks_p": 1.1622010874358828e-61,
      "js_divergence": 0.0,
      "mean": 0.0,
      "median": 0.0,
      "std": 0.0,
      "q10": 0.0,
      "q25": 0.0,
      "q50": 0.0,
      "q75": 0.0,
      "q90": 0.0,
      "iqr": 0.0,
      "concentration": 0.0,
      "mean_shift_sigma": 1.3668870620966314,
      "validation": {
        "status": "valid",
        "n_test": 25,
        "ks_stat": 0.9531478770131772,
        "ks_p": 8.440111312640181e-32,
        "test_mean": 0.0,
        "test_median": 0.0,
        "train_test_mean_diff": 0.0
      }
    },
    {
      "dimension": "D7",
      "condition": "(-1, 0)",
      "support": 47,
      "ks_stat": 0.9452590420332356,
      "ks_p": 4.214464094976687e-56,
      "js_divergence": 0.0,
      "mean": 0.0,
      "median": 0.0,
      "std": 0.0,
      "q10": 0.0,
      "q25": 0.0,
      "q50": 0.0,
      "q75": 0.0,
      "q90": 0.0,
      "iqr": 0.0,
      "concentration": 0.0,
      "mean_shift_sigma": 1.3668870620966314,
      "validation": {
        "status": "valid",
        "n_test": 34,
        "ks_stat": 0.9531478770131772,
        "ks_p": 2.3936534937664276e-42,
        "test_mean": 0.0,
        "test_median": 0.0,
        "train_test_mean_diff": 0.0
      }
    }
  ],
  "task_id": "ssq_P3_D7",
  "lottery": "shuangseqiu",
  "elapsed_seconds": 0.3
}