{
  "status": "completed",
  "position": 2,
  "dimensions": [
    "D1",
    "D7"
  ],
  "n_patterns_found": 16,
  "n_validated": 6,
  "n_insufficient": 1,
  "validation_rate": 0.375,
  "uncond_mean": 6.009286412512219,
  "uncond_std": 4.326192904054333,
  "uncond_iqr": 6.0,
  "patterns": [
    {
      "dimension": "D1_n5_x_D7",
      "condition": "((1, 1, -1, 1, 1), (-1, -1))",
      "support": 22,
      "ks_stat": 0.38758553274682306,
      "ks_p": 0.001889228772217364,
      "js_divergence": 0.1961661687821119,
      "mean": 8.909090909090908,
      "median": 9.5,
      "std": 3.5663718628969145,
      "q10": 5.1,
      "q25": 6.25,
      "q50": 9.5,
      "q75": 11.0,
      "q90": 12.800000000000004,
      "iqr": 4.75,
      "concentration": 0.7916666666666666,
      "mean_shift_sigma": 0.6702901513848606,
      "validation": {
        "status": "invalid",
        "n_test": 19,
        "ks_stat": 0.3031902596902212,
        "ks_p": 0.05023680023681576,
        "test_mean": 8.210526315789474,
        "test_median": 6.0,
        "train_test_mean_diff": 0.698564593301434
      }
    },
    {
      "dimension": "D1_n5_x_D7",
      "condition": "((-1, 1, -1, -1, 1), (1, -1))",
      "support": 22,
      "ks_stat": 0.38220918866080156,
      "ks_p": 0.002296630660029872,
      "js_divergence": 0.1781024483752109,
      "mean": 3.8636363636363638,
      "median": 3.0,
      "std": 3.5457459087738896,
      "q10": 1.0,
      "q25": 1.25,
      "q50": 3.0,
      "q75": 4.0,
      "q90": 7.900000000000002,
      "iqr": 2.75,
      "concentration": 0.4583333333333333,
      "mean_shift_sigma": 0.4959672618539592,
      "validation": {
        "status": "insufficient",
        "n_test": 2
      }
    },
    {
      "dimension": "D1_n2_x_D7",
      "condition": "((0, -1), (1, 1))",
      "support": 26,
      "ks_stat": 0.33291976840363935,
      "ks_p": 0.004877847243017234,
      "js_divergence": 0.1445436813498409,
      "mean": 8.807692307692308,
      "median": 9.0,
      "std": 4.795985747470568,
      "q10": 2.5,
      "q25": 6.25,
      "q50": 9.0,
      "q75": 11.0,
      "q90": 15.5,
      "iqr": 4.75,
      "concentration": 0.7916666666666666,
      "mean_shift_sigma": 0.6468518527127017,
      "validation": {
        "status": "invalid",
        "n_test": 12,
        "ks_stat": 0.36481210346510495,
        "ks_p": 0.0632000482505701,
        "test_mean": 10.166666666666666,
        "test_median": 10.0,
        "train_test_mean_diff": 1.3589743589743577
      }
    },
    {
      "dimension": "D1_n1_x_D7",
      "condition": "((1,), (-1, 1))",
      "support": 74,
      "ks_stat": 0.2627143272304563,
      "ks_p": 7.721328650213393e-05,
      "js_divergence": 0.08807254683190952,
      "mean": 3.6486486486486487,
      "median": 3.0,
      "std": 2.56500583441954,
      "q10": 1.0,
      "q25": 1.0,
      "q50": 3.0,
      "q75": 5.0,
      "q90": 7.0,
      "iqr": 4.0,
      "concentration": 0.6666666666666666,
      "mean_shift_sigma": 0.5456616975288541,
      "validation": {
        "status": "valid",
        "n_test": 55,
        "ks_stat": 0.2829096233195794,
        "ks_p": 0.00030866029390175985,
        "test_mean": 3.8545454545454545,
        "test_median": 3.0,
        "train_test_mean_diff": 0.2058968058968058
      }
    },
    {
      "dimension": "D1_n3_x_D7",
      "condition": "((1, -1, 1), (1, -1))",
      "support": 38,
      "ks_stat": 0.3008694757421413,
      "ks_p": 0.001716916236296992,
      "js_divergence": 0.06908536780792303,
      "mean": 4.105263157894737,
      "median": 3.0,
      "std": 2.6236723327609512,
      "q10": 1.7000000000000002,
      "q25": 2.25,
      "q50": 3.0,
      "q75": 4.75,
      "q90": 8.600000000000009,
      "iqr": 2.5,
      "concentration": 0.4166666666666667,
      "mean_shift_sigma": 0.44011519986385916,
      "validation": {
        "status": "invalid",
        "n_test": 27,
        "ks_stat": 0.255354915677024,
        "ks_p": 0.052044139977677796,
        "test_mean": 4.111111111111111,
        "test_median": 3.0,
        "train_test_mean_diff": 0.005847953216373547
      }
    },
    {
      "dimension": "D1_n2_x_D7",
      "condition": "((-1, 1), (1, -1))",
      "support": 82,
      "ks_stat": 0.2713444436497151,
      "ks_p": 1.284329278596431e-05,
      "js_divergence": 0.06608422341318362,
      "mean": 4.085365853658536,
      "median": 3.0,
      "std": 3.077063929645712,
      "q10": 1.0,
      "q25": 2.0,
      "q50": 3.0,
      "q75": 5.0,
      "q90": 8.0,
      "iqr": 3.0,
      "concentration": 0.5,
      "mean_shift_sigma": 0.44471446408472964,
      "validation": {
        "status": "invalid",
        "n_test": 41,
        "ks_stat": 0.207477770238903,
        "ks_p": 0.055563178320702136,
        "test_mean": 4.560975609756097,
        "test_median": 3.0,
        "train_test_mean_diff": 0.47560975609756095
      }
    },
    {
      "dimension": "D1_n5_x_D7",
      "condition": "((1, -1, -1, 1, -1), (1, 1))",
      "support": 48,
      "ks_stat": 0.2947825024437928,
      "ks_p": 0.000417055704333114,
      "js_divergence": 0.04671074376046899,
      "mean": 8.0625,
      "median": 8.0,
      "std": 3.771638956298265,
      "q10": 2.7,
      "q25": 6.0,
      "q50": 8.0,
      "q75": 10.25,
      "q90": 13.0,
      "iqr": 4.25,
      "concentration": 0.7083333333333334,
      "mean_shift_sigma": 0.47460056290222097,
      "validation": {
        "status": "invalid",
        "n_test": 31,
        "ks_stat": 0.15498512256175317,
        "ks_p": 0.41717488520417173,
        "test_mean": 7.645161290322581,
        "test_median": 7.0,
        "train_test_mean_diff": 0.41733870967741904
      }
    },
    {
      "dimension": "D1_n2_x_D7",
      "condition": "((-1, 1), (1, 1))",
      "support": 152,
      "ks_stat": 0.14127051499717033,
      "ks_p": 0.0062858828522375475,
      "js_divergence": 0.02955325084041114,
      "mean": 5.322368421052632,
      "median": 5.0,
      "std": 3.6084731675749,
      "q10": 1.0,
      "q25": 3.0,
      "q50": 5.0,
      "q75": 7.0,
      "q90": 10.0,
      "iqr": 4.0,
      "concentration": 0.6666666666666666,
      "mean_shift_sigma": 0.1587811747404596,
      "validation": {
        "status": "invalid",
        "n_test": 96,
        "ks_stat": 0.06983589555880917,
        "ks_p": 0.7457541869207713,
        "test_mean": 5.833333333333333,
        "test_median": 5.0,
        "train_test_mean_diff": 0.5109649122807012
      }
    },
    {
      "dimension": "D1_n1_x_D7",
      "condition": "((1,), (1, -1))",
      "support": 122,
      "ks_stat": 0.1623880262166883,
      "ks_p": 0.004023397718216431,
      "js_divergence": 0.027513595335080986,
      "mean": 4.614754098360656,
      "median": 4.0,
      "std": 3.349692232771017,
      "q10": 1.0,
      "q25": 2.0,
      "q50": 4.0,
      "q75": 6.75,
      "q90": 10.0,
      "iqr": 4.75,
      "concentration": 0.7916666666666666,
      "mean_shift_sigma": 0.32234630888619503,
      "validation": {
        "status": "valid",
        "n_test": 77,
        "ks_stat": 0.16059782091992927,
        "ks_p": 0.041227221342837066,
        "test_mean": 4.87012987012987,
        "test_median": 5.0,
        "train_test_mean_diff": 0.2553757717692138
      }
    },
    {
      "dimension": "D1_n2_x_D7",
      "condition": "((1, 1), (-1, 1))",
      "support": 21,
      "ks_stat": 0.35023041474654376,
      "ks_p": 0.008760754353823156,
      "js_divergence": 0.025460869576640205,
      "mean": 3.4761904761904763,
      "median": 3.0,
      "std": 1.8928197061287422,
      "q10": 1.0,
      "q25": 2.0,
      "q50": 3.0,
      "q75": 5.0,
      "q90": 6.0,
      "iqr": 3.0,
      "concentration": 0.5,
      "mean_shift_sigma": 0.585525424432144,
      "validation": {
        "status": "invalid",
        "n_test": 13,
        "ks_stat": 0.23775199909899764,
        "ks_p": 0.3974177093782957,
        "test_mean": 4.846153846153846,
        "test_median": 4.0,