{
  "status": "completed",
  "position": 4,
  "dimensions": [
    "D1",
    "D3",
    "D12"
  ],
  "n_patterns_found": 11,
  "n_validated": 6,
  "n_insufficient": 0,
  "validation_rate": 0.5454545454545454,
  "uncond_mean": 5.396871945259042,
  "uncond_std": 4.072758364334535,
  "uncond_iqr": 6.0,
  "patterns": [
    {
      "dimension": "D1_n1_x_D3_x_D12",
      "condition": "((-1,), np.int64(1), 0)",
      "support": 41,
      "ks_stat": 0.5704169944925256,
      "ks_p": 7.084858318457371e-13,
      "js_divergence": 0.22596055265478787,
      "mean": 12.512195121951219,
      "median": 13.0,
      "std": 5.415073592363073,
      "q10": 5.0,
      "q25": 9.0,
      "q50": 13.0,
      "q75": 17.0,
      "q90": 19.0,
      "iqr": 8.0,
      "concentration": 1.3333333333333333,
      "mean_shift_sigma": 1.7470526213883988,
      "validation": {
        "status": "valid",
        "n_test": 33,
        "ks_stat": 0.5688362394072497,
        "ks_p": 2.311919552987064e-10,
        "test_mean": 12.06060606060606,
        "test_median": 13.0,
        "train_test_mean_diff": 0.4515890613451585
      }
    },
    {
      "dimension": "D1_n5_x_D3_x_D12",
      "condition": "((-1, 1, -1, 1, -1), np.int64(2), 0)",
      "support": 31,
      "ks_stat": 0.3616813294232649,
      "ks_p": 0.0004431273055495667,
      "js_divergence": 0.11914377573952624,
      "mean": 7.935483870967742,
      "median": 8.0,
      "std": 3.8766087929543294,
      "q10": 2.0,
      "q25": 6.0,
      "q50": 8.0,
      "q75": 10.0,
      "q90": 12.0,
      "iqr": 4.0,
      "concentration": 0.6666666666666666,
      "mean_shift_sigma": 0.6233151340230553,
      "validation": {
        "status": "valid",
        "n_test": 24,
        "ks_stat": 0.35059785261102977,
        "ks_p": 0.004255993874694134,
        "test_mean": 8.333333333333334,
        "test_median": 10.0,
        "train_test_mean_diff": 0.39784946236559193
      }
    },
    {
      "dimension": "D1_n1_x_D3_x_D12",
      "condition": "((-1,), np.int64(3), 2)",
      "support": 39,
      "ks_stat": 0.2721633205504173,
      "ks_p": 0.005379897383174667,
      "js_divergence": 0.0715140797090591,
      "mean": 3.2564102564102564,
      "median": 3.0,
      "std": 2.7148022425777283,
      "q10": 0.0,
      "q25": 1.0,
      "q50": 3.0,
      "q75": 4.0,
      "q90": 8.0,
      "iqr": 3.0,
      "concentration": 0.5,
      "mean_shift_sigma": 0.525555777527333,
      "validation": {
        "status": "invalid",
        "n_test": 32,
        "ks_stat": 0.2335285505124451,
        "ks_p": 0.055328816890940005,
        "test_mean": 3.84375,
        "test_median": 3.5,
        "train_test_mean_diff": 0.5873397435897436
      }
    },
    {
      "dimension": "D1_n1_x_D3_x_D12",
      "condition": "((1,), np.int64(3), 0)",
      "support": 159,
      "ks_stat": 0.15027020048322542,
      "ks_p": 0.0022463888599318347,
      "js_divergence": 0.03660584269460361,
      "mean": 4.176100628930818,
      "median": 4.0,
      "std": 2.927927962466944,
      "q10": 1.0,
      "q25": 2.0,
      "q50": 4.0,
      "q75": 6.0,
      "q90": 8.0,
      "iqr": 4.0,
      "concentration": 0.6666666666666666,
      "mean_shift_sigma": 0.2997406688839226,
      "validation": {
        "status": "valid",
        "n_test": 115,
        "ks_stat": 0.175994652746833,
        "ks_p": 0.0023987424697445602,
        "test_mean": 4.139130434782609,
        "test_median": 4.0,
        "train_test_mean_diff": 0.03697019414820879
      }
    },
    {
      "dimension": "D1_n2_x_D3_x_D12",
      "condition": "((-1, 1), np.int64(3), 1)",
      "support": 113,
      "ks_stat": 0.1659919203453317,
      "ks_p": 0.004761276771368566,
      "js_divergence": 0.03018530202793878,
      "mean": 4.176991150442478,
      "median": 4.0,
      "std": 2.847853060292794,
      "q10": 1.0,
      "q25": 2.0,
      "q50": 4.0,
      "q75": 6.0,
      "q90": 8.799999999999997,
      "iqr": 4.0,
      "concentration": 0.6666666666666666,
      "mean_shift_sigma": 0.2995220157176903,
      "validation": {
        "status": "invalid",
        "n_test": 68,
        "ks_stat": 0.14695116699681338,
        "ks_p": 0.1096499299185789,
        "test_mean": 4.1911764705882355,
        "test_median": 4.0,
        "train_test_mean_diff": 0.014185320145757352
      }
    },
    {
      "dimension": "D1_n2_x_D3_x_D12",
      "condition": "((1, -1), np.int64(3), 1)",
      "support": 109,
      "ks_stat": 0.17094442501367627,
      "ks_p": 0.004086876611985566,
      "js_divergence": 0.02889354902783109,
      "mean": 3.871559633027523,
      "median": 3.0,
      "std": 2.9244333488013567,
      "q10": 0.0,
      "q25": 2.0,
      "q50": 3.0,
      "q75": 6.0,
      "q90": 8.0,
      "iqr": 4.0,
      "concentration": 0.6666666666666666,
      "mean_shift_sigma": 0.37451578900157656,
      "validation": {
        "status": "valid",
        "n_test": 76,
        "ks_stat": 0.1766779687138784,
        "ks_p": 0.019426919142403836,
        "test_mean": 4.105263157894737,
        "test_median": 4.0,
        "train_test_mean_diff": 0.23370352486721435
      }
    },
    {
      "dimension": "D1_n1_x_D3_x_D12",
      "condition": "((-1,), np.int64(3), 1)",
      "support": 141,
      "ks_stat": 0.1675609908279778,
      "ks_p": 0.0010446465369987903,
      "js_divergence": 0.027541324846676013,
      "mean": 3.8297872340425534,
      "median": 3.0,
      "std": 2.929327003309685,
      "q10": 0.0,
      "q25": 2.0,
      "q50": 3.0,
      "q75": 6.0,
      "q90": 8.0,
      "iqr": 4.0,
      "concentration": 0.6666666666666666,
      "mean_shift_sigma": 0.3847723265243458,
      "validation": {
        "status": "invalid",
        "n_test": 101,
        "ks_stat": 0.1311337575924503,
        "ks_p": 0.07146408542935823,
        "test_mean": 4.435643564356436,
        "test_median": 4.0,
        "train_test_mean_diff": 0.6058563303138826
      }
    },
    {
      "dimension": "D1_n1_x_D3_x_D12",
      "condition": "((1,), np.int64(3), 1)",
      "support": 140,
      "ks_stat": 0.15960759670437089,
      "ks_p": 0.002196486124472506,
      "js_divergence": 0.025546496808229444,
      "mean": 4.207142857142857,
      "median": 4.0,
      "std": 2.948356512101103,
      "q10": 1.0,
      "q25": 2.0,
      "q50": 4.0,
      "q75": 6.0,
      "q90": 9.0,
      "iqr": 4.0,
      "concentration": 0.6666666666666666,
      "mean_shift_sigma": 0.29211875139333954,
      "validation": {
        "status": "invalid",
        "n_test": 85,
        "ks_stat": 0.14400999052622512,
        "ks_p": 0.06503462907412594,
        "test_mean": 4.435294117647059,
        "test_median": 4.0,
        "train_test_mean_diff": 0.22815126050420176
      }
    },
    {
      "dimension": "D1_n3_x_D3_x_D12",
      "condition": "((-1, 1, -1), np.int64(3), 0)",
      "support": 107,
      "ks_stat": 0.15967330830158688,
      "ks_p": 0.009845016748317921,
      "js_divergence": 0.02550373591381922,
      "mean": 4.11214953271028,
      "median": 4.0,
      "std": 2.5807595158353185,
      "q10": 1.0,
      "q25": 2.0,
      "q50": 4.0,
      "q75": 6.0,
      "q90": 8.0,
      "iqr": 4.0,
      "concentration": 0.6666666666666666,
      "mean_shift_sigma": 0.3154428271019407,
      "validation": {
        "status": "invalid",
        "n_test": 66,
        "ks_stat": 0.16591241847464394,
        "ks_p": 0.05519516496556144,
        "test_mean": 4.166666666666667,
        "test_median": 4.0,
        "train_test_mean_diff": 0.05451713395638702
      }
    },
    {
      "dimension": "D1_n2_x_D3_x_D12",
      "condition": "((1, -1), np.int64(3), 0)",
      "support": 180,
      "ks_stat": 0.1569566634082763,
      "ks_p": 0.0004997046919654099,
      "js_divergence": 0.013884353999454025,
      "mean": 4.027777777777778,
      "median": 4.0,
      "std": 2.650850084942471,
      "q10": 1.0,
      "q25": 2.0,
      "q50": 4.0,
      "q75": 6.0,
      "q90": 8.0,
      "iqr": 4.0,
      "concentration": 0.6666666666666666,