{
  "status": "completed",
  "position": 2,
  "dimensions": [
    "D1",
    "D3"
  ],
  "n_patterns_found": 7,
  "n_validated": 5,
  "n_insufficient": 0,
  "validation_rate": 0.7142857142857143,
  "uncond_mean": 6.009286412512219,
  "uncond_std": 4.326192904054333,
  "uncond_iqr": 6.0,
  "patterns": [
    {
      "dimension": "D1_n5_x_D3",
      "condition": "((1, -1, 1, -1, -1), 0)",
      "support": 21,
      "ks_stat": 0.38109202625331656,
      "ks_p": 0.003185111905168247,
      "js_divergence": 0.23462624959629286,
      "mean": 9.380952380952381,
      "median": 9.0,
      "std": 4.4984250204264935,
      "q10": 4.0,
      "q25": 7.0,
      "q50": 9.0,
      "q75": 10.0,
      "q90": 17.0,
      "iqr": 3.0,
      "concentration": 0.5,
      "mean_shift_sigma": 0.7793609862566167,
      "validation": {
        "status": "invalid",
        "n_test": 10,
        "ks_stat": 0.3349926793557833,
        "ks_p": 0.1703034384145124,
        "test_mean": 9.0,
        "test_median": 9.5,
        "train_test_mean_diff": 0.3809523809523814
      }
    },
    {
      "dimension": "D1_n5_x_D3",
      "condition": "((-1, 1, -1, -1, 1), np.int64(3))",
      "support": 20,
      "ks_stat": 0.4367546432062561,
      "ks_p": 0.000591923634752039,
      "js_divergence": 0.2079760642125284,
      "mean": 11.3,
      "median": 12.5,
      "std": 5.282991576748916,
      "q10": 3.9000000000000004,
      "q25": 7.75,
      "q50": 12.5,
      "q75": 14.5,
      "q90": 18.1,
      "iqr": 6.75,
      "concentration": 1.125,
      "mean_shift_sigma": 1.222949069730464,
      "validation": {
        "status": "valid",
        "n_test": 11,
        "ks_stat": 0.579661919339811,
        "ks_p": 0.0005261156872487595,
        "test_mean": 11.090909090909092,
        "test_median": 10.0,
        "train_test_mean_diff": 0.209090909090909
      }
    },
    {
      "dimension": "D1_n3_x_D3",
      "condition": "((1, 1, -1), 0)",
      "support": 26,
      "ks_stat": 0.413677720129333,
      "ks_p": 0.00017242224964203335,
      "js_divergence": 0.1901778335292938,
      "mean": 10.346153846153847,
      "median": 11.5,
      "std": 4.851187861610707,
      "q10": 4.0,
      "q25": 6.25,
      "q50": 11.5,
      "q75": 12.75,
      "q90": 17.0,
      "iqr": 6.5,
      "concentration": 1.0833333333333333,
      "mean_shift_sigma": 1.0024674187730487,
      "validation": {
        "status": "invalid",
        "n_test": 19,
        "ks_stat": 0.1256068428758573,
        "ks_p": 0.8931189781586137,
        "test_mean": 6.842105263157895,
        "test_median": 6.0,
        "train_test_mean_diff": 3.504048582995952
      }
    },
    {
      "dimension": "D1_n4_x_D3",
      "condition": "((1, -1, -1, 1), np.int64(3))",
      "support": 32,
      "ks_stat": 0.3861498044965787,
      "ks_p": 9.76028815261195e-05,
      "js_divergence": 0.1431938942363393,
      "mean": 10.53125,
      "median": 11.5,
      "std": 5.086651495581352,
      "q10": 4.0,
      "q25": 5.75,
      "q50": 11.5,
      "q75": 14.0,
      "q90": 17.0,
      "iqr": 8.25,
      "concentration": 1.375,
      "mean_shift_sigma": 1.0452524165646842,
      "validation": {
        "status": "valid",
        "n_test": 17,
        "ks_stat": 0.4352768926018431,
        "ks_p": 0.0020771100328997798,
        "test_mean": 10.117647058823529,
        "test_median": 9.0,
        "train_test_mean_diff": 0.413602941176471
      }
    },
    {
      "dimension": "D1_n5_x_D3",
      "condition": "((-1, 1, -1, 1, 1), np.int64(3))",
      "support": 26,
      "ks_stat": 0.33291976840363935,
      "ks_p": 0.004877847243017234,
      "js_divergence": 0.12270276015209518,
      "mean": 7.730769230769231,
      "median": 8.0,
      "std": 3.8084692292077778,
      "q10": 2.5,
      "q25": 5.5,
      "q50": 8.0,
      "q75": 10.0,
      "q90": 12.0,
      "iqr": 4.5,
      "concentration": 0.75,
      "mean_shift_sigma": 0.3979209564704586,
      "validation": {
        "status": "valid",
        "n_test": 14,
        "ks_stat": 0.3896674335912989,
        "ks_p": 0.020941358363208346,
        "test_mean": 9.571428571428571,
        "test_median": 9.0,
        "train_test_mean_diff": 1.8406593406593403
      }
    },
    {
      "dimension": "D1_n4_x_D3",
      "condition": "((1, -1, -1, 1), np.int64(1))",
      "support": 41,
      "ks_stat": 0.2713444436497151,
      "ks_p": 0.004178696138153772,
      "js_divergence": 0.06689352306875461,
      "mean": 4.024390243902439,
      "median": 4.0,
      "std": 2.9341372179165983,
      "q10": 1.0,
      "q25": 2.0,
      "q50": 4.0,
      "q75": 5.0,
      "q90": 7.0,
      "iqr": 3.0,
      "concentration": 0.5,
      "mean_shift_sigma": 0.4588089834712677,
      "validation": {
        "status": "valid",
        "n_test": 29,
        "ks_stat": 0.2802796990962791,
        "ks_p": 0.018217627863736017,
        "test_mean": 4.172413793103448,
        "test_median": 3.0,
        "train_test_mean_diff": 0.14802354920100935
      }
    },
    {
      "dimension": "D1_n3_x_D3",
      "condition": "((-1, -1, 1), np.int64(1))",
      "support": 58,
      "ks_stat": 0.22543566926214312,
      "ks_p": 0.0053154404682977845,
      "js_divergence": 0.05280280760854192,
      "mean": 4.172413793103448,
      "median": 4.0,
      "std": 2.936910944809322,
      "q10": 1.0,
      "q25": 2.0,
      "q50": 4.0,
      "q75": 6.0,
      "q90": 7.300000000000004,
      "iqr": 4.0,
      "concentration": 0.6666666666666666,
      "mean_shift_sigma": 0.4245933226156716,
      "validation": {
        "status": "valid",
        "n_test": 48,
        "ks_stat": 0.2845900439238653,
        "ks_p": 0.0008122920252135003,
        "test_mean": 3.8958333333333335,
        "test_median": 2.5,
        "train_test_mean_diff": 0.2765804597701149
      }
    }
  ],
  "task_id": "ssq_P2_D1_x_D3",
  "lottery": "shuangseqiu",
  "elapsed_seconds": 0.3
}