{
  "status": "completed",
  "position": 0,
  "dimensions": [
    "D2",
    "D3"
  ],
  "n_patterns_found": 10,
  "n_validated": 5,
  "n_insufficient": 1,
  "validation_rate": 0.5,
  "uncond_mean": 3.8470185728250246,
  "uncond_std": 3.349991378382439,
  "uncond_iqr": 5.0,
  "patterns": [
    {
      "dimension": "D2_n1_x_D3",
      "condition": "((np.int64(9),), np.int64(2))",
      "support": 47,
      "ks_stat": 0.6459828206568083,
      "ks_p": 3.6266279453971465e-19,
      "js_divergence": 0.2800208550028404,
      "mean": 10.76595744680851,
      "median": 12.0,
      "std": 4.283629232606919,
      "q10": 5.0,
      "q25": 8.0,
      "q50": 12.0,
      "q75": 13.5,
      "q90": 15.399999999999999,
      "iqr": 5.5,
      "concentration": 1.1,
      "mean_shift_sigma": 2.065360203202771,
      "validation": {
        "status": "valid",
        "n_test": 26,
        "ks_stat": 0.7733415925216803,
        "ks_p": 1.7663447436400272e-16,
        "test_mean": 11.307692307692308,
        "test_median": 12.0,
        "train_test_mean_diff": 0.541734860883798
      }
    },
    {
      "dimension": "D2_n1_x_D3",
      "condition": "((np.int64(4),), np.int64(1))",
      "support": 27,
      "ks_stat": 0.41832301509720865,
      "ks_p": 9.727020974971565e-05,
      "js_divergence": 0.12446329711853525,
      "mean": 6.0,
      "median": 6.0,
      "std": 2.5385910352879693,
      "q10": 2.6,
      "q25": 4.5,
      "q50": 6.0,
      "q75": 8.0,
      "q90": 9.400000000000002,
      "iqr": 3.5,
      "concentration": 0.7,
      "mean_shift_sigma": 0.6426826770564866,
      "validation": {
        "status": "invalid",
        "n_test": 20,
        "ks_stat": 0.25900439238653,
        "ks_p": 0.11788340042710928,
        "test_mean": 4.7,
        "test_median": 4.0,
        "train_test_mean_diff": 1.2999999999999998
      }
    },
    {
      "dimension": "D2_n2_x_D3",
      "condition": "((np.int64(2), np.int64(8)), np.int64(1))",
      "support": 26,
      "ks_stat": 0.335701932476126,
      "ks_p": 0.004404956330516073,
      "js_divergence": 0.09375915793975788,
      "mean": 5.038461538461538,
      "median": 5.0,
      "std": 2.5940874967564995,
      "q10": 1.5,
      "q25": 4.0,
      "q50": 5.0,
      "q75": 6.0,
      "q90": 8.0,
      "iqr": 2.0,
      "concentration": 0.4,
      "mean_shift_sigma": 0.35565553192910254,
      "validation": {
        "status": "valid",
        "n_test": 23,
        "ks_stat": 0.28509134890826915,
        "ks_p": 0.04036458009712025,
        "test_mean": 5.086956521739131,
        "test_median": 5.0,
        "train_test_mean_diff": 0.048494983277592496
      }
    },
    {
      "dimension": "D2_n2_x_D3",
      "condition": "((np.int64(6), np.int64(2)), 0)",
      "support": 36,
      "ks_stat": 0.2911371782339524,
      "ks_p": 0.003769065358724383,
      "js_divergence": 0.09228367995483275,
      "mean": 2.5,
      "median": 2.0,
      "std": 2.7436796055257213,
      "q10": 0.0,
      "q25": 1.0,
      "q50": 2.0,
      "q75": 3.0,
      "q90": 5.0,
      "iqr": 2.0,
      "concentration": 0.4,
      "mean_shift_sigma": 0.40209613120719123,
      "validation": {
        "status": "invalid",
        "n_test": 21,
        "ks_stat": 0.27274628738757584,
        "ks_p": 0.07527889955121113,
        "test_mean": 2.857142857142857,
        "test_median": 1.0,
        "train_test_mean_diff": 0.3571428571428572
      }
    },
    {
      "dimension": "D2_n2_x_D3",
      "condition": "((np.int64(1), np.int64(8)), np.int64(1))",
      "support": 26,
      "ks_stat": 0.35750808331453493,
      "ks_p": 0.0019217148277409963,
      "js_divergence": 0.07608977332103373,
      "mean": 5.6923076923076925,
      "median": 6.5,
      "std": 2.349619130661733,
      "q10": 2.0,
      "q25": 4.0,
      "q50": 6.5,
      "q75": 7.0,
      "q90": 8.5,
      "iqr": 3.0,
      "concentration": 0.6,
      "mean_shift_sigma": 0.5508339906157238,
      "validation": {
        "status": "insufficient",
        "n_test": 5
      }
    },
    {
      "dimension": "D2_n2_x_D3",
      "condition": "((np.int64(8), np.int64(2)), 0)",
      "support": 39,
      "ks_stat": 0.28686367396044815,
      "ks_p": 0.002784927992934636,
      "js_divergence": 0.03901901833757012,
      "mean": 2.2051282051282053,
      "median": 1.0,
      "std": 2.185963229327909,
      "q10": 0.0,
      "q25": 1.0,
      "q50": 1.0,
      "q75": 3.0,
      "q90": 5.200000000000003,
      "iqr": 2.0,
      "concentration": 0.4,
      "mean_shift_sigma": 0.49011778904625564,
      "validation": {
        "status": "invalid",
        "n_test": 23,
        "ks_stat": 0.1413839200458336,
        "ks_p": 0.7038153962731901,
        "test_mean": 4.826086956521739,
        "test_median": 4.0,
        "train_test_mean_diff": 2.620958751393534
      }
    },
    {
      "dimension": "D2_n1_x_D3",
      "condition": "((np.int64(5),), 0)",
      "support": 234,
      "ks_stat": 0.12967140386495224,
      "ks_p": 0.001534713105283731,
      "js_divergence": 0.024207060884209645,
      "mean": 3.1623931623931623,
      "median": 3.0,
      "std": 2.8298085615454593,
      "q10": 0.0,
      "q25": 1.0,
      "q50": 3.0,
      "q75": 4.0,
      "q90": 6.0,
      "iqr": 3.0,
      "concentration": 0.6,
      "mean_shift_sigma": 0.20436632011943784,
      "validation": {
        "status": "invalid",
        "n_test": 140,
        "ks_stat": 0.11358502405354529,
        "ks_p": 0.06933823691494422,
        "test_mean": 3.1714285714285713,
        "test_median": 2.5,
        "train_test_mean_diff": 0.009035409035409003
      }
    },
    {
      "dimension": "D2_n1_x_D3",
      "condition": "((np.int64(6),), 0)",
      "support": 174,
      "ks_stat": 0.12790305726901946,
      "ks_p": 0.009510453869477449,
      "js_divergence": 0.02092027799638392,
      "mean": 3.1839080459770117,
      "median": 3.0,
      "std": 2.665353422176443,
      "q10": 0.0,
      "q25": 1.0,
      "q50": 3.0,
      "q75": 4.0,
      "q90": 6.700000000000017,
      "iqr": 3.0,
      "concentration": 0.6,
      "mean_shift_sigma": 0.1979439502821047,
      "validation": {
        "status": "valid",
        "n_test": 122,
        "ks_stat": 0.14086839641888485,
        "ks_p": 0.021009958995525643,
        "test_mean": 3.0163934426229506,
        "test_median": 2.0,
        "train_test_mean_diff": 0.1675146033540611
      }
    },
    {
      "dimension": "D2_n1_x_D3",
      "condition": "((np.int64(2),), 0)",
      "support": 358,
      "ks_stat": 0.13316076606759614,
      "ks_p": 3.564876699483828e-05,
      "js_divergence": 0.014438283354487887,
      "mean": 3.058659217877095,
      "median": 2.0,
      "std": 2.9924337344070406,
      "q10": 0.0,
      "q25": 1.0,
      "q50": 2.0,
      "q75": 4.0,
      "q90": 7.0,
      "iqr": 3.0,
      "concentration": 0.6,
      "mean_shift_sigma": 0.23533175638457704,
      "validation": {
        "status": "valid",
        "n_test": 235,
        "ks_stat": 0.1112083735709168,
        "ks_p": 0.012821831019076756,
        "test_mean": 3.234042553191489,
        "test_median": 2.0,
        "train_test_mean_diff": 0.1753833353143941
      }
    },
    {
      "dimension": "D2_n1_x_D3",
      "condition": "((np.int64(4),), 0)",
      "support": 250,
      "ks_stat": 0.1255288367546432,
      "ks_p": 0.001604195624145951,
      "js_divergence": 0.00938359666277801,
      "mean": 2.96,
      "median": 2.0,
      "std": 2.47192232887686,
      "q10": 0.0,
      "q25": 1.0,
      "q50": 2.0,
      "q75": 4.0,
      "q90": 7.0,
      "iqr": 3.0,
      "concentration": 0.6,
      "mean_shift_sigma": 0.2647823449782507,
      "validation": {
        "status": "valid",
        "n_test": 199,
        "ks_stat": 0.10966251462289485,
        "ks_p": 0.02813046488978758,
        "test_mean": 2.969849246231156,
        "test_median": 2.0,
        "train_test_mean_diff": 0.009849246231155906
      }
    }
  ],
  "task_id": "ssq_P0_D2_x_D3",
  "lottery": "shuangseqiu",