{
  "status": "completed",
  "position": 0,
  "dimensions": [
    "D3",
    "D12"
  ],
  "n_patterns_found": 4,
  "n_validated": 3,
  "n_insufficient": 0,
  "validation_rate": 0.75,
  "uncond_mean": 3.8470185728250246,
  "uncond_std": 3.349991378382439,
  "uncond_iqr": 5.0,
  "patterns": [
    {
      "dimension": "D3_x_D12",
      "condition": "(np.int64(2), 0)",
      "support": 58,
      "ks_stat": 0.6518522263794789,
      "ks_p": 7.11387436696869e-24,
      "js_divergence": 0.264522605848478,
      "mean": 10.689655172413794,
      "median": 12.0,
      "std": 4.403004055037894,
      "q10": 3.7,
      "q25": 8.25,
      "q50": 12.0,
      "q75": 13.0,
      "q90": 15.300000000000004,
      "iqr": 4.75,
      "concentration": 0.95,
      "mean_shift_sigma": 2.0425833462570795,
      "validation": {
        "status": "valid",
        "n_test": 29,
        "ks_stat": 0.7852779320442268,
        "ks_p": 5.505140226972301e-19,
        "test_mean": 11.758620689655173,
        "test_median": 12.0,
        "train_test_mean_diff": 1.068965517241379
      }
    },
    {
      "dimension": "D3_x_D12",
      "condition": "(0, 0)",
      "support": 458,
      "ks_stat": 0.10745004631467514,
      "ks_p": 0.00032067762154511334,
      "js_divergence": 0.01743713384571134,
      "mean": 3.111353711790393,
      "median": 2.0,
      "std": 2.757807876013394,
      "q10": 0.0,
      "q25": 1.0,
      "q50": 2.0,
      "q75": 4.0,
      "q90": 6.0,
      "iqr": 3.0,
      "concentration": 0.6,
      "mean_shift_sigma": 0.21960201622663614,
      "validation": {
        "status": "valid",
        "n_test": 293,
        "ks_stat": 0.14829426491237713,
        "ks_p": 4.2465851172512255e-05,
        "test_mean": 2.795221843003413,
        "test_median": 2.0,
        "train_test_mean_diff": 0.3161318687869801
      }
    },
    {
      "dimension": "D3_x_D12",
      "condition": "(0, 1)",
      "support": 539,
      "ks_stat": 0.09889879705547908,
      "ks_p": 0.0004350104643794154,
      "js_divergence": 0.008507168874391305,
      "mean": 3.1781076066790352,
      "median": 3.0,
      "std": 2.7224421774522747,
      "q10": 0.0,
      "q25": 1.0,
      "q50": 3.0,
      "q75": 4.0,
      "q90": 7.0,
      "iqr": 3.0,
      "concentration": 0.6,
      "mean_shift_sigma": 0.19967542915557487,
      "validation": {
        "status": "invalid",
        "n_test": 380,
        "ks_stat": 0.0687870848424135,
        "ks_p": 0.11359563644722229,
        "test_mean": 3.418421052631579,
        "test_median": 2.0,
        "train_test_mean_diff": 0.24031344595254378
      }
    },
    {
      "dimension": "D3_x_D12",
      "condition": "(0, 2)",
      "support": 550,
      "ks_stat": 0.09898338220918866,
      "ks_p": 0.0003750624386315446,
      "js_divergence": 0.008404855211746835,
      "mean": 3.230909090909091,
      "median": 2.0,
      "std": 3.1816732434521264,
      "q10": 0.0,
      "q25": 1.0,
      "q50": 2.0,
      "q75": 4.0,
      "q90": 7.0,
      "iqr": 3.0,
      "concentration": 0.6,
      "mean_shift_sigma": 0.18391375150745173,
      "validation": {
        "status": "valid",
        "n_test": 371,
        "ks_stat": 0.0881654189342247,
        "ks_p": 0.019939380133461033,
        "test_mean": 3.299191374663073,
        "test_median": 2.0,
        "train_test_mean_diff": 0.06828228375398204
      }
    }
  ],
  "task_id": "ssq_P0_D3_x_D12",
  "lottery": "shuangseqiu",
  "elapsed_seconds": 0.3
}