{
  "status": "completed",
  "position": 2,
  "dimensions": [
    "D2",
    "D3"
  ],
  "n_patterns_found": 3,
  "n_validated": 1,
  "n_insufficient": 0,
  "validation_rate": 0.3333333333333333,
  "uncond_mean": 6.009286412512219,
  "uncond_std": 4.326192904054333,
  "uncond_iqr": 6.0,
  "patterns": [
    {
      "dimension": "D2_n1_x_D3",
      "condition": "((np.int64(8),), 0)",
      "support": 30,
      "ks_stat": 0.43919843597262953,
      "ks_p": 1.0476009542141736e-05,
      "js_divergence": 0.18375796108737374,
      "mean": 10.533333333333333,
      "median": 10.0,
      "std": 4.828618389928486,
      "q10": 4.9,
      "q25": 8.0,
      "q50": 10.0,
      "q75": 12.0,
      "q90": 18.0,
      "iqr": 4.0,
      "concentration": 0.6666666666666666,
      "mean_shift_sigma": 1.0457339793103908,
      "validation": {
        "status": "invalid",
        "n_test": 19,
        "ks_stat": 0.16305771750019266,
        "ks_p": 0.6425575451572341,
        "test_mean": 8.0,
        "test_median": 6.0,
        "train_test_mean_diff": 2.533333333333333
      }
    },
    {
      "dimension": "D2_n1_x_D3",
      "condition": "((np.int64(7),), np.int64(3))",
      "support": 32,
      "ks_stat": 0.42253176930596287,
      "ks_p": 1.2926796315039943e-05,
      "js_divergence": 0.14233809615364096,
      "mean": 10.4375,
      "median": 10.0,
      "std": 4.775834351189329,
      "q10": 4.1,
      "q25": 7.75,
      "q50": 10.0,
      "q75": 14.0,
      "q90": 16.0,
      "iqr": 6.25,
      "concentration": 1.0416666666666667,
      "mean_shift_sigma": 1.0235820930078816,
      "validation": {
        "status": "valid",
        "n_test": 22,
        "ks_stat": 0.3713563157194197,
        "ks_p": 0.003468545920478818,
        "test_mean": 8.818181818181818,
        "test_median": 10.0,
        "train_test_mean_diff": 1.6193181818181817
      }
    },
    {
      "dimension": "D2_n1_x_D3",
      "condition": "((np.int64(7),), np.int64(1))",
      "support": 76,
      "ks_stat": 0.23632762257550033,
      "ks_p": 0.0004383762594759567,
      "js_divergence": 0.05008501278898789,
      "mean": 4.2631578947368425,
      "median": 3.0,
      "std": 3.4502800079071827,
      "q10": 1.0,
      "q25": 2.0,
      "q50": 3.0,
      "q75": 6.0,
      "q90": 9.0,
      "iqr": 4.0,
      "concentration": 0.6666666666666666,
      "mean_shift_sigma": 0.40361781282082354,
      "validation": {
        "status": "invalid",
        "n_test": 53,
        "ks_stat": 0.178485593524683,
        "ks_p": 0.06789674795103148,
        "test_mean": 4.283018867924528,
        "test_median": 4.0,
        "train_test_mean_diff": 0.019860973187685538
      }
    }
  ],
  "task_id": "ssq_P2_D2_x_D3",
  "lottery": "shuangseqiu",
  "elapsed_seconds": 0.3
}