{
  "status": "completed",
  "position": 5,
  "dimensions": [
    "D7",
    "D3"
  ],
  "n_patterns_found": 6,
  "n_validated": 6,
  "n_insufficient": 0,
  "validation_rate": 1.0,
  "uncond_mean": 3.972629521016618,
  "uncond_std": 3.4006257871847283,
  "uncond_iqr": 5.0,
  "patterns": [
    {
      "dimension": "D7_x_D3",
      "condition": "((1, 1), np.int64(2))",
      "support": 65,
      "ks_stat": 0.7159109707496805,
      "ks_p": 5.393450196574859e-33,
      "js_divergence": 0.30183720072213077,
      "mean": 11.061538461538461,
      "median": 11.0,
      "std": 3.4233448469046186,
      "q10": 5.0,
      "q25": 10.0,
      "q50": 11.0,
      "q75": 13.0,
      "q90": 15.0,
      "iqr": 3.0,
      "concentration": 0.6,
      "mean_shift_sigma": 2.084589538559763,
      "validation": {
        "status": "valid",
        "n_test": 50,
        "ks_stat": 0.7038360175695462,
        "ks_p": 2.21921927857619e-24,
        "test_mean": 11.5,
        "test_median": 12.0,
        "train_test_mean_diff": 0.4384615384615387
      }
    },
    {
      "dimension": "D7_x_D3",
      "condition": "((1, -1), 4)",
      "support": 201,
      "ks_stat": 0.13912840489633943,
      "ks_p": 0.00148498651561221,
      "js_divergence": 0.03309594742074823,
      "mean": 3.129353233830846,
      "median": 2.0,
      "std": 2.4091831111988067,
      "q10": 1.0,
      "q25": 1.0,
      "q50": 2.0,
      "q75": 4.0,
      "q90": 6.0,
      "iqr": 3.0,
      "concentration": 0.6,
      "mean_shift_sigma": 0.2479767960249146,
      "validation": {
        "status": "valid",
        "n_test": 39,
        "ks_stat": 0.2590569508578293,
        "ks_p": 0.009767972560023326,
        "test_mean": 2.4871794871794872,
        "test_median": 2.0,
        "train_test_mean_diff": 0.6421737466513586
      }
    },
    {
      "dimension": "D7_x_D3",
      "condition": "((-1, 1), np.int64(4))",
      "support": 143,
      "ks_stat": 0.25919242048274305,
      "ks_p": 2.0999327495086102e-08,
      "js_divergence": 0.021020533569300053,
      "mean": 2.3496503496503496,
      "median": 2.0,
      "std": 1.3651954508433488,
      "q10": 1.0,
      "q25": 1.0,
      "q50": 2.0,
      "q75": 3.0,
      "q90": 4.0,
      "iqr": 2.0,
      "concentration": 0.4,
      "mean_shift_sigma": 0.4772589731814867,
      "validation": {
        "status": "valid",
        "n_test": 84,
        "ks_stat": 0.3158335076343861,
        "ks_p": 1.6401183333885508e-07,
        "test_mean": 2.2261904761904763,
        "test_median": 2.0,
        "train_test_mean_diff": 0.1234598734598733
      }
    },
    {
      "dimension": "D7_x_D3",
      "condition": "((1, 1), np.int64(4))",
      "support": 330,
      "ks_stat": 0.2209188660801564,
      "ks_p": 1.200751939698799e-12,
      "js_divergence": 0.004470924549142101,
      "mean": 2.778787878787879,
      "median": 3.0,
      "std": 1.4510722421624251,
      "q10": 1.0,
      "q25": 2.0,
      "q50": 3.0,
      "q75": 4.0,
      "q90": 5.0,
      "iqr": 2.0,
      "concentration": 0.4,
      "mean_shift_sigma": 0.3510652794340783,
      "validation": {
        "status": "valid",
        "n_test": 221,
        "ks_stat": 0.23718887262079064,
        "ks_p": 6.800431019669693e-10,
        "test_mean": 2.8009049773755654,
        "test_median": 3.0,
        "train_test_mean_diff": 0.022117098587686623
      }
    },
    {
      "dimension": "D7_x_D3",
      "condition": "((1, 0), np.int64(4))",
      "support": 112,
      "ks_stat": 0.8905180840664711,
      "ks_p": 1.2528888547303038e-98,
      "js_divergence": 0.0,
      "mean": 0.0,
      "median": 0.0,
      "std": 0.0,
      "q10": 0.0,
      "q25": 0.0,
      "q50": 0.0,
      "q75": 0.0,
      "q90": 0.0,
      "iqr": 0.0,
      "concentration": 0.0,
      "mean_shift_sigma": 1.1682054332433425,
      "validation": {
        "status": "valid",
        "n_test": 39,
        "ks_stat": 0.8975109809663251,
        "ks_p": 4.987943042175797e-37,
        "test_mean": 0.0,
        "test_median": 0.0,
        "train_test_mean_diff": 0.0
      }
    },
    {
      "dimension": "D7_x_D3",
      "condition": "((-1, 0), np.int64(4))",
      "support": 87,
      "ks_stat": 0.8905180840664711,
      "ks_p": 3.91341806338927e-78,
      "js_divergence": 0.0,
      "mean": 0.0,
      "median": 0.0,
      "std": 0.0,
      "q10": 0.0,
      "q25": 0.0,
      "q50": 0.0,
      "q75": 0.0,
      "q90": 0.0,
      "iqr": 0.0,
      "concentration": 0.0,
      "mean_shift_sigma": 1.1682054332433425,
      "validation": {
        "status": "valid",
        "n_test": 37,
        "ks_stat": 0.8975109809663251,
        "ks_p": 3.093676160051401e-35,
        "test_mean": 0.0,
        "test_median": 0.0,
        "train_test_mean_diff": 0.0
      }
    }
  ],
  "task_id": "ssq_P5_D7_x_D3",
  "lottery": "shuangseqiu",
  "elapsed_seconds": 0.3
}