{
  "status": "completed",
  "position": 3,
  "dimensions": [
    "D1",
    "D3"
  ],
  "n_patterns_found": 8,
  "n_validated": 5,
  "n_insufficient": 0,
  "validation_rate": 0.625,
  "uncond_mean": 5.953567937438905,
  "uncond_std": 4.355566822255883,
  "uncond_iqr": 7.0,
  "patterns": [
    {
      "dimension": "D1_n1_x_D3",
      "condition": "((-1,), 0)",
      "support": 25,
      "ks_stat": 0.5532551319648094,
      "ks_p": 1.2501350401214578e-07,
      "js_divergence": 0.2781278827667489,
      "mean": 13.0,
      "median": 13.0,
      "std": 5.556977595779922,
      "q10": 7.0,
      "q25": 10.0,
      "q50": 13.0,
      "q75": 17.0,
      "q90": 19.6,
      "iqr": 7.0,
      "concentration": 1.0,
      "mean_shift_sigma": 1.61779909484009,
      "validation": {
        "status": "valid",
        "n_test": 15,
        "ks_stat": 0.7297706198145437,
        "ks_p": 1.4767762665208506e-08,
        "test_mean": 15.266666666666667,
        "test_median": 17.0,
        "train_test_mean_diff": 2.2666666666666675
      }
    },
    {
      "dimension": "D1_n4_x_D3",
      "condition": "((-1, -1, 1, -1), np.int64(1))",
      "support": 23,
      "ks_stat": 0.43318883080453907,
      "ks_p": 0.00021328279027240944,
      "js_divergence": 0.23048661665917342,
      "mean": 9.304347826086957,
      "median": 10.0,
      "std": 4.247093969217639,
      "q10": 4.0,
      "q25": 7.0,
      "q50": 10.0,
      "q75": 11.5,
      "q90": 14.400000000000002,
      "iqr": 4.5,
      "concentration": 0.6428571428571429,
      "mean_shift_sigma": 0.7693097191222931,
      "validation": {
        "status": "valid",
        "n_test": 35,
        "ks_stat": 0.2544655929721816,
        "ks_p": 0.019573862934207143,
        "test_mean": 8.028571428571428,
        "test_median": 8.0,
        "train_test_mean_diff": 1.2757763975155285
      }
    },
    {
      "dimension": "D1_n3_x_D3",
      "condition": "((-1, 1, -1), np.int64(2))",
      "support": 210,
      "ks_stat": 0.11811199553135036,
      "ks_p": 0.008961645923019478,
      "js_divergence": 0.01667654915532503,
      "mean": 4.9904761904761905,
      "median": 5.0,
      "std": 3.2011760877326325,
      "q10": 1.0,
      "q25": 2.0,
      "q50": 5.0,
      "q75": 7.0,
      "q90": 10.0,
      "iqr": 5.0,
      "concentration": 0.7142857142857143,
      "mean_shift_sigma": 0.22111743115535515,
      "validation": {
        "status": "invalid",
        "n_test": 153,
        "ks_stat": 0.11143647307629738,
        "ks_p": 0.06031409639732099,
        "test_mean": 4.954248366013072,
        "test_median": 4.0,
        "train_test_mean_diff": 0.03622782446311845
      }
    },
    {
      "dimension": "D1_n2_x_D3",
      "condition": "((1, -1), np.int64(2))",
      "support": 346,
      "ks_stat": 0.12075443979229174,
      "ks_p": 0.0003198954799496051,
      "js_divergence": 0.01356022542704072,
      "mean": 4.904624277456647,
      "median": 4.0,
      "std": 3.2700482580961485,
      "q10": 1.0,
      "q25": 2.0,
      "q50": 4.0,
      "q75": 7.0,
      "q90": 10.0,
      "iqr": 5.0,
      "concentration": 0.7142857142857143,
      "mean_shift_sigma": 0.24082827856581412,
      "validation": {
        "status": "valid",
        "n_test": 241,
        "ks_stat": 0.1387824037228969,
        "ks_p": 0.0006548259824055114,
        "test_mean": 4.800829875518672,
        "test_median": 4.0,
        "train_test_mean_diff": 0.10379440193797507
      }
    },
    {
      "dimension": "D1_n1_x_D3",
      "condition": "((-1,), np.int64(2))",
      "support": 530,
      "ks_stat": 0.11595566129954445,
      "ks_p": 2.165315344863054e-05,
      "js_divergence": 0.012952572125372255,
      "mean": 4.8226415094339625,
      "median": 4.0,
      "std": 3.238718679170092,
      "q10": 1.0,
      "q25": 2.0,
      "q50": 4.0,
      "q75": 7.0,
      "q90": 10.0,
      "iqr": 5.0,
      "concentration": 0.7142857142857143,
      "mean_shift_sigma": 0.25965080416771114,
      "validation": {
        "status": "valid",
        "n_test": 367,
        "ks_stat": 0.11083096293400249,
        "ks_p": 0.0014872377324010146,
        "test_mean": 5.119891008174387,
        "test_median": 5.0,
        "train_test_mean_diff": 0.29724949874042483
      }
    },
    {
      "dimension": "D1_n2_x_D3",
      "condition": "((-1, -1), np.int64(2))",
      "support": 154,
      "ks_stat": 0.13908671973188103,
      "ks_p": 0.007024418947525026,
      "js_divergence": 0.012586723195219335,
      "mean": 4.707792207792208,
      "median": 4.0,
      "std": 3.273120209352896,
      "q10": 1.0,
      "q25": 2.0,
      "q50": 4.0,
      "q75": 7.0,
      "q90": 9.0,
      "iqr": 5.0,
      "concentration": 0.7142857142857143,
      "mean_shift_sigma": 0.2860191980710954,
      "validation": {
        "status": "invalid",
        "n_test": 107,
        "ks_stat": 0.08236066829955803,
        "ks_p": 0.4842269012559283,
        "test_mean": 5.925233644859813,
        "test_median": 5.0,
        "train_test_mean_diff": 1.2174414370676052
      }
    },
    {
      "dimension": "D1_n2_x_D3",
      "condition": "((-1, 1), np.int64(2))",
      "support": 234,
      "ks_stat": 0.1127277740180966,
      "ks_p": 0.008794232698581192,
      "js_divergence": 0.01257638404421353,
      "mean": 4.811965811965812,
      "median": 4.0,
      "std": 3.488519936772403,
      "q10": 1.0,
      "q25": 2.0,
      "q50": 4.0,
      "q75": 7.0,
      "q90": 9.0,
      "iqr": 5.0,
      "concentration": 0.7142857142857143,
      "mean_shift_sigma": 0.26210185081762144,
      "validation": {
        "status": "invalid",
        "n_test": 152,
        "ks_stat": 0.09553440702781844,
        "ks_p": 0.1533387183502768,
        "test_mean": 5.072368421052632,
        "test_median": 4.0,
        "train_test_mean_diff": 0.2604026090868201
      }
    },
    {
      "dimension": "D1_n1_x_D3",
      "condition": "((1,), np.int64(2))",
      "support": 296,
      "ks_stat": 0.10201513830546088,
      "ks_p": 0.008465833267439288,
      "js_divergence": 0.010343089301130811,
      "mean": 4.8108108108108105,
      "median": 4.0,
      "std": 3.5045363485433425,
      "q10": 1.0,
      "q25": 2.0,
      "q50": 4.0,
      "q75": 7.0,
      "q90": 10.0,
      "iqr": 5.0,
      "concentration": 0.7142857142857143,
      "mean_shift_sigma": 0.2623670289682813,
      "validation": {
        "status": "valid",
        "n_test": 188,
        "ks_stat": 0.11149185383632909,
        "ks_p": 0.03012387556922226,
        "test_mean": 4.957446808510638,
        "test_median": 4.0,
        "train_test_mean_diff": 0.1466359976998275
      }
    }
  ],
  "task_id": "ssq_P3_D1_x_D3",
  "lottery": "shuangseqiu",
  "elapsed_seconds": 0.3
}