{
  "status": "completed",
  "position": 1,
  "dimensions": [
    "D3",
    "D12"
  ],
  "n_patterns_found": 2,
  "n_validated": 2,
  "n_insufficient": 0,
  "validation_rate": 1.0,
  "uncond_mean": 5.3132942326490715,
  "uncond_std": 4.001110451731618,
  "uncond_iqr": 6.0,
  "patterns": [
    {
      "dimension": "D3_x_D12",
      "condition": "(np.int64(3), 0)",
      "support": 42,
      "ks_stat": 0.5551598938695713,
      "ks_p": 1.9304889977261116e-12,
      "js_divergence": 0.21043759956381564,
      "mean": 11.80952380952381,
      "median": 13.0,
      "std": 4.35473521822644,
      "q10": 5.1000000000000005,
      "q25": 9.0,
      "q50": 13.0,
      "q75": 15.0,
      "q90": 17.0,
      "iqr": 6.0,
      "concentration": 1.0,
      "mean_shift_sigma": 1.6236066600119154,
      "validation": {
        "status": "valid",
        "n_test": 28,
        "ks_stat": 0.5665655720560552,
        "ks_p": 7.783840224031216e-09,
        "test_mean": 12.571428571428571,
        "test_median": 13.0,
        "train_test_mean_diff": 0.761904761904761
      }
    },
    {
      "dimension": "D3_x_D12",
      "condition": "(np.int64(1), 1)",
      "support": 308,
      "ks_stat": 0.14949029465158498,
      "ks_p": 1.0930870984912959e-05,
      "js_divergence": 0.03276167993531823,
      "mean": 4.201298701298701,
      "median": 4.0,
      "std": 2.7572333915924854,
      "q10": 1.0,
      "q25": 2.0,
      "q50": 4.0,
      "q75": 6.0,
      "q90": 8.0,
      "iqr": 4.0,
      "concentration": 0.6666666666666666,
      "mean_shift_sigma": 0.27792172817151695,
      "validation": {
        "status": "valid",
        "n_test": 201,
        "ks_stat": 0.15131152436936837,
        "ks_p": 0.000569904668661606,
        "test_mean": 4.313432835820896,
        "test_median": 4.0,
        "train_test_mean_diff": 0.11213413452219445
      }
    }
  ],
  "task_id": "ssq_P1_D3_x_D12",
  "lottery": "shuangseqiu",
  "elapsed_seconds": 0.3
}