{
  "status": "completed",
  "position": 1,
  "dimensions": [
    "D7",
    "D3"
  ],
  "n_patterns_found": 10,
  "n_validated": 9,
  "n_insufficient": 0,
  "validation_rate": 0.9,
  "uncond_mean": 5.3132942326490715,
  "uncond_std": 4.001110451731618,
  "uncond_iqr": 6.0,
  "patterns": [
    {
      "dimension": "D7_x_D3",
      "condition": "((-1, -1), np.int64(3))",
      "support": 31,
      "ks_stat": 0.6642228739002932,
      "ks_p": 9.66569817249945e-14,
      "js_divergence": 0.2596773075858346,
      "mean": 12.774193548387096,
      "median": 13.0,
      "std": 4.209893703503342,
      "q10": 5.0,
      "q25": 10.5,
      "q50": 13.0,
      "q75": 16.0,
      "q90": 17.0,
      "iqr": 5.5,
      "concentration": 0.9166666666666666,
      "mean_shift_sigma": 1.8647071621102247,
      "validation": {
        "status": "valid",
        "n_test": 24,
        "ks_stat": 0.6796608101512933,
        "ks_p": 2.6337898337632667e-11,
        "test_mean": 13.291666666666666,
        "test_median": 14.5,
        "train_test_mean_diff": 0.51747311827957
      }
    },
    {
      "dimension": "D7_x_D3",
      "condition": "((0, -1), 0)",
      "support": 34,
      "ks_stat": 0.4710769938473923,
      "ks_p": 2.510681920950289e-07,
      "js_divergence": 0.04768063829664375,
      "mean": 2.0588235294117645,
      "median": 2.0,
      "std": 1.211250604822,
      "q10": 1.0,
      "q25": 1.0,
      "q50": 2.0,
      "q75": 3.0,
      "q90": 4.0,
      "iqr": 2.0,
      "concentration": 0.3333333333333333,
      "mean_shift_sigma": 0.8133918677073319,
      "validation": {
        "status": "valid",
        "n_test": 18,
        "ks_stat": 0.5041483650561249,
        "ks_p": 0.00010514224404711687,
        "test_mean": 1.7777777777777777,
        "test_median": 1.0,
        "train_test_mean_diff": 0.2810457516339868
      }
    },
    {
      "dimension": "D7_x_D3",
      "condition": "((1, 1), np.int64(2))",
      "support": 25,
      "ks_stat": 0.32068426197458455,
      "ks_p": 0.009270393100755787,
      "js_divergence": 0.04051748595706295,
      "mean": 2.96,
      "median": 2.0,
      "std": 1.9693653800145872,
      "q10": 1.0,
      "q25": 2.0,
      "q50": 2.0,
      "q75": 4.0,
      "q90": 6.0,
      "iqr": 2.0,
      "concentration": 0.3333333333333333,
      "mean_shift_sigma": 0.588160277262679,
      "validation": {
        "status": "invalid",
        "n_test": 13,
        "ks_stat": 0.20863836017569545,
        "ks_p": 0.5589204653657331,
        "test_mean": 4.0,
        "test_median": 4.0,
        "train_test_mean_diff": 1.04
      }
    },
    {
      "dimension": "D7_x_D3",
      "condition": "((1, -1), np.int64(1))",
      "support": 130,
      "ks_stat": 0.26202722009173623,
      "ks_p": 6.845104821044581e-08,
      "js_divergence": 0.03155826270989279,
      "mean": 3.223076923076923,
      "median": 3.0,
      "std": 2.1277123309586776,
      "q10": 1.0,
      "q25": 1.25,
      "q50": 3.0,
      "q75": 4.0,
      "q90": 6.0,
      "iqr": 2.75,
      "concentration": 0.4583333333333333,
      "mean_shift_sigma": 0.5224092998151388,
      "validation": {
        "status": "valid",
        "n_test": 55,
        "ks_stat": 0.33149208039398376,
        "ks_p": 1.1164917704247243e-05,
        "test_mean": 3.2,
        "test_median": 3.0,
        "train_test_mean_diff": 0.023076923076922995
      }
    },
    {
      "dimension": "D7_x_D3",
      "condition": "((-1, -1), np.int64(1))",
      "support": 319,
      "ks_stat": 0.13201537061381333,
      "ks_p": 0.0001174698388650148,
      "js_divergence": 0.016596909517315336,
      "mean": 4.730407523510972,
      "median": 5.0,
      "std": 2.5094273953899053,
      "q10": 1.0,
      "q25": 3.0,
      "q50": 5.0,
      "q75": 7.0,
      "q90": 8.0,
      "iqr": 4.0,
      "concentration": 0.6666666666666666,
      "mean_shift_sigma": 0.14568123428980456,
      "validation": {
        "status": "valid",
        "n_test": 228,
        "ks_stat": 0.15609026225886827,
        "ks_p": 0.0001249907024050349,
        "test_mean": 4.4868421052631575,
        "test_median": 4.0,
        "train_test_mean_diff": 0.2435654182478144
      }
    },
    {
      "dimension": "D7_x_D3",
      "condition": "((-1, -1), 0)",
      "support": 77,
      "ks_stat": 0.42256668063119673,
      "ks_p": 1.6295896363803195e-12,
      "js_divergence": 0.016127176168489136,
      "mean": 2.4675324675324677,
      "median": 2.0,
      "std": 1.2229877783889405,
      "q10": 1.0,
      "q25": 2.0,
      "q50": 2.0,
      "q75": 3.0,
      "q90": 4.0,
      "iqr": 1.0,
      "concentration": 0.16666666666666666,
      "mean_shift_sigma": 0.7112429910264043,
      "validation": {
        "status": "valid",
        "n_test": 64,
        "ks_stat": 0.4224011713030747,
        "ks_p": 2.1546701092967416e-10,
        "test_mean": 2.53125,
        "test_median": 2.0,
        "train_test_mean_diff": 0.06371753246753231
      }
    },
    {
      "dimension": "D7_x_D3",
      "condition": "((1, -1), 0)",
      "support": 22,
      "ks_stat": 0.6006842619745846,
      "ks_p": 4.994489706349595e-08,
      "js_divergence": 0.010401505879220986,
      "mean": 1.6818181818181819,
      "median": 1.5,
      "std": 0.7619570279200095,
      "q10": 1.0,
      "q25": 1.0,
      "q50": 1.5,
      "q75": 2.0,
      "q90": 3.0,
      "iqr": 1.0,
      "concentration": 0.16666666666666666,
      "mean_shift_sigma": 0.9076170464774957,
      "validation": {
        "status": "valid",
        "n_test": 13,
        "ks_stat": 0.524833877688929,
        "ks_p": 0.0007878321192985745,
        "test_mean": 1.7692307692307692,
        "test_median": 1.0,
        "train_test_mean_diff": 0.08741258741258728
      }
    },
    {
      "dimension": "D7_x_D3",
      "condition": "((1, 0), 0)",
      "support": 20,
      "ks_stat": 0.947702834799609,
      "ks_p": 2.68389351486081e-25,
      "js_divergence": 0.0,
      "mean": 0.0,
      "median": 0.0,
      "std": 0.0,
      "q10": 0.0,
      "q25": 0.0,
      "q50": 0.0,
      "q75": 0.0,
      "q90": 0.0,
      "iqr": 0.0,
      "concentration": 0.0,
      "mean_shift_sigma": 1.3279549007075175,
      "validation": {
        "status": "valid",
        "n_test": 12,
        "ks_stat": 0.95900439238653,
        "ks_p": 1.5613037729721548e-16,
        "test_mean": 0.0,
        "test_median": 0.0,
        "train_test_mean_diff": 0.0
      }
    },
    {
      "dimension": "D7_x_D3",
      "condition": "((1, 0), np.int64(1))",
      "support": 22,
      "ks_stat": 0.947702834799609,
      "ks_p": 1.0367497751213621e-27,
      "js_divergence": 0.0,
      "mean": 0.0,
      "median": 0.0,
      "std": 0.0,
      "q10": 0.0,
      "q25": 0.0,
      "q50": 0.0,
      "q75": 0.0,
      "q90": 0.0,
      "iqr": 0.0,
      "concentration": 0.0,
      "mean_shift_sigma": 1.3279549007075175,
      "validation": {
        "status": "valid",
        "n_test": 10,
        "ks_stat": 0.95900439238653,
        "ks_p": 6.502597184015148e-14,
        "test_mean": 0.0,
        "test_median": 0.0,
        "train_test_mean_diff": 0.0
      }
    },
    {
      "dimension": "D7_x_D3",
      "condition": "((-1, 0), np.int64(1))",
      "support": 24,
      "ks_stat": 0.947702834799609,
      "ks_p": 4.1224724471701635e-30,
      "js_divergence": 0.0,
      "mean": 0.0,
      "median": 0.0,
      "std": 0.0,
      "q10": 0.0,
      "q25": 0.0,
      "q50": 0.0,
      "q75": 0.0,
      "q90": 0.0,
      "iqr": 0.0,
      "concentration": 0.0,
      "mean_shift_sigma": 1.3279549007075175,
      "validation": {
        "status": "valid",
        "n_test": 13,
        "ks_stat": 0.95900439238653,
        "ks_p": 7.812179864762778e-18,
        "test_mean": 0.0,
        "test_median": 0.0,
        "train_test_mean_diff": 0.0
      }
    }
  ],
  "task_id": "ssq_P1_D7_x_D3",
  "lottery": "shuangseqiu",
  "elapsed_seconds": 0.3
}