{
  "status": "completed",
  "position": 0,
  "dimensions": [
    "D1",
    "D3",
    "D12"
  ],
  "n_patterns_found": 10,
  "n_validated": 6,
  "n_insufficient": 0,
  "validation_rate": 0.6,
  "uncond_mean": 3.8470185728250246,
  "uncond_std": 3.349991378382439,
  "uncond_iqr": 5.0,
  "patterns": [
    {
      "dimension": "D1_n2_x_D3_x_D12",
      "condition": "((1, 1), np.int64(2), 0)",
      "support": 30,
      "ks_stat": 0.6920821114369502,
      "ks_p": 1.2651896952641328e-14,
      "js_divergence": 0.35883944141203233,
      "mean": 10.6,
      "median": 12.0,
      "std": 4.461688768467234,
      "q10": 3.700000000000001,
      "q25": 9.0,
      "q50": 12.0,
      "q75": 13.0,
      "q90": 16.0,
      "iqr": 4.0,
      "concentration": 0.8,
      "mean_shift_sigma": 2.0158205393458917,
      "validation": {
        "status": "valid",
        "n_test": 12,
        "ks_stat": 0.8448023426061494,
        "ks_p": 5.387488537716824e-10,
        "test_mean": 12.083333333333334,
        "test_median": 12.0,
        "train_test_mean_diff": 1.4833333333333343
      }
    },
    {
      "dimension": "D1_n1_x_D3_x_D12",
      "condition": "((1,), np.int64(2), 0)",
      "support": 56,
      "ks_stat": 0.6444630638179025,
      "ks_p": 1.6402186935202878e-22,
      "js_divergence": 0.2607555956392603,
      "mean": 10.678571428571429,
      "median": 12.0,
      "std": 4.480541831301301,
      "q10": 3.5,
      "q25": 8.0,
      "q50": 12.0,
      "q75": 13.25,
      "q90": 15.5,
      "iqr": 5.25,
      "concentration": 1.05,
      "mean_shift_sigma": 2.0392747574905865,
      "validation": {
        "status": "valid",
        "n_test": 29,
        "ks_stat": 0.7852779320442268,
        "ks_p": 5.505140226972301e-19,
        "test_mean": 11.758620689655173,
        "test_median": 12.0,
        "train_test_mean_diff": 1.0800492610837438
      }
    },
    {
      "dimension": "D1_n2_x_D3_x_D12",
      "condition": "((0, 1), np.int64(1), 0)",
      "support": 31,
      "ks_stat": 0.4393939393939394,
      "ks_p": 7.078824693329222e-06,
      "js_divergence": 0.1256867228309978,
      "mean": 6.32258064516129,
      "median": 7.0,
      "std": 2.6443743912153805,
      "q10": 2.0,
      "q25": 5.0,
      "q50": 7.0,
      "q75": 8.0,
      "q90": 9.0,
      "iqr": 3.0,
      "concentration": 0.6,
      "mean_shift_sigma": 0.7389756547766412,
      "validation": {
        "status": "valid",
        "n_test": 11,
        "ks_stat": 0.6587248768800745,
        "ks_p": 3.636079526866888e-05,
        "test_mean": 7.363636363636363,
        "test_median": 8.0,
        "train_test_mean_diff": 1.0410557184750733
      }
    },
    {
      "dimension": "D1_n2_x_D3_x_D12",
      "condition": "((-1, 1), 0, 2)",
      "support": 93,
      "ks_stat": 0.19696969696969696,
      "ks_p": 0.0017110083891290304,
      "js_divergence": 0.05513064267238235,
      "mean": 2.78494623655914,
      "median": 2.0,
      "std": 2.7153465188700316,
      "q10": 0.0,
      "q25": 1.0,
      "q50": 2.0,
      "q75": 3.0,
      "q90": 5.799999999999997,
      "iqr": 2.0,
      "concentration": 0.4,
      "mean_shift_sigma": 0.31703733422105457,
      "validation": {
        "status": "invalid",
        "n_test": 58,
        "ks_stat": 0.1533548745393043,
        "ks_p": 0.13092773697818447,
        "test_mean": 2.9827586206896552,
        "test_median": 2.0,
        "train_test_mean_diff": 0.19781238413051527
      }
    },
    {
      "dimension": "D1_n3_x_D3_x_D12",
      "condition": "((1, -1, 1), 0, 2)",
      "support": 53,
      "ks_stat": 0.22598166694332245,
      "ks_p": 0.008422487793728953,
      "js_divergence": 0.054989731590707885,
      "mean": 2.5849056603773586,
      "median": 2.0,
      "std": 2.032137663069624,
      "q10": 1.0,
      "q25": 1.0,
      "q50": 2.0,
      "q75": 3.0,
      "q90": 5.0,
      "iqr": 2.0,
      "concentration": 0.4,
      "mean_shift_sigma": 0.376751092731792,
      "validation": {
        "status": "valid",
        "n_test": 32,
        "ks_stat": 0.24148975109809664,
        "ks_p": 0.04323994344272634,
        "test_mean": 2.625,
        "test_median": 2.0,
        "train_test_mean_diff": 0.04009433962264142
      }
    },
    {
      "dimension": "D1_n1_x_D3_x_D12",
      "condition": "((1,), 0, 2)",
      "support": 115,
      "ks_stat": 0.18135492371116493,
      "ks_p": 0.0013174780466190601,
      "js_divergence": 0.045673385491484406,
      "mean": 2.8869565217391306,
      "median": 2.0,
      "std": 2.74024821913225,
      "q10": 0.40000000000000036,
      "q25": 1.0,
      "q50": 2.0,
      "q75": 3.5,
      "q90": 6.0,
      "iqr": 2.5,
      "concentration": 0.5,
      "mean_shift_sigma": 0.28658642445505783,
      "validation": {
        "status": "invalid",
        "n_test": 79,
        "ks_stat": 0.15050873843986878,
        "ks_p": 0.06068225639900445,
        "test_mean": 2.8860759493670884,
        "test_median": 2.0,
        "train_test_mean_diff": 0.0008805723720421987
      }
    },
    {
      "dimension": "D1_n1_x_D3_x_D12",
      "condition": "((1,), 0, 0)",
      "support": 234,
      "ks_stat": 0.12004662004662005,
      "ks_p": 0.0042635355873989885,
      "js_divergence": 0.028823445780759287,
      "mean": 3.1965811965811968,
      "median": 3.0,
      "std": 2.696117234254292,
      "q10": 0.0,
      "q25": 1.0,
      "q50": 3.0,
      "q75": 4.0,
      "q90": 6.0,
      "iqr": 3.0,
      "concentration": 0.6,
      "mean_shift_sigma": 0.19416091051490852,
      "validation": {
        "status": "valid",
        "n_test": 145,
        "ks_stat": 0.14437320139344675,
        "ks_p": 0.007519296660093454,
        "test_mean": 2.8482758620689657,
        "test_median": 2.0,
        "train_test_mean_diff": 0.3483053345122311
      }
    },
    {
      "dimension": "D1_n2_x_D3_x_D12",
      "condition": "((1, -1), 0, 1)",
      "support": 186,
      "ks_stat": 0.14320625610948193,
      "ks_p": 0.001661196530606393,
      "js_divergence": 0.02018343894664839,
      "mean": 2.881720430107527,
      "median": 2.0,
      "std": 2.7488001776164688,
      "q10": 0.0,
      "q25": 1.0,
      "q50": 2.0,
      "q75": 4.0,
      "q90": 6.0,
      "iqr": 3.0,
      "concentration": 0.6,
      "mean_shift_sigma": 0.2881494409050082,
      "validation": {
        "status": "invalid",
        "n_test": 135,
        "ks_stat": 0.05169459356867849,
        "ks_p": 0.8792066151994264,
        "test_mean": 3.8074074074074074,
        "test_median": 3.0,
        "train_test_mean_diff": 0.9256869772998804
      }
    },
    {
      "dimension": "D1_n1_x_D3_x_D12",
      "condition": "((-1,), 0, 0)",
      "support": 224,
      "ks_stat": 0.1269506702974445,
      "ks_p": 0.002682190884350698,
      "js_divergence": 0.019033828908265306,
      "mean": 3.0223214285714284,
      "median": 2.0,
      "std": 2.818060687696561,
      "q10": 0.0,
      "q25": 1.0,
      "q50": 2.0,
      "q75": 4.0,
      "q90": 6.700000000000017,
      "iqr": 3.0,
      "concentration": 0.6,
      "mean_shift_sigma": 0.24617888558620876,
      "validation": {
        "status": "valid",
        "n_test": 148,
        "ks_stat": 0.15684974872383364,
        "ks_p": 0.0024452720897158602,
        "test_mean": 2.7432432432432434,
        "test_median": 2.0,
        "train_test_mean_diff": 0.27907818532818496
      }
    },
    {
      "dimension": "D1_n1_x_D3_x_D12",
      "condition": "((-1,), 0, 1)",
      "support": 270,
      "ks_stat": 0.1224177256435321,
      "ks_p": 0.0014149294451332797,
      "js_divergence": 0.014749618983288222,
      "mean": 2.9703703703703703,
      "median": 2.0,
      "std": 2.767378063132551,
      "q10": 0.0,
      "q25": 1.0,
      "q50": 2.0,
      "q75": 4.0,
      "q90": 7.0,
      "iqr": 3.0,
      "concentration": 0.6,
      "mean_shift_sigma": 0.2616867040648769,
      "validation": {
        "status": "invalid",
        "n_test": 219,
        "ks_stat": 0.06204830956631033,
        "ks_p": 0.4416401116814305,