{
  "status": "completed",
  "position": 4,
  "dimensions": [
    "D3",
    "D12"
  ],
  "n_patterns_found": 4,
  "n_validated": 4,
  "n_insufficient": 0,
  "validation_rate": 1.0,
  "uncond_mean": 5.396871945259042,
  "uncond_std": 4.072758364334535,
  "uncond_iqr": 6.0,
  "patterns": [
    {
      "dimension": "D3_x_D12",
      "condition": "(np.int64(1), 0)",
      "support": 41,
      "ks_stat": 0.5704169944925256,
      "ks_p": 7.084858318457371e-13,
      "js_divergence": 0.22596055265478787,
      "mean": 12.512195121951219,
      "median": 13.0,
      "std": 5.415073592363073,
      "q10": 5.0,
      "q25": 9.0,
      "q50": 13.0,
      "q75": 17.0,
      "q90": 19.0,
      "iqr": 8.0,
      "concentration": 1.3333333333333333,
      "mean_shift_sigma": 1.7470526213883988,
      "validation": {
        "status": "valid",
        "n_test": 34,
        "ks_stat": 0.5732925673929894,
        "ks_p": 7.929118241098026e-11,
        "test_mean": 12.147058823529411,
        "test_median": 13.0,
        "train_test_mean_diff": 0.36513629842180784
      }
    },
    {
      "dimension": "D3_x_D12",
      "condition": "(np.int64(3), 2)",
      "support": 96,
      "ks_stat": 0.17292888563049855,
      "ks_p": 0.0072031765427088435,
      "js_divergence": 0.04169216403111421,
      "mean": 3.6770833333333335,
      "median": 3.0,
      "std": 2.910093038556595,
      "q10": 0.0,
      "q25": 1.0,
      "q50": 3.0,
      "q75": 5.0,
      "q90": 8.0,
      "iqr": 4.0,
      "concentration": 0.6666666666666666,
      "mean_shift_sigma": 0.4222663016264437,
      "validation": {
        "status": "valid",
        "n_test": 65,
        "ks_stat": 0.24003829260051807,
        "ks_p": 0.0012289896720978663,
        "test_mean": 3.5846153846153848,
        "test_median": 3.0,
        "train_test_mean_diff": 0.09246794871794872
      }
    },
    {
      "dimension": "D3_x_D12",
      "condition": "(np.int64(3), 0)",
      "support": 424,
      "ks_stat": 0.14162240174108706,
      "ks_p": 1.304499205386674e-06,
      "js_divergence": 0.03509727043165104,
      "mean": 4.19811320754717,
      "median": 4.0,
      "std": 2.7623472768191344,
      "q10": 1.0,
      "q25": 2.0,
      "q50": 4.0,
      "q75": 6.0,
      "q90": 8.0,
      "iqr": 4.0,
      "concentration": 0.6666666666666666,
      "mean_shift_sigma": 0.29433583593112134,
      "validation": {
        "status": "valid",
        "n_test": 276,
        "ks_stat": 0.1673297684978887,
        "ks_p": 4.326029222145693e-06,
        "test_mean": 4.155797101449275,
        "test_median": 4.0,
        "train_test_mean_diff": 0.04231610609789449
      }
    },
    {
      "dimension": "D3_x_D12",
      "condition": "(np.int64(3), 1)",
      "support": 308,
      "ks_stat": 0.16090629800307218,
      "ks_p": 1.5988450840980937e-06,
      "js_divergence": 0.01746773366112904,
      "mean": 4.071428571428571,
      "median": 3.0,
      "std": 2.902321379130006,
      "q10": 1.0,
      "q25": 2.0,
      "q50": 3.0,
      "q75": 6.0,
      "q90": 8.0,
      "iqr": 4.0,
      "concentration": 0.6666666666666666,
      "mean_shift_sigma": 0.3254412010880592,
      "validation": {
        "status": "valid",
        "n_test": 205,
        "ks_stat": 0.13797450273185016,
        "ks_p": 0.002004116526123753,
        "test_mean": 4.341463414634147,
        "test_median": 4.0,
        "train_test_mean_diff": 0.27003484320557547
      }
    }
  ],
  "task_id": "ssq_P4_D3_x_D12",
  "lottery": "shuangseqiu",
  "elapsed_seconds": 0.3
}