{
  "status": "completed",
  "position": 4,
  "dimensions": [
    "D6",
    "D12"
  ],
  "n_patterns_found": 1,
  "n_validated": 1,
  "n_insufficient": 0,
  "validation_rate": 1.0,
  "uncond_mean": 5.396871945259042,
  "uncond_std": 4.072758364334535,
  "uncond_iqr": 6.0,
  "patterns": [
    {
      "dimension": "D6_x_D12",
      "condition": "(1, 2)",
      "support": 73,
      "ks_stat": 0.21526131844293578,
      "ks_p": 0.0023914217957692607,
      "js_divergence": 0.04364365523808286,
      "mean": 3.8493150684931505,
      "median": 3.0,
      "std": 3.2590074666768,
      "q10": 1.0,
      "q25": 1.0,
      "q50": 3.0,
      "q75": 5.0,
      "q90": 9.0,
      "iqr": 4.0,
      "concentration": 0.6666666666666666,
      "mean_shift_sigma": 0.37997758234762175,
      "validation": {
        "status": "valid",
        "n_test": 62,
        "ks_stat": 0.19923959760071788,
        "ks_p": 0.015357224582414158,
        "test_mean": 4.225806451612903,
        "test_median": 3.0,
        "train_test_mean_diff": 0.3764913831197525
      }
    }
  ],
  "task_id": "ssq_P4_D6_x_D12",
  "lottery": "shuangseqiu",
  "elapsed_seconds": 0.3
}