{
  "status": "completed",
  "position": 4,
  "dimensions": [
    "D1",
    "D4"
  ],
  "n_patterns_found": 3,
  "n_validated": 0,
  "n_insufficient": 0,
  "validation_rate": 0.0,
  "uncond_mean": 5.396871945259042,
  "uncond_std": 4.072758364334535,
  "uncond_iqr": 6.0,
  "patterns": [
    {
      "dimension": "D1_n5_x_D4",
      "condition": "((-1, 1, -1, 1, -1), (-1, np.int64(4)))",
      "support": 36,
      "ks_stat": 0.4134082763115021,
      "ks_p": 5.5367969833492205e-06,
      "js_divergence": 0.17591218620844504,
      "mean": 8.88888888888889,
      "median": 9.0,
      "std": 4.671294002128424,
      "q10": 2.0,
      "q25": 6.0,
      "q50": 9.0,
      "q75": 10.25,
      "q90": 15.5,
      "iqr": 4.25,
      "concentration": 0.7083333333333334,
      "mean_shift_sigma": 0.8574083290110491,
      "validation": {
        "status": "invalid",
        "n_test": 23,
        "ks_stat": 0.2447323190527723,
        "ks_p": 0.11150528667618094,
        "test_mean": 7.869565217391305,
        "test_median": 7.0,
        "train_test_mean_diff": 1.0193236714975846
      }
    },
    {
      "dimension": "D1_n3_x_D4",
      "condition": "((1, 1, -1), (-1, np.int64(1)))",
      "support": 49,
      "ks_stat": 0.23333732319907435,
      "ks_p": 0.008944340454973485,
      "js_divergence": 0.041315059314840474,
      "mean": 3.5306122448979593,
      "median": 3.0,
      "std": 2.634946003523168,
      "q10": 1.0,
      "q25": 2.0,
      "q50": 3.0,
      "q75": 5.0,
      "q90": 7.200000000000003,
      "iqr": 3.0,
      "concentration": 0.5,
      "mean_shift_sigma": 0.45822991039784366,
      "validation": {
        "status": "invalid",
        "n_test": 25,
        "ks_stat": 0.19903367496339677,
        "ks_p": 0.249465859803498,
        "test_mean": 4.44,
        "test_median": 3.0,
        "train_test_mean_diff": 0.9093877551020411
      }
    },
    {
      "dimension": "D1_n2_x_D4",
      "condition": "((1, -1), (-1, np.int64(1)))",
      "support": 135,
      "ks_stat": 0.18586944715976975,
      "ks_p": 0.00026448327057932173,
      "js_divergence": 0.040828068291060046,
      "mean": 3.8296296296296295,
      "median": 3.0,
      "std": 3.1612016954193365,
      "q10": 1.0,
      "q25": 2.0,
      "q50": 3.0,
      "q75": 6.0,
      "q90": 8.0,
      "iqr": 4.0,
      "concentration": 0.6666666666666666,
      "mean_shift_sigma": 0.3848110237410292,
      "validation": {
        "status": "invalid",
        "n_test": 81,
        "ks_stat": 0.10081702004591218,
        "ks_p": 0.39124107573460715,
        "test_mean": 4.728395061728395,
        "test_median": 4.0,
        "train_test_mean_diff": 0.8987654320987652
      }
    }
  ],
  "task_id": "ssq_P4_D1_x_D4",
  "lottery": "shuangseqiu",
  "elapsed_seconds": 0.3
}