{
  "status": "completed",
  "position": 5,
  "dimensions": [
    "D1",
    "D3"
  ],
  "n_patterns_found": 20,
  "n_validated": 10,
  "n_insufficient": 1,
  "validation_rate": 0.5,
  "uncond_mean": 3.972629521016618,
  "uncond_std": 3.4006257871847283,
  "uncond_iqr": 5.0,
  "patterns": [
    {
      "dimension": "D1_n2_x_D3",
      "condition": "((1, -1), np.int64(2))",
      "support": 28,
      "ks_stat": 0.6708560256947353,
      "ks_p": 9.107023349580383e-13,
      "js_divergence": 0.2978161827423099,
      "mean": 10.25,
      "median": 11.0,
      "std": 3.9787381344915302,
      "q10": 3.4000000000000004,
      "q25": 9.75,
      "q50": 11.0,
      "q75": 12.25,
      "q90": 14.3,
      "iqr": 2.5,
      "concentration": 0.5,
      "mean_shift_sigma": 1.8459456793628037,
      "validation": {
        "status": "valid",
        "n_test": 18,
        "ks_stat": 0.6971693509028795,
        "ks_p": 3.743299360002892e-09,
        "test_mean": 10.555555555555555,
        "test_median": 12.0,
        "train_test_mean_diff": 0.30555555555555536
      }
    },
    {
      "dimension": "D1_n3_x_D3",
      "condition": "((-1, 1, -1), np.int64(2))",
      "support": 23,
      "ks_stat": 0.6242721747630584,
      "ks_p": 4.374827449064777e-09,
      "js_divergence": 0.2895521289558626,
      "mean": 10.0,
      "median": 11.0,
      "std": 4.323846918418024,
      "q10": 2.4000000000000004,
      "q25": 8.0,
      "q50": 11.0,
      "q75": 13.0,
      "q90": 14.8,
      "iqr": 5.0,
      "concentration": 1.0,
      "mean_shift_sigma": 1.7724297985675317,
      "validation": {
        "status": "valid",
        "n_test": 12,
        "ks_stat": 0.8638360175695461,
        "ks_p": 1.1608054333707007e-10,
        "test_mean": 12.0,
        "test_median": 12.5,
        "train_test_mean_diff": 2.0
      }
    },
    {
      "dimension": "D1_n1_x_D3",
      "condition": "((-1,), np.int64(2))",
      "support": 71,
      "ks_stat": 0.6609461264163672,
      "ks_p": 7.937999807021614e-30,
      "js_divergence": 0.2851080667667908,
      "mean": 10.43661971830986,
      "median": 11.0,
      "std": 4.103356216034324,
      "q10": 4.0,
      "q25": 9.5,
      "q50": 11.0,
      "q75": 13.0,
      "q90": 15.0,
      "iqr": 3.5,
      "concentration": 0.7,
      "mean_shift_sigma": 1.9008237312240632,
      "validation": {
        "status": "valid",
        "n_test": 54,
        "ks_stat": 0.6887370533051353,
        "ks_p": 6.550270150219713e-25,
        "test_mean": 11.37037037037037,
        "test_median": 12.0,
        "train_test_mean_diff": 0.9337506520605103
      }
    },
    {
      "dimension": "D1_n2_x_D3",
      "condition": "((-1, -1), np.int64(2))",
      "support": 33,
      "ks_stat": 0.6124144672531769,
      "ks_p": 3.3189071670256776e-12,
      "js_divergence": 0.28020654640138365,
      "mean": 10.181818181818182,
      "median": 11.0,
      "std": 4.274338832122535,
      "q10": 4.2,
      "q25": 8.0,
      "q50": 11.0,
      "q75": 13.0,
      "q90": 14.8,
      "iqr": 5.0,
      "concentration": 1.0,
      "mean_shift_sigma": 1.8258958936913658,
      "validation": {
        "status": "valid",
        "n_test": 30,
        "ks_stat": 0.6961444607125427,
        "ks_p": 1.0723278525851547e-14,
        "test_mean": 11.466666666666667,
        "test_median": 12.0,
        "train_test_mean_diff": 1.2848484848484851
      }
    },
    {
      "dimension": "D1_n3_x_D3",
      "condition": "((1, -1, -1), np.int64(2))",
      "support": 23,
      "ks_stat": 0.674083046453313,
      "ks_p": 9.85339267336145e-11,
      "js_divergence": 0.2168146750538069,
      "mean": 10.91304347826087,
      "median": 11.0,
      "std": 3.202078719916864,
      "q10": 5.4,
      "q25": 9.5,
      "q50": 11.0,
      "q75": 13.5,
      "q90": 14.0,
      "iqr": 4.0,
      "concentration": 0.8,
      "mean_shift_sigma": 2.0409225806024374,
      "validation": {
        "status": "valid",
        "n_test": 21,
        "ks_stat": 0.7151920797601617,
        "ks_p": 3.475884724136055e-11,
        "test_mean": 10.952380952380953,
        "test_median": 11.0,
        "train_test_mean_diff": 0.03933747412008337
      }
    },
    {
      "dimension": "D1_n3_x_D3",
      "condition": "((-1, -1, -1), np.int64(3))",
      "support": 26,
      "ks_stat": 0.3876607263704038,
      "ks_p": 0.0005539373774949937,
      "js_divergence": 0.12939318450010093,
      "mean": 6.0,
      "median": 6.5,
      "std": 2.8284271247461903,
      "q10": 2.0,
      "q25": 4.25,
      "q50": 6.5,
      "q75": 8.0,
      "q90": 9.0,
      "iqr": 3.75,
      "concentration": 0.75,
      "mean_shift_sigma": 0.5961757058431821,
      "validation": {
        "status": "valid",
        "n_test": 14,
        "ks_stat": 0.3984522066513282,
        "ks_p": 0.0169784204493986,
        "test_mean": 6.285714285714286,
        "test_median": 6.0,
        "train_test_mean_diff": 0.2857142857142856
      }
    },
    {
      "dimension": "D1_n4_x_D3",
      "condition": "((-1, -1, 1, -1), np.int64(3))",
      "support": 28,
      "ks_stat": 0.3711772098868873,
      "ks_p": 0.0006375100466250193,
      "js_divergence": 0.12448453719687015,
      "mean": 5.392857142857143,
      "median": 5.0,
      "std": 2.5682023411923995,
      "q10": 2.0,
      "q25": 4.0,
      "q50": 5.0,
      "q75": 7.0,
      "q90": 8.0,
      "iqr": 3.0,
      "concentration": 0.6,
      "mean_shift_sigma": 0.417637138197522,
      "validation": {
        "status": "valid",
        "n_test": 31,
        "ks_stat": 0.2901572757757521,
        "ks_p": 0.009374924022419441,
        "test_mean": 5.548387096774194,
        "test_median": 6.0,
        "train_test_mean_diff": 0.1555299539170507
      }
    },
    {
      "dimension": "D1_n5_x_D3",
      "condition": "((1, 1, -1, -1, 1), 4)",
      "support": 41,
      "ks_stat": 0.35868917340199796,
      "ks_p": 3.9056189994483694e-05,
      "js_divergence": 0.11752808944596388,
      "mean": 2.0,
      "median": 1.0,
      "std": 2.7674061113912884,
      "q10": 0.0,
      "q25": 0.0,
      "q50": 1.0,
      "q75": 2.0,
      "q90": 4.0,
      "iqr": 2.0,
      "concentration": 0.4,
      "mean_shift_sigma": 0.5800783868811675,
      "validation": {
        "status": "insufficient",
        "n_test": 7
      }
    },
    {
      "dimension": "D1_n5_x_D3",
      "condition": "((-1, 1, 1, -1, -1), np.int64(3))",
      "support": 24,
      "ks_stat": 0.36522482893450636,
      "ks_p": 0.002419911438755839,
      "js_divergence": 0.11230739455839878,
      "mean": 6.083333333333333,
      "median": 6.5,
      "std": 2.722080495176846,
      "q10": 3.0,
      "q25": 4.0,
      "q50": 6.5,
      "q75": 7.25,
      "q90": 9.0,
      "iqr": 3.25,
      "concentration": 0.65,
      "mean_shift_sigma": 0.6206809994416059,
      "validation": {
        "status": "invalid",
        "n_test": 11,
        "ks_stat": 0.34001064820976973,
        "ks_p": 0.12526589495385332,
        "test_mean": 5.818181818181818,
        "test_median": 6.0,
        "train_test_mean_diff": 0.2651515151515147
      }
    },
    {
      "dimension": "D1_n4_x_D3",
      "condition": "((1, 1, -1, -1), np.int64(3))",
      "support": 31,
      "ks_stat": 0.3343108504398827,
      "ks_p": 0.0015339010018130851,
      "js_divergence": 0.09332772215701698,
      "mean": 5.838709677419355,
      "median": 6.0,
      "std": 2.616286141418273,
      "q10": 3.0,
      "q25": 4.0,
      "q50": 6.0,
      "q75": 7.0,
      "q90": 9.0,
      "iqr": 3.0,
      "concentration": 0.6,
      "mean_shift_sigma": 0.5487461053301035,
      "validation": {
        "status": "invalid",
        "n_test": 16,
        "ks_stat": 0.30023792093704244,
        "ks_p": 0.09245149697767659,
        "test_mean": 5.9375,
        "test_median": 6.5,
        "train_test_mean_diff": 0.09879032258064502
      }
    },
    {
      "dimension": "D1_n1_x_D3",
      "condition": "((1,), np.int64(3))",
      "support": 33,
      "ks_stat": 0.36119257086999024,