{
  "status": "completed",
  "position": 0,
  "dimensions": [
    "D8",
    "D10"
  ],
  "n_patterns_found": 6,
  "n_validated": 0,
  "n_insufficient": 0,
  "validation_rate": 0.0,
  "uncond_mean": 3.8470185728250246,
  "uncond_std": 3.349991378382439,
  "uncond_iqr": 5.0,
  "patterns": [
    {
      "dimension": "D8_sum_x_D10_w10",
      "condition": "(0, 1)",
      "support": 76,
      "ks_stat": 0.23996758759067757,
      "ks_p": 0.00033733635318606523,
      "js_divergence": 0.05338322457996916,
      "mean": 2.3815789473684212,
      "median": 1.5,
      "std": 2.4866332410201273,
      "q10": 0.0,
      "q25": 1.0,
      "q50": 1.5,
      "q75": 4.0,
      "q90": 6.5,
      "iqr": 3.0,
      "concentration": 0.6,
      "mean_shift_sigma": 0.43744579013340584,
      "validation": {
        "status": "invalid",
        "n_test": 56,
        "ks_stat": 0.14327546538381092,
        "ks_p": 0.19863997273624195,
        "test_mean": 2.607142857142857,
        "test_median": 2.0,
        "train_test_mean_diff": 0.22556390977443597
      }
    },
    {
      "dimension": "D8_span_x_D10_w20",
      "condition": "(np.int64(3), -1)",
      "support": 95,
      "ks_stat": 0.20848381951947317,
      "ks_p": 0.0006111705028138598,
      "js_divergence": 0.05157353799526737,
      "mean": 2.8526315789473684,
      "median": 3.0,
      "std": 2.082348982595991,
      "q10": 1.0,
      "q25": 1.0,
      "q50": 3.0,
      "q75": 4.0,
      "q90": 5.0,
      "iqr": 3.0,
      "concentration": 0.6,
      "mean_shift_sigma": 0.29683270240468534,
      "validation": {
        "status": "invalid",
        "n_test": 50,
        "ks_stat": 0.10099560761346998,
        "ks_p": 0.6700292208833709,
        "test_mean": 3.42,
        "test_median": 2.0,
        "train_test_mean_diff": 0.5673684210526315
      }
    },
    {
      "dimension": "D8_span_x_D10_w10",
      "condition": "(np.int64(4), 1)",
      "support": 90,
      "ks_stat": 0.28002606712284134,
      "ks_p": 1.8091992470436335e-06,
      "js_divergence": 0.04823329270266839,
      "mean": 2.3333333333333335,
      "median": 1.0,
      "std": 2.521022720158538,
      "q10": 0.0,
      "q25": 1.0,
      "q50": 1.0,
      "q75": 3.0,
      "q90": 7.0,
      "iqr": 2.0,
      "concentration": 0.4,
      "mean_shift_sigma": 0.45184750302927107,
      "validation": {
        "status": "invalid",
        "n_test": 40,
        "ks_stat": 0.19099560761346998,
        "ks_p": 0.1022906706016544,
        "test_mean": 2.8,
        "test_median": 2.0,
        "train_test_mean_diff": 0.46666666666666634
      }
    },
    {
      "dimension": "D8_span_x_D10_w10",
      "condition": "(np.int64(3), 0)",
      "support": 254,
      "ks_stat": 0.14582323104040149,
      "ks_p": 0.00011673608752044784,
      "js_divergence": 0.022894983405389938,
      "mean": 2.984251968503937,
      "median": 2.5,
      "std": 2.6352673278564698,
      "q10": 1.0,
      "q25": 1.0,
      "q50": 2.5,
      "q75": 4.0,
      "q90": 6.700000000000017,
      "iqr": 3.0,
      "concentration": 0.6,
      "mean_shift_sigma": 0.25754293276351026,
      "validation": {
        "status": "invalid",
        "n_test": 147,
        "ks_stat": 0.11242417904204141,
        "ks_p": 0.0641536103902322,
        "test_mean": 3.2653061224489797,
        "test_median": 2.0,
        "train_test_mean_diff": 0.28105415394504263
      }
    },
    {
      "dimension": "D8_sum_x_D10_w10",
      "condition": "(np.int64(1), 0)",
      "support": 209,
      "ks_stat": 0.1273087410608633,
      "ks_p": 0.003855838141717564,
      "js_divergence": 0.02236984106054258,
      "mean": 2.971291866028708,
      "median": 2.0,
      "std": 2.5990684300895013,
      "q10": 1.0,
      "q25": 1.0,
      "q50": 2.0,
      "q75": 4.0,
      "q90": 6.0,
      "iqr": 3.0,
      "concentration": 0.6,
      "mean_shift_sigma": 0.26141163002609447,
      "validation": {
        "status": "invalid",
        "n_test": 144,
        "ks_stat": 0.0956564177647633,
        "ks_p": 0.1718506918584872,
        "test_mean": 3.201388888888889,
        "test_median": 2.0,
        "train_test_mean_diff": 0.23009702286018063
      }
    },
    {
      "dimension": "D8_sum_x_D10_w20",
      "condition": "(0, 0)",
      "support": 259,
      "ks_stat": 0.13648252357929777,
      "ks_p": 0.00033670049675373504,
      "js_divergence": 0.017005587889121498,
      "mean": 2.9266409266409266,
      "median": 2.0,
      "std": 2.882249079988961,
      "q10": 0.0,
      "q25": 1.0,
      "q50": 2.0,
      "q75": 4.0,
      "q90": 7.0,
      "iqr": 3.0,
      "concentration": 0.6,
      "mean_shift_sigma": 0.2747403029522145,
      "validation": {
        "status": "invalid",
        "n_test": 188,
        "ks_stat": 0.06279399395657456,
        "ks_p": 0.5099838627390546,
        "test_mean": 3.377659574468085,
        "test_median": 2.0,
        "train_test_mean_diff": 0.4510186478271585
      }
    }
  ],
  "task_id": "ssq_P0_D8_x_D10",
  "lottery": "shuangseqiu",
  "elapsed_seconds": 0.3
}