{
  "status": "completed",
  "position": 2,
  "dimensions": [
    "D1",
    "D8"
  ],
  "n_patterns_found": 4,
  "n_validated": 2,
  "n_insufficient": 0,
  "validation_rate": 0.5,
  "uncond_mean": 6.009286412512219,
  "uncond_std": 4.326192904054333,
  "uncond_iqr": 6.0,
  "patterns": [
    {
      "dimension": "D1_n4_x_D8_sum",
      "condition": "((1, -1, -1, 1), np.int64(1))",
      "support": 30,
      "ks_stat": 0.2973607038123167,
      "ks_p": 0.008193027758883191,
      "js_divergence": 0.12288684221926455,
      "mean": 4.066666666666666,
      "median": 3.5,
      "std": 3.3757303736459097,
      "q10": 1.0,
      "q25": 1.25,
      "q50": 3.5,
      "q75": 4.75,
      "q90": 9.300000000000004,
      "iqr": 3.5,
      "concentration": 0.5833333333333334,
      "mean_shift_sigma": 0.449036783363268,
      "validation": {
        "status": "invalid",
        "n_test": 12,
        "ks_stat": 0.3056368960468521,
        "ks_p": 0.1749514023216743,
        "test_mean": 4.166666666666667,
        "test_median": 3.0,
        "train_test_mean_diff": 0.10000000000000053
      }
    },
    {
      "dimension": "D1_n2_x_D8_sum",
      "condition": "((-1, 1), np.int64(1))",
      "support": 104,
      "ks_stat": 0.19720467704338673,
      "ks_p": 0.0007531295366642386,
      "js_divergence": 0.03576025495512733,
      "mean": 4.4326923076923075,
      "median": 4.0,
      "std": 3.236701856106837,
      "q10": 1.0,
      "q25": 2.0,
      "q50": 4.0,
      "q75": 6.0,
      "q90": 9.0,
      "iqr": 4.0,
      "concentration": 0.6666666666666666,
      "mean_shift_sigma": 0.36442991327141044,
      "validation": {
        "status": "valid",
        "n_test": 68,
        "ks_stat": 0.18900180862974766,
        "ks_p": 0.016796748934465137,
        "test_mean": 4.470588235294118,
        "test_median": 3.0,
        "train_test_mean_diff": 0.037895927601810264
      }
    },
    {
      "dimension": "D1_n1_x_D8_sum",
      "condition": "((1,), np.int64(1))",
      "support": 125,
      "ks_stat": 0.19605083088954056,
      "ks_p": 0.00019200753944400128,
      "js_divergence": 0.034032330611288346,
      "mean": 4.344,
      "median": 4.0,
      "std": 3.2400098765281564,
      "q10": 1.0,
      "q25": 2.0,
      "q50": 4.0,
      "q75": 6.0,
      "q90": 9.0,
      "iqr": 4.0,
      "concentration": 0.6666666666666666,
      "mean_shift_sigma": 0.38493115065478933,
      "validation": {
        "status": "valid",
        "n_test": 91,
        "ks_stat": 0.18706257139639276,
        "ks_p": 0.004377558686154052,
        "test_mean": 4.5054945054945055,
        "test_median": 3.0,
        "train_test_mean_diff": 0.16149450549450517
      }
    },
    {
      "dimension": "D1_n2_x_D8_sum",
      "condition": "((-1, 1), np.int64(2))",
      "support": 120,
      "ks_stat": 0.1593841642228739,
      "ks_p": 0.0055310910603024325,
      "js_divergence": 0.019110296522640118,
      "mean": 4.583333333333333,
      "median": 4.0,
      "std": 3.5037678132103576,
      "q10": 1.0,
      "q25": 2.0,
      "q50": 4.0,
      "q75": 6.0,
      "q90": 10.0,
      "iqr": 4.0,
      "concentration": 0.6666666666666666,
      "mean_shift_sigma": 0.32960922242800145,
      "validation": {
        "status": "invalid",
        "n_test": 72,
        "ks_stat": 0.1142630551488531,
        "ks_p": 0.3090408274070183,
        "test_mean": 5.069444444444445,
        "test_median": 5.0,
        "train_test_mean_diff": 0.4861111111111116
      }
    }
  ],
  "task_id": "ssq_P2_D1_x_D8",
  "lottery": "shuangseqiu",
  "elapsed_seconds": 0.3
}