{
  "status": "completed",
  "position": 5,
  "dimensions": [
    "D1",
    "D4",
    "D8"
  ],
  "n_patterns_found": 17,
  "n_validated": 11,
  "n_insufficient": 0,
  "validation_rate": 0.6470588235294118,
  "uncond_mean": 3.972629521016618,
  "uncond_std": 3.4006257871847283,
  "uncond_iqr": 5.0,
  "patterns": [
    {
      "dimension": "D1_n2_x_D4_x_D8_sum",
      "condition": "((-1, -1), (-1, np.int64(4)), 0)",
      "support": 41,
      "ks_stat": 0.5797034070047445,
      "ks_p": 2.5317994508136225e-13,
      "js_divergence": 0.2285984022683017,
      "mean": 9.560975609756097,
      "median": 10.0,
      "std": 4.461481655277843,
      "q10": 2.0,
      "q25": 7.0,
      "q50": 10.0,
      "q75": 12.0,
      "q90": 15.0,
      "iqr": 5.0,
      "concentration": 1.0,
      "mean_shift_sigma": 1.6433287396099812,
      "validation": {
        "status": "valid",
        "n_test": 43,
        "ks_stat": 0.6000204297047907,
        "ks_p": 7.796839929638992e-15,
        "test_mean": 10.418604651162791,
        "test_median": 10.0,
        "train_test_mean_diff": 0.8576290414066943
      }
    },
    {
      "dimension": "D1_n2_x_D4_x_D8_span",
      "condition": "((-1, -1), (-1, np.int64(4)), 0)",
      "support": 40,
      "ks_stat": 0.5729960899315738,
      "ks_p": 1.0569001488753512e-12,
      "js_divergence": 0.21078907280145182,
      "mean": 9.525,
      "median": 10.5,
      "std": 4.598844963683816,
      "q10": 2.0,
      "q25": 6.5,
      "q50": 10.5,
      "q75": 13.0,
      "q90": 15.0,
      "iqr": 6.5,
      "concentration": 1.3,
      "mean_shift_sigma": 1.6327496250565154,
      "validation": {
        "status": "valid",
        "n_test": 39,
        "ks_stat": 0.6346059991740811,
        "ks_p": 2.7795536900779104e-15,
        "test_mean": 10.871794871794872,
        "test_median": 11.0,
        "train_test_mean_diff": 1.346794871794872
      }
    },
    {
      "dimension": "D1_n1_x_D4_x_D8_ac_value",
      "condition": "((-1,), (-1, np.int64(4)), 0)",
      "support": 49,
      "ks_stat": 0.5250164581961817,
      "ks_p": 8.57028794461365e-13,
      "js_divergence": 0.17856279556110075,
      "mean": 9.244897959183673,
      "median": 10.0,
      "std": 4.216249480695518,
      "q10": 3.8000000000000007,
      "q25": 6.0,
      "q50": 10.0,
      "q75": 12.0,
      "q90": 14.200000000000003,
      "iqr": 6.0,
      "concentration": 1.2,
      "mean_shift_sigma": 1.5503818320838534,
      "validation": {
        "status": "valid",
        "n_test": 39,
        "ks_stat": 0.4873108833577355,
        "ks_p": 8.436376294842987e-09,
        "test_mean": 8.692307692307692,
        "test_median": 9.0,
        "train_test_mean_diff": 0.5525902668759812
      }
    },
    {
      "dimension": "D1_n3_x_D4_x_D8_span",
      "condition": "((-1, 1, -1), (-1, np.int64(4)), 0)",
      "support": 46,
      "ks_stat": 0.42075736325385693,
      "ks_p": 9.871895596582796e-08,
      "js_divergence": 0.15321271396856345,
      "mean": 8.173913043478262,
      "median": 9.0,
      "std": 4.17708213025233,
      "q10": 2.0,
      "q25": 5.0,
      "q50": 9.0,
      "q75": 11.0,
      "q90": 14.0,
      "iqr": 6.0,
      "concentration": 1.2,
      "mean_shift_sigma": 1.2354442344977201,
      "validation": {
        "status": "valid",
        "n_test": 26,
        "ks_stat": 0.47449037053722265,
        "ks_p": 8.601044954989929e-06,
        "test_mean": 8.538461538461538,
        "test_median": 9.0,
        "train_test_mean_diff": 0.3645484949832767
      }
    },
    {
      "dimension": "D1_n1_x_D4_x_D8_sum",
      "condition": "((-1,), (-1, np.int64(4)), 0)",
      "support": 140,
      "ks_stat": 0.4694246613601452,
      "ks_p": 6.476461558398729e-27,
      "js_divergence": 0.14516739707635956,
      "mean": 8.321428571428571,
      "median": 9.0,
      "std": 4.3560595843079115,
      "q10": 2.0,
      "q25": 4.0,
      "q50": 9.0,
      "q75": 11.25,
      "q90": 14.0,
      "iqr": 7.25,
      "concentration": 1.45,
      "mean_shift_sigma": 1.2788231703707065,
      "validation": {
        "status": "valid",
        "n_test": 114,
        "ks_stat": 0.4996532326423673,
        "ks_p": 1.001216273142101e-24,
        "test_mean": 9.131578947368421,
        "test_median": 9.0,
        "train_test_mean_diff": 0.8101503759398501
      }
    },
    {
      "dimension": "D1_n1_x_D4_x_D8_span",
      "condition": "((-1,), (-1, np.int64(4)), 0)",
      "support": 134,
      "ks_stat": 0.4619643716899374,
      "ks_p": 5.170705742160991e-25,
      "js_divergence": 0.14297668115502,
      "mean": 8.455223880597014,
      "median": 9.0,
      "std": 4.342802712262977,
      "q10": 2.0,
      "q25": 5.0,
      "q50": 9.0,
      "q75": 11.75,
      "q90": 14.0,
      "iqr": 6.75,
      "concentration": 1.35,
      "mean_shift_sigma": 1.3181674903698817,
      "validation": {
        "status": "valid",
        "n_test": 92,
        "ks_stat": 0.5671589534661658,
        "ks_p": 1.4136955228343042e-26,
        "test_mean": 9.728260869565217,
        "test_median": 10.0,
        "train_test_mean_diff": 1.2730369889682027
      }
    },
    {
      "dimension": "D1_n2_x_D4_x_D8_sum",
      "condition": "((1, -1), (-1, np.int64(4)), np.int64(1))",
      "support": 35,
      "ks_stat": 0.3997486384583159,
      "ks_p": 1.7933456089691556e-05,
      "js_divergence": 0.13864471405943998,
      "mean": 5.8,
      "median": 6.0,
      "std": 2.8364968333693388,
      "q10": 1.0,
      "q25": 4.5,
      "q50": 6.0,
      "q75": 7.0,
      "q90": 9.600000000000001,
      "iqr": 2.5,
      "concentration": 0.5,
      "mean_shift_sigma": 0.5373630012069646,
      "validation": {
        "status": "invalid",
        "n_test": 24,
        "ks_stat": 0.23773792093704246,
        "ks_p": 0.11721979612316416,
        "test_mean": 5.541666666666667,
        "test_median": 6.0,
        "train_test_mean_diff": 0.25833333333333286
      }
    },
    {
      "dimension": "D1_n2_x_D4_x_D8_span",
      "condition": "((1, -1), (-1, np.int64(4)), 0)",
      "support": 74,
      "ks_stat": 0.40013473884441625,
      "ks_p": 8.046975925594112e-11,
      "js_divergence": 0.1321849434480377,
      "mean": 7.54054054054054,
      "median": 7.5,
      "std": 4.104016454543924,
      "q10": 2.0,
      "q25": 4.25,
      "q50": 7.5,
      "q75": 11.0,
      "q90": 12.0,
      "iqr": 6.75,
      "concentration": 1.35,
      "mean_shift_sigma": 1.0491924847978302,
      "validation": {
        "status": "valid",
        "n_test": 41,
        "ks_stat": 0.4663964575224083,
        "ks_p": 1.9185104989814498e-08,
        "test_mean": 8.292682926829269,
        "test_median": 9.0,
        "train_test_mean_diff": 0.7521423862887282
      }
    },
    {
      "dimension": "D1_n1_x_D4_x_D8_ac_value",
      "condition": "((-1,), (-1, np.int64(4)), np.int64(1))",
      "support": 55,
      "ks_stat": 0.45689149560117304,
      "ks_p": 9.975004206860274e-11,
      "js_divergence": 0.12909122355964286,
      "mean": 7.527272727272727,
      "median": 7.0,
      "std": 3.935177230406624,
      "q10": 2.0,
      "q25": 5.0,
      "q50": 7.0,
      "q75": 11.0,
      "q90": 12.0,
      "iqr": 6.0,
      "concentration": 1.2,
      "mean_shift_sigma": 1.0452909048833883,
      "validation": {
        "status": "valid",
        "n_test": 42,
        "ks_stat": 0.5247158892839713,
        "ks_p": 5.943576057891776e-11,
        "test_mean": 9.261904761904763,
        "test_median": 9.0,
        "train_test_mean_diff": 1.7346320346320354
      }
    },
    {
      "dimension": "D1_n3_x_D4_x_D8_sum",
      "condition": "((-1, 1, -1), (-1, np.int64(4)), 0)",
      "support": 54,
      "ks_stat": 0.43847072879330945,
      "ks_p": 1.0297651772402532e-09,
      "js_divergence": 0.12214273205142201,
      "mean": 7.833333333333333,
      "median": 8.0,
      "std": 4.245913067618999,
      "q10": 2.0,
      "q25": 4.0,
      "q50": 8.0,
      "q75": 11.0,
      "q90": 13.400000000000006,
      "iqr": 7.0,