{
  "status": "completed",
  "position": 0,
  "dimensions": [
    "D1",
    "D8"
  ],
  "n_patterns_found": 25,
  "n_validated": 7,
  "n_insufficient": 1,
  "validation_rate": 0.28,
  "uncond_mean": 3.8470185728250246,
  "uncond_std": 3.349991378382439,
  "uncond_iqr": 5.0,
  "patterns": [
    {
      "dimension": "D1_n5_x_D8_span",
      "condition": "((-1, 1, -1, 1, 1), 0)",
      "support": 24,
      "ks_stat": 0.49853372434017595,
      "ks_p": 5.7095395510904734e-06,
      "js_divergence": 0.23921782945794112,
      "mean": 7.875,
      "median": 8.0,
      "std": 4.176446855083078,
      "q10": 1.9000000000000008,
      "q25": 5.0,
      "q50": 8.0,
      "q75": 11.25,
      "q90": 13.0,
      "iqr": 6.25,
      "concentration": 1.25,
      "mean_shift_sigma": 1.2023856100548853,
      "validation": {
        "status": "insufficient",
        "n_test": 8
      }
    },
    {
      "dimension": "D1_n4_x_D8_ac_value",
      "condition": "((1, -1, 1, 1), np.int64(1))",
      "support": 22,
      "ks_stat": 0.39882697947214074,
      "ks_p": 0.0012433329970370445,
      "js_divergence": 0.1956369254371274,
      "mean": 7.590909090909091,
      "median": 8.0,
      "std": 4.417517720385211,
      "q10": 2.0,
      "q25": 4.0,
      "q50": 8.0,
      "q75": 11.75,
      "q90": 12.900000000000002,
      "iqr": 7.75,
      "concentration": 1.55,
      "mean_shift_sigma": 1.1175821353581583,
      "validation": {
        "status": "invalid",
        "n_test": 10,
        "ks_stat": 0.24963396778916544,
        "ks_p": 0.4901947557166691,
        "test_mean": 4.7,
        "test_median": 4.5,
        "train_test_mean_diff": 2.8909090909090907
      }
    },
    {
      "dimension": "D1_n4_x_D8_span",
      "condition": "((1, -1, 1, 1), 0)",
      "support": 40,
      "ks_stat": 0.41520039100684264,
      "ks_p": 1.2362364169768072e-06,
      "js_divergence": 0.18403875188812915,
      "mean": 7.35,
      "median": 7.0,
      "std": 4.321747331809207,
      "q10": 1.0,
      "q25": 4.75,
      "q50": 7.0,
      "q75": 11.0,
      "q90": 13.0,
      "iqr": 6.25,
      "concentration": 1.25,
      "mean_shift_sigma": 1.0456687888153338,
      "validation": {
        "status": "valid",
        "n_test": 21,
        "ks_stat": 0.32106253921773686,
        "ks_p": 0.021447784713638236,
        "test_mean": 7.095238095238095,
        "test_median": 6.0,
        "train_test_mean_diff": 0.25476190476190474
      }
    },
    {
      "dimension": "D1_n5_x_D8_sum",
      "condition": "((-1, 1, -1, 1, 1), np.int64(4))",
      "support": 25,
      "ks_stat": 0.41882697947214076,
      "ks_p": 0.00019354733902126613,
      "js_divergence": 0.15344678900160474,
      "mean": 7.56,
      "median": 9.0,
      "std": 4.454929853544273,
      "q10": 2.0,
      "q25": 4.0,
      "q50": 9.0,
      "q75": 11.0,
      "q90": 13.0,
      "iqr": 7.0,
      "concentration": 1.4,
      "mean_shift_sigma": 1.1083555173111543,
      "validation": {
        "status": "invalid",
        "n_test": 12,
        "ks_stat": 0.2935578330893119,
        "ks_p": 0.21054380399059416,
        "test_mean": 5.333333333333333,
        "test_median": 6.0,
        "train_test_mean_diff": 2.2266666666666666
      }
    },
    {
      "dimension": "D1_n3_x_D8_span",
      "condition": "((-1, 1, 1), 0)",
      "support": 61,
      "ks_stat": 0.4029053090396295,
      "ks_p": 3.4557475101910606e-09,
      "js_divergence": 0.13227675486822824,
      "mean": 7.475409836065574,
      "median": 7.0,
      "std": 4.419059158738186,
      "q10": 1.0,
      "q25": 4.0,
      "q50": 7.0,
      "q75": 11.0,
      "q90": 13.0,
      "iqr": 7.0,
      "concentration": 1.4,
      "mean_shift_sigma": 1.0831046571208005,
      "validation": {
        "status": "valid",
        "n_test": 37,
        "ks_stat": 0.32386925725139487,
        "ks_p": 0.0007295124440725902,
        "test_mean": 7.135135135135135,
        "test_median": 6.0,
        "train_test_mean_diff": 0.340274700930439
      }
    },
    {
      "dimension": "D1_n4_x_D8_sum",
      "condition": "((1, -1, 1, 1), np.int64(4))",
      "support": 43,
      "ks_stat": 0.370376685080361,
      "ks_p": 1.0862464462848663e-05,
      "js_divergence": 0.10609585032746857,
      "mean": 7.27906976744186,
      "median": 8.0,
      "std": 4.093815990884974,
      "q10": 2.0,
      "q25": 4.0,
      "q50": 8.0,
      "q75": 10.0,
      "q90": 13.0,
      "iqr": 6.0,
      "concentration": 1.2,
      "mean_shift_sigma": 1.024495530574774,
      "validation": {
        "status": "valid",
        "n_test": 31,
        "ks_stat": 0.37420299437963445,
        "ks_p": 0.0002566429718527166,
        "test_mean": 7.064516129032258,
        "test_median": 8.0,
        "train_test_mean_diff": 0.21455363840960207
      }
    },
    {
      "dimension": "D1_n3_x_D8_sum",
      "condition": "((-1, 1, 1), np.int64(4))",
      "support": 68,
      "ks_stat": 0.39126559714795006,
      "ks_p": 1.3998716519580876e-09,
      "js_divergence": 0.098643033732396,
      "mean": 7.367647058823529,
      "median": 7.0,
      "std": 4.032603930919552,
      "q10": 2.0,
      "q25": 4.0,
      "q50": 7.0,
      "q75": 10.0,
      "q90": 13.0,
      "iqr": 6.0,
      "concentration": 1.2,
      "mean_shift_sigma": 1.0509365811259068,
      "validation": {
        "status": "valid",
        "n_test": 47,
        "ks_stat": 0.36802591819569486,
        "ks_p": 5.038002329270349e-06,
        "test_mean": 7.042553191489362,
        "test_median": 7.0,
        "train_test_mean_diff": 0.325093867334167
      }
    },
    {
      "dimension": "D1_n5_x_D8_sum",
      "condition": "((-1, 1, -1, 1, -1), np.int64(3))",
      "support": 29,
      "ks_stat": 0.33008056089257426,
      "ks_p": 0.0028137868369967835,
      "js_divergence": 0.09231675952311362,
      "mean": 1.9310344827586208,
      "median": 2.0,
      "std": 1.5959222710905014,
      "q10": 0.0,
      "q25": 1.0,
      "q50": 2.0,
      "q75": 3.0,
      "q90": 3.1999999999999993,
      "iqr": 2.0,
      "concentration": 0.4,
      "mean_shift_sigma": 0.5719370212204985,
      "validation": {
        "status": "invalid",
        "n_test": 11,
        "ks_stat": 0.17735924397710634,
        "ks_p": 0.8242935469846535,
        "test_mean": 4.818181818181818,
        "test_median": 2.0,
        "train_test_mean_diff": 2.8871473354231973
      }
    },
    {
      "dimension": "D1_n2_x_D8_span",
      "condition": "((-1, -1), np.int64(1))",
      "support": 37,
      "ks_stat": 0.27136667459248104,
      "ks_p": 0.007434037012704907,
      "js_divergence": 0.0777562770072306,
      "mean": 2.2972972972972974,
      "median": 2.0,
      "std": 2.5240986067266036,
      "q10": 0.0,
      "q25": 1.0,
      "q50": 2.0,
      "q75": 3.0,
      "q90": 4.399999999999999,
      "iqr": 2.0,
      "concentration": 0.4,
      "mean_shift_sigma": 0.4626045563962073,
      "validation": {
        "status": "invalid",
        "n_test": 23,
        "ks_stat": 0.09262206378509134,
        "ks_p": 0.9799112043257566,
        "test_mean": 3.739130434782609,
        "test_median": 3.0,
        "train_test_mean_diff": 1.4418331374853115
      }
    },
    {
      "dimension": "D1_n3_x_D8_ac_value",
      "condition": "((-1, 1, -1), np.int64(2))",
      "support": 73,
      "ks_stat": 0.24014783272405898,
      "ks_p": 0.0004611843491165031,
      "js_divergence": 0.06771421644811554,
      "mean": 2.4383561643835616,
      "median": 2.0,
      "std": 2.734790074184719,
      "q10": 0.0,
      "q25": 1.0,
      "q50": 2.0,
      "q75": 4.0,
      "q90": 5.0,
      "iqr": 3.0,
      "concentration": 0.6,
      "mean_shift_sigma": 0.42049732352494684,
      "validation": {
        "status": "invalid",
        "n_test": 53,
        "ks_stat": 0.07436669521257493,
        "ks_p": 0.9196522049671539,
        "test_mean": 3.6792452830188678,
        "test_median": 2.0,