{
  "status": "completed",
  "position": 0,
  "dimensions": [
    "D5",
    "D3"
  ],
  "n_patterns_found": 5,
  "n_validated": 4,
  "n_insufficient": 0,
  "validation_rate": 0.8,
  "uncond_mean": 3.8470185728250246,
  "uncond_std": 3.349991378382439,
  "uncond_iqr": 5.0,
  "patterns": [
    {
      "dimension": "D5_x_D3",
      "condition": "((0, 0), np.int64(2))",
      "support": 24,
      "ks_stat": 0.7337487781036168,
      "ks_p": 1.4941744232093073e-13,
      "js_divergence": 0.38309581837157625,
      "mean": 11.0,
      "median": 12.0,
      "std": 3.9370039370059056,
      "q10": 5.9,
      "q25": 9.0,
      "q50": 12.0,
      "q75": 13.0,
      "q90": 15.7,
      "iqr": 4.0,
      "concentration": 0.8,
      "mean_shift_sigma": 2.1352238317188834,
      "validation": {
        "status": "valid",
        "n_test": 10,
        "ks_stat": 0.7496339677891655,
        "ks_p": 2.8743232649258894e-06,
        "test_mean": 11.0,
        "test_median": 11.0,
        "train_test_mean_diff": 0.0
      }
    },
    {
      "dimension": "D5_x_D3",
      "condition": "((2, 0), np.int64(1))",
      "support": 41,
      "ks_stat": 0.4212979519824524,
      "ks_p": 5.587310920906001e-07,
      "js_divergence": 0.12482595681182959,
      "mean": 6.219512195121951,
      "median": 7.0,
      "std": 2.5424416449830196,
      "q10": 2.0,
      "q25": 5.0,
      "q50": 7.0,
      "q75": 8.0,
      "q90": 9.0,
      "iqr": 3.0,
      "concentration": 0.6,
      "mean_shift_sigma": 0.7082088740904455,
      "validation": {
        "status": "valid",
        "n_test": 14,
        "ks_stat": 0.5353482535034512,
        "ks_p": 0.00030952000438517205,
        "test_mean": 6.857142857142857,
        "test_median": 7.5,
        "train_test_mean_diff": 0.6376306620209053
      }
    },
    {
      "dimension": "D5_x_D3",
      "condition": "((1, 0), 0)",
      "support": 304,
      "ks_stat": 0.12102883675464321,
      "ks_p": 0.0007716655274961267,
      "js_divergence": 0.020434765515909288,
      "mean": 3.0164473684210527,
      "median": 2.0,
      "std": 3.0103537141126826,
      "q10": 0.0,
      "q25": 1.0,
      "q50": 2.0,
      "q75": 4.0,
      "q90": 7.0,
      "iqr": 3.0,
      "concentration": 0.6,
      "mean_shift_sigma": 0.2479323408900884,
      "validation": {
        "status": "valid",
        "n_test": 182,
        "ks_stat": 0.10598844786253278,
        "ks_p": 0.04995549015550223,
        "test_mean": 3.3076923076923075,
        "test_median": 2.0,
        "train_test_mean_diff": 0.29124493927125483
      }
    },
    {
      "dimension": "D5_x_D3",
      "condition": "((1, 1), 0)",
      "support": 356,
      "ks_stat": 0.09367689215460147,
      "ks_p": 0.009050655912822142,
      "js_divergence": 0.015517449052829995,
      "mean": 3.1713483146067416,
      "median": 2.0,
      "std": 2.8475042062338787,
      "q10": 1.0,
      "q25": 1.0,
      "q50": 2.0,
      "q75": 4.0,
      "q90": 7.0,
      "iqr": 3.0,
      "concentration": 0.6,
      "mean_shift_sigma": 0.20169313347443119,
      "validation": {
        "status": "valid",
        "n_test": 235,
        "ks_stat": 0.13972773433849414,
        "ks_p": 0.000700119155359668,
        "test_mean": 2.9829787234042553,
        "test_median": 2.0,
        "train_test_mean_diff": 0.1883695912024863
      }
    },
    {
      "dimension": "D5_x_D3",
      "condition": "((1, 2), 0)",
      "support": 294,
      "ks_stat": 0.1205138947074431,
      "ks_p": 0.0010298278502018764,
      "js_divergence": 0.011206859097037801,
      "mean": 3.054421768707483,
      "median": 3.0,
      "std": 2.723748699600193,
      "q10": 0.0,
      "q25": 1.0,
      "q50": 3.0,
      "q75": 4.0,
      "q90": 7.0,
      "iqr": 3.0,
      "concentration": 0.6,
      "mean_shift_sigma": 0.23659666983986422,
      "validation": {
        "status": "invalid",
        "n_test": 181,
        "ks_stat": 0.05882400524174304,
        "ks_p": 0.6140142430370499,
        "test_mean": 3.8066298342541436,
        "test_median": 3.0,
        "train_test_mean_diff": 0.7522080655466605
      }
    }
  ],
  "task_id": "ssq_P0_D5_x_D3",
  "lottery": "shuangseqiu",
  "elapsed_seconds": 0.3
}