{
  "status": "completed",
  "position": 1,
  "dimensions": [
    "D1",
    "D3",
    "D12"
  ],
  "n_patterns_found": 3,
  "n_validated": 3,
  "n_insufficient": 0,
  "validation_rate": 1.0,
  "uncond_mean": 5.3132942326490715,
  "uncond_std": 4.001110451731618,
  "uncond_iqr": 6.0,
  "patterns": [
    {
      "dimension": "D1_n1_x_D3_x_D12",
      "condition": "((1,), np.int64(3), 0)",
      "support": 42,
      "ks_stat": 0.5551598938695713,
      "ks_p": 1.9304889977261116e-12,
      "js_divergence": 0.21043759956381564,
      "mean": 11.80952380952381,
      "median": 13.0,
      "std": 4.35473521822644,
      "q10": 5.1000000000000005,
      "q25": 9.0,
      "q50": 13.0,
      "q75": 15.0,
      "q90": 17.0,
      "iqr": 6.0,
      "concentration": 1.0,
      "mean_shift_sigma": 1.6236066600119154,
      "validation": {
        "status": "valid",
        "n_test": 28,
        "ks_stat": 0.5665655720560552,
        "ks_p": 7.783840224031216e-09,
        "test_mean": 12.571428571428571,
        "test_median": 13.0,
        "train_test_mean_diff": 0.761904761904761
      }
    },
    {
      "dimension": "D1_n5_x_D3_x_D12",
      "condition": "((-1, 1, -1, 1, 1), np.int64(2), 0)",
      "support": 31,
      "ks_stat": 0.44330400782013685,
      "ks_p": 5.606548625970646e-06,
      "js_divergence": 0.1791632457684948,
      "mean": 8.870967741935484,
      "median": 9.0,
      "std": 3.7566451701542545,
      "q10": 4.0,
      "q25": 6.5,
      "q50": 9.0,
      "q75": 11.0,
      "q90": 12.0,
      "iqr": 4.5,
      "concentration": 0.75,
      "mean_shift_sigma": 0.8891715318048036,
      "validation": {
        "status": "valid",
        "n_test": 19,
        "ks_stat": 0.3703090082453572,
        "ks_p": 0.008173199807348635,
        "test_mean": 8.421052631578947,
        "test_median": 9.0,
        "train_test_mean_diff": 0.4499151103565371
      }
    },
    {
      "dimension": "D1_n1_x_D3_x_D12",
      "condition": "((1,), np.int64(1), 1)",
      "support": 151,
      "ks_stat": 0.1537906300777482,
      "ks_p": 0.0022642804968891813,
      "js_divergence": 0.04130299542550728,
      "mean": 4.304635761589404,
      "median": 4.0,
      "std": 2.6842522790889007,
      "q10": 1.0,
      "q25": 2.0,
      "q50": 4.0,
      "q75": 6.0,
      "q90": 8.0,
      "iqr": 4.0,
      "concentration": 0.6666666666666666,
      "mean_shift_sigma": 0.25209463303447066,
      "validation": {
        "status": "valid",
        "n_test": 115,
        "ks_stat": 0.1613915589789293,
        "ks_p": 0.006962350714349309,
        "test_mean": 4.3478260869565215,
        "test_median": 4.0,
        "train_test_mean_diff": 0.04319032536711731
      }
    }
  ],
  "task_id": "ssq_P1_D1_x_D3_x_D12",
  "lottery": "shuangseqiu",
  "elapsed_seconds": 0.3
}