{
  "status": "completed",
  "position": 5,
  "dimensions": [
    "D1",
    "D8"
  ],
  "n_patterns_found": 11,
  "n_validated": 9,
  "n_insufficient": 0,
  "validation_rate": 0.8181818181818182,
  "uncond_mean": 3.972629521016618,
  "uncond_std": 3.4006257871847283,
  "uncond_iqr": 5.0,
  "patterns": [
    {
      "dimension": "D1_n5_x_D8_sum",
      "condition": "((1, -1, 1, -1, -1), 0)",
      "support": 26,
      "ks_stat": 0.46608767576509513,
      "ks_p": 1.2500256993331886e-05,
      "js_divergence": 0.19187373494454407,
      "mean": 8.307692307692308,
      "median": 8.5,
      "std": 3.7082987055981382,
      "q10": 4.0,
      "q25": 5.25,
      "q50": 8.5,
      "q75": 11.0,
      "q90": 12.0,
      "iqr": 5.75,
      "concentration": 1.15,
      "mean_shift_sigma": 1.2747838362610764,
      "validation": {
        "status": "valid",
        "n_test": 19,
        "ks_stat": 0.44702165369499886,
        "ks_p": 0.0006204301289866299,
        "test_mean": 7.578947368421052,
        "test_median": 7.0,
        "train_test_mean_diff": 0.7287449392712562
      }
    },
    {
      "dimension": "D1_n4_x_D8_span",
      "condition": "((-1, 1, -1, -1), 0)",
      "support": 35,
      "ks_stat": 0.4279988828375925,
      "ks_p": 3.0907279101658975e-06,
      "js_divergence": 0.15636145641640833,
      "mean": 7.914285714285715,
      "median": 9.0,
      "std": 4.569285211818012,
      "q10": 2.0,
      "q25": 3.5,
      "q50": 9.0,
      "q75": 11.5,
      "q90": 13.600000000000001,
      "iqr": 8.0,
      "concentration": 1.6,
      "mean_shift_sigma": 1.1590973073612638,
      "validation": {
        "status": "valid",
        "n_test": 30,
        "ks_stat": 0.4961444607125427,
        "ks_p": 3.444224674114307e-07,
        "test_mean": 9.433333333333334,
        "test_median": 9.0,
        "train_test_mean_diff": 1.519047619047619
      }
    },
    {
      "dimension": "D1_n4_x_D8_sum",
      "condition": "((-1, 1, -1, -1), 0)",
      "support": 48,
      "ks_stat": 0.45216275659824046,
      "ks_p": 2.8872956617888424e-09,
      "js_divergence": 0.12847489798159922,
      "mean": 7.666666666666667,
      "median": 8.0,
      "std": 4.254083006033406,
      "q10": 1.7000000000000002,
      "q25": 4.0,
      "q50": 8.0,
      "q75": 11.0,
      "q90": 12.300000000000004,
      "iqr": 7.0,
      "concentration": 1.4,
      "mean_shift_sigma": 1.0862815778116612,
      "validation": {
        "status": "valid",
        "n_test": 34,
        "ks_stat": 0.4981052450262682,
        "ks_p": 4.0300046109090854e-08,
        "test_mean": 8.705882352941176,
        "test_median": 8.0,
        "train_test_mean_diff": 1.0392156862745088
      }
    },
    {
      "dimension": "D1_n3_x_D8_span",
      "condition": "((1, -1, -1), 0)",
      "support": 60,
      "ks_stat": 0.3736559139784946,
      "ks_p": 8.248814612811677e-08,
      "js_divergence": 0.10155765854089407,
      "mean": 7.383333333333334,
      "median": 7.5,
      "std": 4.297641472042802,
      "q10": 1.9000000000000004,
      "q25": 4.0,
      "q50": 7.5,
      "q75": 11.0,
      "q90": 13.100000000000001,
      "iqr": 7.0,
      "concentration": 1.4,
      "mean_shift_sigma": 1.0029635795770198,
      "validation": {
        "status": "valid",
        "n_test": 50,
        "ks_stat": 0.4828111273792094,
        "ks_p": 7.443727684119652e-11,
        "test_mean": 8.9,
        "test_median": 9.0,
        "train_test_mean_diff": 1.5166666666666666
      }
    },
    {
      "dimension": "D1_n3_x_D8_ac_value",
      "condition": "((1, -1, -1), 0)",
      "support": 31,
      "ks_stat": 0.3343108504398827,
      "ks_p": 0.0015339010018130851,
      "js_divergence": 0.10039620662612447,
      "mean": 7.419354838709677,
      "median": 6.0,
      "std": 4.278786333411931,
      "q10": 2.0,
      "q25": 4.0,
      "q50": 6.0,
      "q75": 11.0,
      "q90": 14.0,
      "iqr": 7.0,
      "concentration": 1.4,
      "mean_shift_sigma": 1.0135561903582737,
      "validation": {
        "status": "valid",
        "n_test": 20,
        "ks_stat": 0.4706442166910688,
        "ks_p": 0.00015886905437998146,
        "test_mean": 9.05,
        "test_median": 8.0,
        "train_test_mean_diff": 1.6306451612903237
      }
    },
    {
      "dimension": "D1_n4_x_D8_ac_value",
      "condition": "((1, -1, 1, 1), np.int64(3))",
      "support": 30,
      "ks_stat": 0.32365591397849464,
      "ks_p": 0.0029516884067410593,
      "js_divergence": 0.06389287018729373,
      "mean": 1.9333333333333333,
      "median": 2.0,
      "std": 1.6110727964792761,
      "q10": 0.0,
      "q25": 1.0,
      "q50": 2.0,
      "q75": 2.75,
      "q90": 5.0,
      "iqr": 1.75,
      "concentration": 0.35,
      "mean_shift_sigma": 0.5996826217599066,
      "validation": {
        "status": "valid",
        "n_test": 20,
        "ks_stat": 0.30102489019033674,
        "ks_p": 0.04422634087318051,
        "test_mean": 2.15,
        "test_median": 1.0,
        "train_test_mean_diff": 0.21666666666666656
      }
    },
    {
      "dimension": "D1_n1_x_D8_span",
      "condition": "((-1,), np.int64(3))",
      "support": 185,
      "ks_stat": 0.1809463422366648,
      "ks_p": 2.4692836638792642e-05,
      "js_divergence": 0.032066016146051715,
      "mean": 3.054054054054054,
      "median": 3.0,
      "std": 2.5420352129947346,
      "q10": 0.0,
      "q25": 1.0,
      "q50": 3.0,
      "q75": 4.0,
      "q90": 6.0,
      "iqr": 3.0,
      "concentration": 0.6,
      "mean_shift_sigma": 0.2701195381227241,
      "validation": {
        "status": "valid",
        "n_test": 111,
        "ks_stat": 0.14310870167385542,
        "ks_p": 0.02670041401646878,
        "test_mean": 3.6396396396396398,
        "test_median": 3.0,
        "train_test_mean_diff": 0.5855855855855858
      }
    },
    {
      "dimension": "D1_n2_x_D8_span",
      "condition": "((1, -1), np.int64(3))",
      "support": 116,
      "ks_stat": 0.1706947112953787,
      "ks_p": 0.0028769299257101408,
      "js_divergence": 0.03031554639205467,
      "mean": 3.0948275862068964,
      "median": 2.0,
      "std": 2.738544945504701,
      "q10": 0.5,
      "q25": 1.0,
      "q50": 2.0,
      "q75": 4.0,
      "q90": 6.5,
      "iqr": 3.0,
      "concentration": 0.6,
      "mean_shift_sigma": 0.25812952960532193,
      "validation": {
        "status": "valid",
        "n_test": 66,
        "ks_stat": 0.1701051510714761,
        "ks_p": 0.04601770548964677,
        "test_mean": 3.484848484848485,
        "test_median": 3.0,
        "train_test_mean_diff": 0.3900208986415885
      }
    },
    {
      "dimension": "D1_n3_x_D8_ac_value",
      "condition": "((-1, 1, 1), np.int64(3))",
      "support": 55,
      "ks_stat": 0.22062561094819158,
      "ks_p": 0.00904533984742251,
      "js_divergence": 0.02412464125167102,
      "mean": 2.6,
      "median": 2.0,
      "std": 2.212361962822868,
      "q10": 0.0,
      "q25": 1.0,
      "q50": 2.0,
      "q75": 3.0,
      "q90": 5.600000000000001,
      "iqr": 2.0,
      "concentration": 0.4,
      "mean_shift_sigma": 0.4036402729725151,
      "validation": {
        "status": "valid",
        "n_test": 42,
        "ks_stat": 0.21003276859792233,
        "ks_p": 0.04679868891282981,
        "test_mean": 2.857142857142857,
        "test_median": 2.0,
        "train_test_mean_diff": 0.2571428571428571
      }
    },
    {
      "dimension": "D1_n1_x_D8_sum",
      "condition": "((1,), np.int64(3))",
      "support": 220,
      "ks_stat": 0.11608015640273704,
      "ks_p": 0.008642065792215515,
      "js_divergence": 0.02082784404011505,
      "mean": 3.172727272727273,
      "median": 2.0,
      "std": 3.035723939147093,
      "q10": 0.0,
      "q25": 1.0,
      "q50": 2.0,
      "q75": 4.0,
      "q90": 7.0,
      "iqr": 3.0,
      "concentration": 0.6,
      "mean_shift_sigma": 0.23522207333243775,
      "validation": {
        "status": "invalid",
        "n_test": 159,
        "ks_stat": 0.06627715314419368,