{
  "status": "completed",
  "position": 3,
  "dimensions": [
    "D3",
    "D12"
  ],
  "n_patterns_found": 3,
  "n_validated": 3,
  "n_insufficient": 0,
  "validation_rate": 1.0,
  "uncond_mean": 5.953567937438905,
  "uncond_std": 4.355566822255883,
  "uncond_iqr": 7.0,
  "patterns": [
    {
      "dimension": "D3_x_D12",
      "condition": "(0, 0)",
      "support": 23,
      "ks_stat": 0.6193420884865485,
      "ks_p": 6.227174744359638e-09,
      "js_divergence": 0.3249695271372891,
      "mean": 13.695652173913043,
      "median": 13.0,
      "std": 5.212316372398508,
      "q10": 8.0,
      "q25": 10.0,
      "q50": 13.0,
      "q75": 18.0,
      "q90": 19.8,
      "iqr": 8.0,
      "concentration": 1.1428571428571428,
      "mean_shift_sigma": 1.777514742034028,
      "validation": {
        "status": "valid",
        "n_test": 15,
        "ks_stat": 0.7297706198145437,
        "ks_p": 1.4767762665208506e-08,
        "test_mean": 15.266666666666667,
        "test_median": 17.0,
        "train_test_mean_diff": 1.5710144927536245
      }
    },
    {
      "dimension": "D3_x_D12",
      "condition": "(np.int64(2), 1)",
      "support": 311,
      "ks_stat": 0.10812250709564267,
      "ks_p": 0.0033177350567818874,
      "js_divergence": 0.01667506762023977,
      "mean": 4.842443729903537,
      "median": 4.0,
      "std": 3.354355877503608,
      "q10": 1.0,
      "q25": 2.0,
      "q50": 4.0,
      "q75": 7.0,
      "q90": 10.0,
      "iqr": 5.0,
      "concentration": 0.7142857142857143,
      "mean_shift_sigma": 0.25510438775908434,
      "validation": {
        "status": "valid",
        "n_test": 200,
        "ks_stat": 0.12053440702781845,
        "ks_p": 0.011401248296427953,
        "test_mean": 4.945,
        "test_median": 4.0,
        "train_test_mean_diff": 0.10255627009646329
      }
    },
    {
      "dimension": "D3_x_D12",
      "condition": "(np.int64(2), 0)",
      "support": 443,
      "ks_stat": 0.118674548587896,
      "ks_p": 6.271309906227437e-05,
      "js_divergence": 0.010412379850684161,
      "mean": 4.799097065462754,
      "median": 4.0,
      "std": 3.3766960085481323,
      "q10": 1.0,
      "q25": 2.0,
      "q50": 4.0,
      "q75": 7.0,
      "q90": 10.0,
      "iqr": 5.0,
      "concentration": 0.7142857142857143,
      "mean_shift_sigma": 0.2650564023210679,
      "validation": {
        "status": "valid",
        "n_test": 317,
        "ks_stat": 0.10582834128520029,
        "ks_p": 0.00574295805627983,
        "test_mean": 5.151419558359621,
        "test_median": 5.0,
        "train_test_mean_diff": 0.35232249289686735
      }
    }
  ],
  "task_id": "ssq_P3_D3_x_D12",
  "lottery": "shuangseqiu",
  "elapsed_seconds": 0.3
}