{
  "status": "completed",
  "position": 4,
  "dimensions": [
    "D1",
    "D8"
  ],
  "n_patterns_found": 4,
  "n_validated": 0,
  "n_insufficient": 0,
  "validation_rate": 0.0,
  "uncond_mean": 5.396871945259042,
  "uncond_std": 4.072758364334535,
  "uncond_iqr": 6.0,
  "patterns": [
    {
      "dimension": "D1_n5_x_D8_sum",
      "condition": "((1, -1, -1, 1, -1), 0)",
      "support": 23,
      "ks_stat": 0.4570529984274725,
      "ks_p": 7.3556115205153e-05,
      "js_divergence": 0.08549533744615091,
      "mean": 8.434782608695652,
      "median": 8.0,
      "std": 3.033524094349984,
      "q10": 5.2,
      "q25": 6.0,
      "q50": 8.0,
      "q75": 10.5,
      "q90": 12.8,
      "iqr": 4.5,
      "concentration": 0.75,
      "mean_shift_sigma": 0.7459098703325571,
      "validation": {
        "status": "invalid",
        "n_test": 23,
        "ks_stat": 0.14574447768794957,
        "ks_p": 0.6687496603137485,
        "test_mean": 6.478260869565218,
        "test_median": 6.0,
        "train_test_mean_diff": 1.9565217391304346
      }
    },
    {
      "dimension": "D1_n3_x_D8_sum",
      "condition": "((-1, 1, 1), np.int64(2))",
      "support": 51,
      "ks_stat": 0.22813524236674143,
      "ks_p": 0.009280162432758867,
      "js_divergence": 0.06550816326792311,
      "mean": 4.2745098039215685,
      "median": 3.0,
      "std": 3.980730208768477,
      "q10": 1.0,
      "q25": 1.5,
      "q50": 3.0,
      "q75": 5.5,
      "q90": 10.0,
      "iqr": 4.0,
      "concentration": 0.6666666666666666,
      "mean_shift_sigma": 0.2755778862713994,
      "validation": {
        "status": "invalid",
        "n_test": 17,
        "ks_stat": 0.17126001205753166,
        "ks_p": 0.646468089067517,
        "test_mean": 5.764705882352941,
        "test_median": 5.0,
        "train_test_mean_diff": 1.4901960784313726
      }
    },
    {
      "dimension": "D1_n2_x_D8_sum",
      "condition": "((1, -1), np.int64(2))",
      "support": 105,
      "ks_stat": 0.17627426337103758,
      "ks_p": 0.0034669676478808037,
      "js_divergence": 0.054459424931200845,
      "mean": 4.095238095238095,
      "median": 4.0,
      "std": 2.8669672362597463,
      "q10": 1.0,
      "q25": 2.0,
      "q50": 4.0,
      "q75": 5.0,
      "q90": 7.6000000000000085,
      "iqr": 3.0,
      "concentration": 0.5,
      "mean_shift_sigma": 0.3195951572819681,
      "validation": {
        "status": "invalid",
        "n_test": 74,
        "ks_stat": 0.15052827351509634,
        "ks_p": 0.07436513857115819,
        "test_mean": 4.472972972972973,
        "test_median": 4.0,
        "train_test_mean_diff": 0.3777348777348779
      }
    },
    {
      "dimension": "D1_n1_x_D8_sum",
      "condition": "((-1,), np.int64(2))",
      "support": 163,
      "ks_stat": 0.13993187365441473,
      "ks_p": 0.004821257157433402,
      "js_divergence": 0.033587383952705566,
      "mean": 4.361963190184049,
      "median": 4.0,
      "std": 3.128774208492008,
      "q10": 1.0,
      "q25": 2.0,
      "q50": 4.0,
      "q75": 6.0,
      "q90": 8.0,
      "iqr": 4.0,
      "concentration": 0.6666666666666666,
      "mean_shift_sigma": 0.2541051205339776,
      "validation": {
        "status": "invalid",
        "n_test": 104,
        "ks_stat": 0.10453035251717535,
        "ks_p": 0.2243711796137082,
        "test_mean": 4.788461538461538,
        "test_median": 4.0,
        "train_test_mean_diff": 0.4264983482774891
      }
    }
  ],
  "task_id": "ssq_P4_D1_x_D8",
  "lottery": "shuangseqiu",
  "elapsed_seconds": 0.3
}