{
  "status": "completed",
  "position": 5,
  "dimensions": [
    "D1",
    "D4"
  ],
  "n_patterns_found": 11,
  "n_validated": 7,
  "n_insufficient": 0,
  "validation_rate": 0.6363636363636364,
  "uncond_mean": 3.972629521016618,
  "uncond_std": 3.4006257871847283,
  "uncond_iqr": 5.0,
  "patterns": [
    {
      "dimension": "D1_n4_x_D4",
      "condition": "((-1, 1, -1, -1), (-1, np.int64(4)))",
      "support": 23,
      "ks_stat": 0.6306047855837477,
      "ks_p": 2.773981151914844e-09,
      "js_divergence": 0.19918847542463403,
      "mean": 9.956521739130435,
      "median": 10.0,
      "std": 3.507485918278036,
      "q10": 4.2,
      "q25": 8.0,
      "q50": 10.0,
      "q75": 12.0,
      "q90": 14.0,
      "iqr": 4.0,
      "concentration": 0.8,
      "mean_shift_sigma": 1.7596444279944412,
      "validation": {
        "status": "valid",
        "n_test": 23,
        "ks_stat": 0.5208160926857216,
        "ks_p": 3.150990868435377e-06,
        "test_mean": 9.217391304347826,
        "test_median": 9.0,
        "train_test_mean_diff": 0.7391304347826093
      }
    },
    {
      "dimension": "D1_n2_x_D4",
      "condition": "((-1, -1), (-1, np.int64(4)))",
      "support": 52,
      "ks_stat": 0.5403037822392661,
      "ks_p": 2.3314269777861927e-14,
      "js_divergence": 0.19208142701040548,
      "mean": 9.057692307692308,
      "median": 10.0,
      "std": 4.395861084538069,
      "q10": 2.1000000000000005,
      "q25": 5.0,
      "q50": 10.0,
      "q75": 12.0,
      "q90": 14.0,
      "iqr": 7.0,
      "concentration": 1.4,
      "mean_shift_sigma": 1.4953314786468919,
      "validation": {
        "status": "valid",
        "n_test": 53,
        "ks_stat": 0.5363960330395867,
        "ks_p": 3.253437189985449e-14,
        "test_mean": 9.60377358490566,
        "test_median": 9.0,
        "train_test_mean_diff": 0.5460812772133519
      }
    },
    {
      "dimension": "D1_n3_x_D4",
      "condition": "((1, -1, -1), (-1, np.int64(4)))",
      "support": 38,
      "ks_stat": 0.5848381951947317,
      "ks_p": 1.2222405418780704e-12,
      "js_divergence": 0.18871636498008634,
      "mean": 9.447368421052632,
      "median": 10.0,
      "std": 3.6396744245739217,
      "q10": 4.0,
      "q25": 7.25,
      "q50": 10.0,
      "q75": 12.0,
      "q90": 14.0,
      "iqr": 4.75,
      "concentration": 0.95,
      "mean_shift_sigma": 1.6099210094411414,
      "validation": {
        "status": "valid",
        "n_test": 35,
        "ks_stat": 0.5056682702363522,
        "ks_p": 1.3758454556256688e-08,
        "test_mean": 8.914285714285715,
        "test_median": 9.0,
        "train_test_mean_diff": 0.5330827067669173
      }
    },
    {
      "dimension": "D1_n2_x_D4",
      "condition": "((0, -1), (-1, np.int64(4)))",
      "support": 40,
      "ks_stat": 0.45862658846529814,
      "ks_p": 4.6276904574112804e-08,
      "js_divergence": 0.18862969940588964,
      "mean": 7.75,
      "median": 8.0,
      "std": 4.004684756631913,
      "q10": 3.0,
      "q25": 4.0,
      "q50": 8.0,
      "q75": 11.0,
      "q90": 13.0,
      "iqr": 7.0,
      "concentration": 1.4,
      "mean_shift_sigma": 1.110786871410085,
      "validation": {
        "status": "valid",
        "n_test": 19,
        "ks_stat": 0.6049163905371041,
        "ks_p": 4.3053653525413854e-07,
        "test_mean": 9.263157894736842,
        "test_median": 9.0,
        "train_test_mean_diff": 1.5131578947368425
      }
    },
    {
      "dimension": "D1_n5_x_D4",
      "condition": "((-1, 1, -1, 1, -1), (-1, np.int64(4)))",
      "support": 26,
      "ks_stat": 0.5210918114143921,
      "ks_p": 5.237165351727821e-07,
      "js_divergence": 0.18763500042912484,
      "mean": 7.923076923076923,
      "median": 8.0,
      "std": 3.999260286632602,
      "q10": 1.5,
      "q25": 5.5,
      "q50": 8.0,
      "q75": 11.0,
      "q90": 12.0,
      "iqr": 5.5,
      "concentration": 1.1,
      "mean_shift_sigma": 1.1616824811914273,
      "validation": {
        "status": "valid",
        "n_test": 13,
        "ks_stat": 0.5358148440139655,
        "ks_p": 0.0005551316657269252,
        "test_mean": 7.6923076923076925,
        "test_median": 7.0,
        "train_test_mean_diff": 0.23076923076923084
      }
    },
    {
      "dimension": "D1_n1_x_D4",
      "condition": "((-1,), (-1, np.int64(4)))",
      "support": 219,
      "ks_stat": 0.3865946249949785,
      "ks_p": 4.8269240501787276e-27,
      "js_divergence": 0.10065552436846331,
      "mean": 7.447488584474886,
      "median": 7.0,
      "std": 4.119308648117322,
      "q10": 2.0,
      "q25": 4.0,
      "q50": 7.0,
      "q75": 11.0,
      "q90": 13.0,
      "iqr": 7.0,
      "concentration": 1.4,
      "mean_shift_sigma": 1.0218292987582722,
      "validation": {
        "status": "valid",
        "n_test": 165,
        "ks_stat": 0.41129597586405786,
        "ks_p": 5.862680078728636e-23,
        "test_mean": 8.090909090909092,
        "test_median": 8.0,
        "train_test_mean_diff": 0.6434205064342056
      }
    },
    {
      "dimension": "D1_n3_x_D4",
      "condition": "((1, 1, -1), (-1, np.int64(2)))",
      "support": 52,
      "ks_stat": 0.2277238890142116,
      "ks_p": 0.008557871108041926,
      "js_divergence": 0.08746586772888225,
      "mean": 3.0384615384615383,
      "median": 2.0,
      "std": 2.659970636488728,
      "q10": 1.0,
      "q25": 1.75,
      "q50": 2.0,
      "q75": 4.0,
      "q90": 4.899999999999999,
      "iqr": 2.25,
      "concentration": 0.45,
      "mean_shift_sigma": 0.2747047281931153,
      "validation": {
        "status": "invalid",
        "n_test": 26,
        "ks_stat": 0.23341592521680368,
        "ks_p": 0.10478449767323902,
        "test_mean": 3.1153846153846154,
        "test_median": 3.0,
        "train_test_mean_diff": 0.0769230769230771
      }
    },
    {
      "dimension": "D1_n3_x_D4",
      "condition": "((-1, 1, 1), (1, np.int64(2)))",
      "support": 77,
      "ks_stat": 0.21023600055858122,
      "ks_p": 0.0023470181515176875,
      "js_divergence": 0.051213501440748904,
      "mean": 2.896103896103896,
      "median": 2.0,
      "std": 2.8356927992191365,
      "q10": 0.0,
      "q25": 1.0,
      "q50": 2.0,
      "q75": 3.0,
      "q90": 7.400000000000006,
      "iqr": 2.0,
      "concentration": 0.4,
      "mean_shift_sigma": 0.3165669180565568,
      "validation": {
        "status": "invalid",
        "n_test": 39,
        "ks_stat": 0.15495363591996095,
        "ks_p": 0.29053826389206816,
        "test_mean": 3.230769230769231,
        "test_median": 2.0,
        "train_test_mean_diff": 0.33466533466533477
      }
    },
    {
      "dimension": "D1_n4_x_D4",
      "condition": "((-1, -1, 1, -1), (-1, np.int64(3)))",
      "support": 22,
      "ks_stat": 0.3763440860215054,
      "ks_p": 0.0028319000020850167,
      "js_divergence": 0.05085565280339508,
      "mean": 4.863636363636363,
      "median": 4.5,
      "std": 1.960877691829363,
      "q10": 3.0,
      "q25": 3.0,
      "q50": 4.5,
      "q75": 6.0,
      "q90": 7.900000000000002,
      "iqr": 3.0,
      "concentration": 0.6,
      "mean_shift_sigma": 0.26201261131921905,
      "validation": {
        "status": "invalid",
        "n_test": 22,
        "ks_stat": 0.19472913616398244,
        "ks_p": 0.33872429573953283,
        "test_mean": 4.636363636363637,
        "test_median": 5.5,
        "train_test_mean_diff": 0.22727272727272663
      }
    },
    {
      "dimension": "D1_n1_x_D4",
      "condition": "((1,), (1, np.int64(4)))",
      "support": 210,
      "ks_stat": 0.13534422566680632,
      "ks_p": 0.0016615134662409845,
      "js_divergence": 0.02248777462319032,
      "mean": 3.2142857142857144,
      "median": 2.0,
      "std": 3.2509025434390946,
      "q10": 0.0,
      "q25": 1.0,
      "q50": 2.0,
      "q75": 4.0,
      "q90": 7.0,
      "iqr": 3.0,
      "concentration": 0.6,
      "mean_shift_sigma": 0.2230012515898471,
      "validation": {
        "status": "invalid",