{
  "status": "completed",
  "position": 1,
  "dimensions": [
    "D7"
  ],
  "n_patterns_found": 5,
  "n_validated": 2,
  "n_insufficient": 1,
  "validation_rate": 0.4,
  "uncond_mean": 5.3132942326490715,
  "uncond_std": 4.001110451731618,
  "uncond_iqr": 6.0,
  "patterns": [
    {
      "dimension": "D7",
      "condition": "(0, -1)",
      "support": 99,
      "ks_stat": 0.19745845552297164,
      "ks_p": 0.0010619458594909124,
      "js_divergence": 0.04197734545598726,
      "mean": 3.8383838383838382,
      "median": 3.0,
      "std": 2.8628835880151815,
      "q10": 1.0,
      "q25": 2.0,
      "q50": 3.0,
      "q75": 5.0,
      "q90": 8.200000000000003,
      "iqr": 3.0,
      "concentration": 0.5,
      "mean_shift_sigma": 0.368625263425786,
      "validation": {
        "status": "invalid",
        "n_test": 72,
        "ks_stat": 0.14401333984057263,
        "ks_p": 0.10558940207190269,
        "test_mean": 4.194444444444445,
        "test_median": 3.0,
        "train_test_mean_diff": 0.3560606060606064
      }
    },
    {
      "dimension": "D7",
      "condition": "(1, -1)",
      "support": 236,
      "ks_stat": 0.16467849628046458,
      "ks_p": 1.7490876002428335e-05,
      "js_divergence": 0.029303957910879877,
      "mean": 3.9237288135593222,
      "median": 3.0,
      "std": 2.8720062664023778,
      "q10": 1.0,
      "q25": 2.0,
      "q50": 3.0,
      "q75": 6.0,
      "q90": 7.5,
      "iqr": 4.0,
      "concentration": 0.6666666666666666,
      "mean_shift_sigma": 0.3472949412052264,
      "validation": {
        "status": "invalid",
        "n_test": 118,
        "ks_stat": 0.12376851874829392,
        "ks_p": 0.06541190816825672,
        "test_mean": 4.61864406779661,
        "test_median": 3.5,
        "train_test_mean_diff": 0.6949152542372876
      }
    },
    {
      "dimension": "D7",
      "condition": "(0, 0)",
      "support": 24,
      "ks_stat": 0.947702834799609,
      "ks_p": 4.1224724471701635e-30,
      "js_divergence": 0.0,
      "mean": 0.0,
      "median": 0.0,
      "std": 0.0,
      "q10": 0.0,
      "q25": 0.0,
      "q50": 0.0,
      "q75": 0.0,
      "q90": 0.0,
      "iqr": 0.0,
      "concentration": 0.0,
      "mean_shift_sigma": 1.3279549007075175,
      "validation": {
        "status": "insufficient",
        "n_test": 7
      }
    },
    {
      "dimension": "D7",
      "condition": "(1, 0)",
      "support": 47,
      "ks_stat": 0.947702834799609,
      "ks_p": 7.114011604574499e-57,
      "js_divergence": 0.0,
      "mean": 0.0,
      "median": 0.0,
      "std": 0.0,
      "q10": 0.0,
      "q25": 0.0,
      "q50": 0.0,
      "q75": 0.0,
      "q90": 0.0,
      "iqr": 0.0,
      "concentration": 0.0,
      "mean_shift_sigma": 1.3279549007075175,
      "validation": {
        "status": "valid",
        "n_test": 24,
        "ks_stat": 0.95900439238653,
        "ks_p": 9.083597989113323e-32,
        "test_mean": 0.0,
        "test_median": 0.0,
        "train_test_mean_diff": 0.0
      }
    },
    {
      "dimension": "D7",
      "condition": "(-1, 0)",
      "support": 36,
      "ks_stat": 0.947702834799609,
      "ks_p": 2.9185750039620026e-44,
      "js_divergence": 0.0,
      "mean": 0.0,
      "median": 0.0,
      "std": 0.0,
      "q10": 0.0,
      "q25": 0.0,
      "q50": 0.0,
      "q75": 0.0,
      "q90": 0.0,
      "iqr": 0.0,
      "concentration": 0.0,
      "mean_shift_sigma": 1.3279549007075175,
      "validation": {
        "status": "valid",
        "n_test": 25,
        "ks_stat": 0.95900439238653,
        "ks_p": 5.2895142855368634e-33,
        "test_mean": 0.0,
        "test_median": 0.0,
        "train_test_mean_diff": 0.0
      }
    }
  ],
  "task_id": "ssq_P1_D7",
  "lottery": "shuangseqiu",
  "elapsed_seconds": 0.3
}