{
  "status": "completed",
  "position": 5,
  "dimensions": [
    "D2",
    "D3"
  ],
  "n_patterns_found": 8,
  "n_validated": 4,
  "n_insufficient": 1,
  "validation_rate": 0.5,
  "uncond_mean": 3.972629521016618,
  "uncond_std": 3.4006257871847283,
  "uncond_iqr": 5.0,
  "patterns": [
    {
      "dimension": "D2_n1_x_D3",
      "condition": "((np.int64(9),), np.int64(2))",
      "support": 52,
      "ks_stat": 0.7029287916384691,
      "ks_p": 1.4509923634422805e-25,
      "js_divergence": 0.3086264575126082,
      "mean": 10.673076923076923,
      "median": 12.0,
      "std": 4.2277524209140225,
      "q10": 3.1000000000000005,
      "q25": 10.0,
      "q50": 12.0,
      "q75": 14.0,
      "q90": 15.0,
      "iqr": 4.0,
      "concentration": 0.8,
      "mean_shift_sigma": 1.9703571699394176,
      "validation": {
        "status": "valid",
        "n_test": 41,
        "ks_stat": 0.693104310252473,
        "ks_p": 1.5736762265798776e-19,
        "test_mean": 11.609756097560975,
        "test_median": 12.0,
        "train_test_mean_diff": 0.9366791744840519
      }
    },
    {
      "dimension": "D2_n1_x_D3",
      "condition": "((np.int64(5),), np.int64(3))",
      "support": 31,
      "ks_stat": 0.41104594330400784,
      "ks_p": 3.5667539804441404e-05,
      "js_divergence": 0.16834345011580115,
      "mean": 6.032258064516129,
      "median": 6.0,
      "std": 2.362118663099717,
      "q10": 3.0,
      "q25": 4.5,
      "q50": 6.0,
      "q75": 8.0,
      "q90": 9.0,
      "iqr": 3.5,
      "concentration": 0.7,
      "mean_shift_sigma": 0.6056616259457979,
      "validation": {
        "status": "invalid",
        "n_test": 20,
        "ks_stat": 0.11273792093704246,
        "ks_p": 0.9393458966461192,
        "test_mean": 4.3,
        "test_median": 4.5,
        "train_test_mean_diff": 1.7322580645161292
      }
    },
    {
      "dimension": "D2_n1_x_D3",
      "condition": "((np.int64(6),), np.int64(3))",
      "support": 44,
      "ks_stat": 0.35361681329423267,
      "ks_p": 2.5557268835865217e-05,
      "js_divergence": 0.13037678754727478,
      "mean": 5.2727272727272725,
      "median": 5.0,
      "std": 2.329295995512538,
      "q10": 3.0,
      "q25": 4.0,
      "q50": 5.0,
      "q75": 7.0,
      "q90": 8.0,
      "iqr": 3.0,
      "concentration": 0.6,
      "mean_shift_sigma": 0.38231132534784573,
      "validation": {
        "status": "valid",
        "n_test": 22,
        "ks_stat": 0.43091973911886067,
        "ks_p": 0.0003616667904527518,
        "test_mean": 6.363636363636363,
        "test_median": 7.0,
        "train_test_mean_diff": 1.0909090909090908
      }
    },
    {
      "dimension": "D2_n1_x_D3",
      "condition": "((np.int64(4),), np.int64(3))",
      "support": 24,
      "ks_stat": 0.41801075268817206,
      "ks_p": 0.0002871682332317286,
      "js_divergence": 0.11577803836811598,
      "mean": 6.125,
      "median": 6.0,
      "std": 2.3507534253227553,
      "q10": 3.3000000000000003,
      "q25": 4.75,
      "q50": 6.0,
      "q75": 7.0,
      "q90": 9.0,
      "iqr": 2.25,
      "concentration": 0.45,
      "mean_shift_sigma": 0.632933646240818,
      "validation": {
        "status": "invalid",
        "n_test": 19,
        "ks_stat": 0.16340448485782538,
        "ks_p": 0.6401254789746272,
        "test_mean": 4.578947368421052,
        "test_median": 4.0,
        "train_test_mean_diff": 1.5460526315789478
      }
    },
    {
      "dimension": "D2_n2_x_D3",
      "condition": "((np.int64(9), np.int64(4)), np.int64(4))",
      "support": 20,
      "ks_stat": 0.40698924731182795,
      "ks_p": 0.0017718911140289994,
      "js_divergence": 0.10646718039998748,
      "mean": 1.85,
      "median": 1.5,
      "std": 1.4239030865898141,
      "q10": 0.0,
      "q25": 1.0,
      "q50": 1.5,
      "q75": 3.0,
      "q90": 3.0,
      "iqr": 2.0,
      "concentration": 0.4,
      "mean_shift_sigma": 0.6241879153583306,
      "validation": {
        "status": "insufficient",
        "n_test": 8
      }
    },
    {
      "dimension": "D2_n1_x_D3",
      "condition": "((np.int64(8),), np.int64(4))",
      "support": 87,
      "ks_stat": 0.17590251794923653,
      "ks_p": 0.009910123114649144,
      "js_divergence": 0.03357345462559577,
      "mean": 2.896551724137931,
      "median": 2.0,
      "std": 2.820428282300487,
      "q10": 0.0,
      "q25": 1.0,
      "q50": 2.0,
      "q75": 4.0,
      "q90": 7.0,
      "iqr": 3.0,
      "concentration": 0.6,
      "mean_shift_sigma": 0.3164352281670892,
      "validation": {
        "status": "invalid",
        "n_test": 35,
        "ks_stat": 0.17400125496758,
        "ks_p": 0.22437704424787214,
        "test_mean": 3.4571428571428573,
        "test_median": 3.0,
        "train_test_mean_diff": 0.5605911330049262
      }
    },
    {
      "dimension": "D2_n1_x_D3",
      "condition": "((np.int64(4),), np.int64(4))",
      "support": 270,
      "ks_stat": 0.13847072879330943,
      "ks_p": 0.00018739325770598104,
      "js_divergence": 0.01637264293606402,
      "mean": 3.188888888888889,
      "median": 3.0,
      "std": 2.838470288772971,
      "q10": 0.0,
      "q25": 1.0,
      "q50": 3.0,
      "q75": 4.0,
      "q90": 7.0,
      "iqr": 3.0,
      "concentration": 0.6,
      "mean_shift_sigma": 0.23046953154365246,
      "validation": {
        "status": "valid",
        "n_test": 137,
        "ks_stat": 0.21821397655256436,
        "ks_p": 1.0978757586758445e-05,
        "test_mean": 3.0802919708029197,
        "test_median": 2.0,
        "train_test_mean_diff": 0.10859691808596939
      }
    },
    {
      "dimension": "D2_n1_x_D3",
      "condition": "((np.int64(5),), np.int64(4))",
      "support": 217,
      "ks_stat": 0.11890797374668342,
      "ks_p": 0.007098814583411044,
      "js_divergence": 0.01161707783603406,
      "mean": 3.152073732718894,
      "median": 3.0,
      "std": 2.663961194916267,
      "q10": 0.0,
      "q25": 1.0,
      "q50": 3.0,
      "q75": 4.0,
      "q90": 7.0,
      "iqr": 3.0,
      "concentration": 0.6,
      "mean_shift_sigma": 0.24129552607346313,
      "validation": {
        "status": "valid",
        "n_test": 109,
        "ks_stat": 0.13348422367590365,
        "ks_p": 0.049528447627138844,
        "test_mean": 3.4403669724770642,
        "test_median": 3.0,
        "train_test_mean_diff": 0.2882932397581701
      }
    }
  ],
  "task_id": "ssq_P5_D2_x_D3",
  "lottery": "shuangseqiu",
  "elapsed_seconds": 0.3
}