{
  "status": "completed",
  "position": 3,
  "dimensions": [
    "D1",
    "D8"
  ],
  "n_patterns_found": 4,
  "n_validated": 3,
  "n_insufficient": 0,
  "validation_rate": 0.75,
  "uncond_mean": 5.953567937438905,
  "uncond_std": 4.355566822255883,
  "uncond_iqr": 7.0,
  "patterns": [
    {
      "dimension": "D1_n3_x_D8_sum",
      "condition": "((-1, -1, -1), 0)",
      "support": 29,
      "ks_stat": 0.3001146054538713,
      "ks_p": 0.008832402519547262,
      "js_divergence": 0.1659101304669371,
      "mean": 8.03448275862069,
      "median": 7.0,
      "std": 5.162749592334594,
      "q10": 1.0,
      "q25": 5.0,
      "q50": 7.0,
      "q75": 10.0,
      "q90": 16.2,
      "iqr": 5.0,
      "concentration": 0.7142857142857143,
      "mean_shift_sigma": 0.4777598200419791,
      "validation": {
        "status": "valid",
        "n_test": 25,
        "ks_stat": 0.35376281112737923,
        "ks_p": 0.0029695624639667273,
        "test_mean": 9.2,
        "test_median": 9.0,
        "train_test_mean_diff": 1.165517241379309
      }
    },
    {
      "dimension": "D1_n5_x_D8_sum",
      "condition": "((1, -1, -1, 1, -1), 0)",
      "support": 23,
      "ks_stat": 0.3828466998172468,
      "ks_p": 0.001651141894752986,
      "js_divergence": 0.14786538041279473,
      "mean": 8.478260869565217,
      "median": 9.0,
      "std": 3.7284985346988426,
      "q10": 3.2,
      "q25": 5.5,
      "q50": 9.0,
      "q75": 10.5,
      "q90": 12.8,
      "iqr": 5.0,
      "concentration": 0.7142857142857143,
      "mean_shift_sigma": 0.5796473880794911,
      "validation": {
        "status": "invalid",
        "n_test": 24,
        "ks_stat": 0.1941190824792582,
        "ks_p": 0.2962563271269792,
        "test_mean": 7.666666666666667,
        "test_median": 7.5,
        "train_test_mean_diff": 0.8115942028985499
      }
    },
    {
      "dimension": "D1_n1_x_D8_sum",
      "condition": "((-1,), np.int64(2))",
      "support": 177,
      "ks_stat": 0.16355186639495004,
      "ks_p": 0.000281271113072476,
      "js_divergence": 0.02261665927126478,
      "mean": 4.649717514124294,
      "median": 4.0,
      "std": 3.1945243457998473,
      "q10": 1.0,
      "q25": 2.0,
      "q50": 4.0,
      "q75": 6.0,
      "q90": 9.0,
      "iqr": 4.0,
      "concentration": 0.5714285714285714,
      "mean_shift_sigma": 0.29935263916793864,
      "validation": {
        "status": "valid",
        "n_test": 120,
        "ks_stat": 0.13921425085407516,
        "ks_p": 0.024943434925562332,
        "test_mean": 4.891666666666667,
        "test_median": 4.0,
        "train_test_mean_diff": 0.24194915254237248
      }
    },
    {
      "dimension": "D1_n1_x_D8_sum",
      "condition": "((-1,), np.int64(3))",
      "support": 119,
      "ks_stat": 0.1532196456295128,
      "ks_p": 0.008996847942796192,
      "js_divergence": 0.01596735062474559,
      "mean": 4.5210084033613445,
      "median": 4.0,
      "std": 3.0149452368893854,
      "q10": 1.0,
      "q25": 2.0,
      "q50": 4.0,
      "q75": 6.5,
      "q90": 9.0,
      "iqr": 4.5,
      "concentration": 0.6428571428571429,
      "mean_shift_sigma": 0.328903123873001,
      "validation": {
        "status": "valid",
        "n_test": 90,
        "ks_stat": 0.1899788514722629,
        "ks_p": 0.0038204822422623665,
        "test_mean": 4.522222222222222,
        "test_median": 4.0,
        "train_test_mean_diff": 0.00121381886087768
      }
    }
  ],
  "task_id": "ssq_P3_D1_x_D8",
  "lottery": "shuangseqiu",
  "elapsed_seconds": 0.3
}