{
  "status": "completed",
  "position": 1,
  "dimensions": [
    "D1",
    "D7"
  ],
  "n_patterns_found": 18,
  "n_validated": 6,
  "n_insufficient": 0,
  "validation_rate": 0.3333333333333333,
  "uncond_mean": 5.3132942326490715,
  "uncond_std": 4.001110451731618,
  "uncond_iqr": 6.0,
  "patterns": [
    {
      "dimension": "D1_n4_x_D7",
      "condition": "((1, -1, -1, -1), (1, 1))",
      "support": 26,
      "ks_stat": 0.39713512294157455,
      "ks_p": 0.0003657187073714709,
      "js_divergence": 0.15400243796510468,
      "mean": 8.192307692307692,
      "median": 7.5,
      "std": 3.813127434062802,
      "q10": 4.5,
      "q25": 6.0,
      "q50": 7.5,
      "q75": 10.0,
      "q90": 11.0,
      "iqr": 4.0,
      "concentration": 0.6666666666666666,
      "mean_shift_sigma": 0.7195536075272874,
      "validation": {
        "status": "valid",
        "n_test": 16,
        "ks_stat": 0.33574304538799415,
        "ks_p": 0.043084307236222745,
        "test_mean": 7.25,
        "test_median": 6.5,
        "train_test_mean_diff": 0.9423076923076916
      }
    },
    {
      "dimension": "D1_n3_x_D7",
      "condition": "((1, 1, -1), (1, -1))",
      "support": 20,
      "ks_stat": 0.4504887585532747,
      "ks_p": 0.000346568831557859,
      "js_divergence": 0.10442982597979743,
      "mean": 2.6,
      "median": 2.5,
      "std": 1.4966629547095767,
      "q10": 1.0,
      "q25": 1.0,
      "q50": 2.5,
      "q75": 3.25,
      "q90": 4.0,
      "iqr": 2.25,
      "concentration": 0.375,
      "mean_shift_sigma": 0.6781352990329972,
      "validation": {
        "status": "invalid",
        "n_test": 12,
        "ks_stat": 0.26842362127867253,
        "ks_p": 0.301117798150441,
        "test_mean": 3.4166666666666665,
        "test_median": 3.0,
        "train_test_mean_diff": 0.8166666666666664
      }
    },
    {
      "dimension": "D1_n5_x_D7",
      "condition": "((-1, 1, 1, -1, 1), (-1, -1))",
      "support": 36,
      "ks_stat": 0.3050667970022809,
      "ks_p": 0.0020311948797074268,
      "js_divergence": 0.10212900602560573,
      "mean": 7.666666666666667,
      "median": 7.0,
      "std": 3.9651257511234395,
      "q10": 3.5,
      "q25": 5.0,
      "q50": 7.0,
      "q75": 9.25,
      "q90": 14.0,
      "iqr": 4.25,
      "concentration": 0.7083333333333334,
      "mean_shift_sigma": 0.5881798221788885,
      "validation": {
        "status": "invalid",
        "n_test": 32,
        "ks_stat": 0.15112554904831627,
        "ks_p": 0.42979702360486505,
        "test_mean": 6.25,
        "test_median": 6.0,
        "train_test_mean_diff": 1.416666666666667
      }
    },
    {
      "dimension": "D1_n3_x_D7",
      "condition": "((1, -1, -1), (-1, -1))",
      "support": 38,
      "ks_stat": 0.3316098163296805,
      "ks_p": 0.0003704892723090596,
      "js_divergence": 0.08829839124574541,
      "mean": 3.3684210526315788,
      "median": 3.0,
      "std": 1.7535085525218614,
      "q10": 1.7000000000000002,
      "q25": 2.0,
      "q50": 3.0,
      "q75": 4.0,
      "q90": 5.0,
      "iqr": 2.0,
      "concentration": 0.3333333333333333,
      "mean_shift_sigma": 0.4860833519793941,
      "validation": {
        "status": "invalid",
        "n_test": 21,
        "ks_stat": 0.2510283762113923,
        "ks_p": 0.12291652785581228,
        "test_mean": 3.6666666666666665,
        "test_median": 4.0,
        "train_test_mean_diff": 0.29824561403508776
      }
    },
    {
      "dimension": "D1_n2_x_D7",
      "condition": "((-1, -1), (-1, -1))",
      "support": 51,
      "ks_stat": 0.33212581220171356,
      "ks_p": 2.1568819169441075e-05,
      "js_divergence": 0.08760131296668264,
      "mean": 3.2549019607843137,
      "median": 3.0,
      "std": 1.7359309787365775,
      "q10": 1.0,
      "q25": 2.0,
      "q50": 3.0,
      "q75": 4.0,
      "q90": 5.0,
      "iqr": 2.0,
      "concentration": 0.3333333333333333,
      "mean_shift_sigma": 0.5144552485357953,
      "validation": {
        "status": "invalid",
        "n_test": 24,
        "ks_stat": 0.2629331381161542,
        "ks_p": 0.06281887997532867,
        "test_mean": 3.5416666666666665,
        "test_median": 3.5,
        "train_test_mean_diff": 0.2867647058823528
      }
    },
    {
      "dimension": "D1_n4_x_D7",
      "condition": "((1, 1, -1, 1), (-1, -1))",
      "support": 51,
      "ks_stat": 0.26206083606463115,
      "ks_p": 0.0016670340243983052,
      "js_divergence": 0.0865968392126792,
      "mean": 7.529411764705882,
      "median": 7.0,
      "std": 4.10333647684595,
      "q10": 3.0,
      "q25": 4.5,
      "q50": 7.0,
      "q75": 9.0,
      "q90": 14.0,
      "iqr": 4.5,
      "concentration": 0.75,
      "mean_shift_sigma": 0.553875619978876,
      "validation": {
        "status": "invalid",
        "n_test": 38,
        "ks_stat": 0.12899745703937737,
        "ks_p": 0.5270132561281399,
        "test_mean": 6.473684210526316,
        "test_median": 6.0,
        "train_test_mean_diff": 1.0557275541795663
      }
    },
    {
      "dimension": "D1_n1_x_D7",
      "condition": "((-1,), (0, -1))",
      "support": 42,
      "ks_stat": 0.3814411395056556,
      "ks_p": 6.846927322353891e-06,
      "js_divergence": 0.080168054086984,
      "mean": 2.6666666666666665,
      "median": 2.0,
      "std": 1.7817416127494958,
      "q10": 1.0,
      "q25": 1.0,
      "q50": 2.0,
      "q75": 3.75,
      "q90": 4.899999999999999,
      "iqr": 2.75,
      "concentration": 0.4583333333333333,
      "mean_shift_sigma": 0.6614732579644198,
      "validation": {
        "status": "valid",
        "n_test": 32,
        "ks_stat": 0.3062316983894583,
        "ks_p": 0.004226511522585424,
        "test_mean": 2.90625,
        "test_median": 2.5,
        "train_test_mean_diff": 0.23958333333333348
      }
    },
    {
      "dimension": "D1_n5_x_D7",
      "condition": "((1, -1, 1, -1, 1), (-1, -1))",
      "support": 53,
      "ks_stat": 0.2542282225788008,
      "ks_p": 0.0019721192589048,
      "js_divergence": 0.06596420960822061,
      "mean": 6.773584905660377,
      "median": 7.0,
      "std": 3.724683141817834,
      "q10": 1.0,
      "q25": 5.0,
      "q50": 7.0,
      "q75": 9.0,
      "q90": 11.0,
      "iqr": 4.0,
      "concentration": 0.6666666666666666,
      "mean_shift_sigma": 0.3649713474866246,
      "validation": {
        "status": "invalid",
        "n_test": 48,
        "ks_stat": 0.10001830161054173,
        "ks_p": 0.7037016005985599,
        "test_mean": 5.9375,
        "test_median": 6.0,
        "train_test_mean_diff": 0.8360849056603774
      }
    },
    {
      "dimension": "D1_n5_x_D7",
      "condition": "((1, -1, -1, 1, -1), (1, 1))",
      "support": 52,
      "ks_stat": 0.2302804722159561,
      "ks_p": 0.0075691153427189,
      "js_divergence": 0.06523550827979996,
      "mean": 6.4423076923076925,
      "median": 6.0,
      "std": 3.4441335939562143,
      "q10": 2.0,
      "q25": 4.0,
      "q50": 6.0,
      "q75": 8.0,
      "q90": 11.0,
      "iqr": 4.0,
      "concentration": 0.6666666666666666,
      "mean_shift_sigma": 0.2821750294771297,
      "validation": {
        "status": "invalid",
        "n_test": 39,
        "ks_stat": 0.1063370499680895,
        "ks_p": 0.7442587582622109,
        "test_mean": 6.333333333333333,
        "test_median": 6.0,
        "train_test_mean_diff": 0.10897435897435948
      }
    },
    {
      "dimension": "D1_n4_x_D7",
      "condition": "((-1, -1, 1, -1), (1, 1))",
      "support": 65,
      "ks_stat": 0.2300849687946462,
      "ks_p": 0.0020477013122642833,
      "js_divergence": 0.06259252074704322,
      "mean": 6.292307692307692,
      "median": 6.0,
      "std": 3.431631488746455,
      "q10": 2.0,
      "q25": 4.0,
      "q50": 6.0,
      "q75": 8.0,
      "q90": 11.0,
      "iqr": 4.0,
      "concentration": 0.6666666666666666,
      "mean_shift_sigma": 0.24468543707283036,
      "validation": {
        "status": "invalid",
        "n_test": 49,