{
  "status": "completed",
  "position": 1,
  "dimensions": [
    "D1",
    "D3",
    "D7"
  ],
  "n_patterns_found": 11,
  "n_validated": 8,
  "n_insufficient": 0,
  "validation_rate": 0.7272727272727273,
  "uncond_mean": 5.3132942326490715,
  "uncond_std": 4.001110451731618,
  "uncond_iqr": 6.0,
  "patterns": [
    {
      "dimension": "D1_n1_x_D3_x_D7",
      "condition": "((1,), np.int64(3), (-1, -1))",
      "support": 31,
      "ks_stat": 0.6642228739002932,
      "ks_p": 9.66569817249945e-14,
      "js_divergence": 0.2596773075858346,
      "mean": 12.774193548387096,
      "median": 13.0,
      "std": 4.209893703503342,
      "q10": 5.0,
      "q25": 10.5,
      "q50": 13.0,
      "q75": 16.0,
      "q90": 17.0,
      "iqr": 5.5,
      "concentration": 0.9166666666666666,
      "mean_shift_sigma": 1.8647071621102247,
      "validation": {
        "status": "valid",
        "n_test": 24,
        "ks_stat": 0.6796608101512933,
        "ks_p": 2.6337898337632667e-11,
        "test_mean": 13.291666666666666,
        "test_median": 14.5,
        "train_test_mean_diff": 0.51747311827957
      }
    },
    {
      "dimension": "D1_n5_x_D3_x_D7",
      "condition": "((-1, 1, -1, 1, 1), np.int64(2), (-1, -1))",
      "support": 32,
      "ks_stat": 0.48362658846529816,
      "ks_p": 2.6459924876918427e-07,
      "js_divergence": 0.15327975255606682,
      "mean": 9.3125,
      "median": 10.0,
      "std": 3.3859775176453843,
      "q10": 5.0,
      "q25": 7.75,
      "q50": 10.0,
      "q75": 11.25,
      "q90": 12.0,
      "iqr": 3.5,
      "concentration": 0.5833333333333334,
      "mean_shift_sigma": 0.9995239610593941,
      "validation": {
        "status": "valid",
        "n_test": 20,
        "ks_stat": 0.34136163982430456,
        "ks_p": 0.014881259760975122,
        "test_mean": 7.55,
        "test_median": 9.0,
        "train_test_mean_diff": 1.7625000000000002
      }
    },
    {
      "dimension": "D1_n2_x_D3_x_D7",
      "condition": "((1, -1), np.int64(1), (1, -1))",
      "support": 45,
      "ks_stat": 0.3449332029977191,
      "ks_p": 3.5060312329069115e-05,
      "js_divergence": 0.09518428524800263,
      "mean": 2.8,
      "median": 2.0,
      "std": 1.9955506062794355,
      "q10": 1.0,
      "q25": 1.0,
      "q50": 2.0,
      "q75": 4.0,
      "q90": 6.0,
      "iqr": 3.0,
      "concentration": 0.5,
      "mean_shift_sigma": 0.6281491758272649,
      "validation": {
        "status": "valid",
        "n_test": 14,
        "ks_stat": 0.4224011713030747,
        "ks_p": 0.00931237188051011,
        "test_mean": 2.5714285714285716,
        "test_median": 2.5,
        "train_test_mean_diff": 0.2285714285714282
      }
    },
    {
      "dimension": "D1_n5_x_D3_x_D7",
      "condition": "((1, -1, -1, 1, -1), 0, (1, 1))",
      "support": 43,
      "ks_stat": 0.30629248221146194,
      "ks_p": 0.0005273129066312637,
      "js_divergence": 0.09118513094268743,
      "mean": 6.883720930232558,
      "median": 7.0,
      "std": 3.1711585611247006,
      "q10": 4.0,
      "q25": 5.0,
      "q50": 7.0,
      "q75": 8.0,
      "q90": 11.0,
      "iqr": 3.0,
      "concentration": 0.5,
      "mean_shift_sigma": 0.39249771195489747,
      "validation": {
        "status": "invalid",
        "n_test": 25,
        "ks_stat": 0.20992679355783309,
        "ks_p": 0.19865401471724017,
        "test_mean": 7.16,
        "test_median": 7.0,
        "train_test_mean_diff": 0.2762790697674422
      }
    },
    {
      "dimension": "D1_n4_x_D3_x_D7",
      "condition": "((1, -1, 1, 1), np.int64(2), (-1, -1))",
      "support": 42,
      "ks_stat": 0.4037843876553554,
      "ks_p": 1.4349461540306153e-06,
      "js_divergence": 0.08855047396605288,
      "mean": 8.880952380952381,
      "median": 9.0,
      "std": 3.4792061283354156,
      "q10": 4.1000000000000005,
      "q25": 6.25,
      "q50": 9.0,
      "q75": 11.0,
      "q90": 12.899999999999999,
      "iqr": 4.75,
      "concentration": 0.7916666666666666,
      "mean_shift_sigma": 0.8916669987851206,
      "validation": {
        "status": "valid",
        "n_test": 28,
        "ks_stat": 0.36279021125287597,
        "ks_p": 0.0009643774840326574,
        "test_mean": 8.142857142857142,
        "test_median": 9.0,
        "train_test_mean_diff": 0.738095238095239
      }
    },
    {
      "dimension": "D1_n1_x_D3_x_D7",
      "condition": "((-1,), np.int64(1), (1, -1))",
      "support": 60,
      "ks_stat": 0.35048875855327466,
      "ks_p": 6.658503027563919e-07,
      "js_divergence": 0.0802503565504496,
      "mean": 2.85,
      "median": 2.0,
      "std": 2.096226768903276,
      "q10": 1.0,
      "q25": 1.0,
      "q50": 2.0,
      "q75": 4.0,
      "q90": 6.0,
      "iqr": 3.0,
      "concentration": 0.5,
      "mean_shift_sigma": 0.6156526450258318,
      "validation": {
        "status": "valid",
        "n_test": 16,
        "ks_stat": 0.4224011713030747,
        "ks_p": 0.004492338821142023,
        "test_mean": 2.5625,
        "test_median": 2.5,
        "train_test_mean_diff": 0.2875000000000001
      }
    },
    {
      "dimension": "D1_n4_x_D3_x_D7",
      "condition": "((-1, -1, 1, -1), 0, (1, 1))",
      "support": 54,
      "ks_stat": 0.2882046269143043,
      "ks_p": 0.0002311910317319106,
      "js_divergence": 0.07881442634452868,
      "mean": 6.666666666666667,
      "median": 6.0,
      "std": 3.2829526005987018,
      "q10": 3.3000000000000007,
      "q25": 4.25,
      "q50": 6.0,
      "q75": 8.0,
      "q90": 11.0,
      "iqr": 3.75,
      "concentration": 0.625,
      "mean_shift_sigma": 0.33824920615022686,
      "validation": {
        "status": "invalid",
        "n_test": 35,
        "ks_stat": 0.20916126333403054,
        "ks_p": 0.08655443681067285,
        "test_mean": 6.771428571428571,
        "test_median": 6.0,
        "train_test_mean_diff": 0.10476190476190439
      }
    },
    {
      "dimension": "D1_n1_x_D3_x_D7",
      "condition": "((-1,), 0, (-1, -1))",
      "support": 52,
      "ks_stat": 0.48125798932250546,
      "ks_p": 2.5761286669433766e-11,
      "js_divergence": 0.04630063310327316,
      "mean": 2.3076923076923075,
      "median": 2.0,
      "std": 1.0476798824520182,
      "q10": 1.0,
      "q25": 1.75,
      "q50": 2.0,
      "q75": 3.0,
      "q90": 4.0,
      "iqr": 1.25,
      "concentration": 0.20833333333333334,
      "mean_shift_sigma": 0.7511919406413753,
      "validation": {
        "status": "valid",
        "n_test": 45,
        "ks_stat": 0.4224011713030747,
        "ks_p": 1.478070691961564e-07,
        "test_mean": 2.577777777777778,
        "test_median": 2.0,
        "train_test_mean_diff": 0.27008547008547046
      }
    },
    {
      "dimension": "D1_n2_x_D3_x_D7",
      "condition": "((-1, 1), np.int64(1), (1, -1))",
      "support": 45,
      "ks_stat": 0.2454219615509938,
      "ks_p": 0.008034784195569087,
      "js_divergence": 0.025877209413793095,
      "mean": 3.533333333333333,
      "median": 3.0,
      "std": 2.0286832072937253,
      "q10": 1.0,
      "q25": 2.0,
      "q50": 3.0,
      "q75": 5.0,
      "q90": 6.0,
      "iqr": 3.0,
      "concentration": 0.5,
      "mean_shift_sigma": 0.44486672407291306,
      "validation": {
        "status": "valid",
        "n_test": 24,
        "ks_stat": 0.2974011713030747,
        "ks_p": 0.024066746139316593,
        "test_mean": 3.5833333333333335,
        "test_median": 3.5,
        "train_test_mean_diff": 0.050000000000000266
      }
    },
    {
      "dimension": "D1_n1_x_D3_x_D7",
      "condition": "((1,), np.int64(1), (1, -1))",
      "support": 65,
      "ks_stat": 0.226618542747575,
      "ks_p": 0.002515174855591636,
      "js_divergence": 0.020724492823397764,
      "mean": 3.5692307692307694,
      "median": 3.0,
      "std": 2.148124267779331,
      "q10": 1.0,
      "q25": 2.0,
      "q50": 3.0,
      "q75": 5.0,
      "q90": 6.600000000000001,
      "iqr": 3.0,
      "concentration": 0.5,
      "mean_shift_sigma": 0.4358948558052175,