{
  "status": "completed",
  "position": 0,
  "dimensions": [
    "D1"
  ],
  "n_patterns_found": 8,
  "n_validated": 2,
  "n_insufficient": 0,
  "validation_rate": 0.25,
  "uncond_mean": 3.8470185728250246,
  "uncond_std": 3.349991378382439,
  "uncond_iqr": 5.0,
  "patterns": [
    {
      "dimension": "D1_n5",
      "condition": "(1, -1, -1, 1, -1)",
      "support": 66,
      "ks_stat": 0.250733137829912,
      "ks_p": 0.0005062002057395411,
      "js_divergence": 0.06326605566189367,
      "mean": 2.606060606060606,
      "median": 1.0,
      "std": 3.0938785498424775,
      "q10": 0.0,
      "q25": 1.0,
      "q50": 1.0,
      "q75": 3.0,
      "q90": 6.5,
      "iqr": 2.0,
      "concentration": 0.4,
      "mean_shift_sigma": 0.3704361673204131,
      "validation": {
        "status": "invalid",
        "n_test": 51,
        "ks_stat": 0.0760485746275084,
        "ks_p": 0.9171527830655434,
        "test_mean": 3.784313725490196,
        "test_median": 2.0,
        "train_test_mean_diff": 1.17825311942959
      }
    },
    {
      "dimension": "D1_n4",
      "condition": "(-1, -1, 1, -1)",
      "support": 82,
      "ks_stat": 0.19086617552392532,
      "ks_p": 0.005445682781391085,
      "js_divergence": 0.04759309596200302,
      "mean": 2.8902439024390243,
      "median": 2.0,
      "std": 3.1195922871542967,
      "q10": 0.0,
      "q25": 1.0,
      "q50": 2.0,
      "q75": 4.0,
      "q90": 7.0,
      "iqr": 3.0,
      "concentration": 0.6,
      "mean_shift_sigma": 0.285605114257931,
      "validation": {
        "status": "invalid",
        "n_test": 72,
        "ks_stat": 0.05744672197820075,
        "ks_p": 0.9674411770299658,
        "test_mean": 4.097222222222222,
        "test_median": 2.0,
        "train_test_mean_diff": 1.206978319783198
      }
    },
    {
      "dimension": "D1_n4",
      "condition": "(-1, 1, -1, -1)",
      "support": 87,
      "ks_stat": 0.19686857451039877,
      "ks_p": 0.0026064882110416678,
      "js_divergence": 0.04684190058152195,
      "mean": 2.586206896551724,
      "median": 2.0,
      "std": 2.419041912263153,
      "q10": 0.0,
      "q25": 1.0,
      "q50": 2.0,
      "q75": 3.0,
      "q90": 5.400000000000006,
      "iqr": 2.0,
      "concentration": 0.4,
      "mean_shift_sigma": 0.3763626630233568,
      "validation": {
        "status": "invalid",
        "n_test": 77,
        "ks_stat": 0.15586317050445894,
        "ks_p": 0.05153997011206948,
        "test_mean": 2.7012987012987013,
        "test_median": 2.0,
        "train_test_mean_diff": 0.11509180474697711
      }
    },
    {
      "dimension": "D1_n5",
      "condition": "(-1, 1, -1, 1, -1)",
      "support": 126,
      "ks_stat": 0.1681329423264907,
      "ks_p": 0.0021056746759215844,
      "js_divergence": 0.028833492086976005,
      "mean": 2.8015873015873014,
      "median": 2.0,
      "std": 2.7343199185504257,
      "q10": 0.0,
      "q25": 1.0,
      "q50": 2.0,
      "q75": 4.0,
      "q90": 6.0,
      "iqr": 3.0,
      "concentration": 0.6,
      "mean_shift_sigma": 0.3120698393386658,
      "validation": {
        "status": "invalid",
        "n_test": 77,
        "ks_stat": 0.065353387461733,
        "ks_p": 0.893260631204882,
        "test_mean": 3.5454545454545454,
        "test_median": 2.0,
        "train_test_mean_diff": 0.743867243867244
      }
    },
    {
      "dimension": "D1_n3",
      "condition": "(1, -1, -1)",
      "support": 171,
      "ks_stat": 0.14766510606918076,
      "ks_p": 0.0018065724680866374,
      "js_divergence": 0.02412797638403745,
      "mean": 2.8304093567251463,
      "median": 2.0,
      "std": 2.646946681180387,
      "q10": 0.0,
      "q25": 1.0,
      "q50": 2.0,
      "q75": 4.0,
      "q90": 8.0,
      "iqr": 3.0,
      "concentration": 0.6,
      "mean_shift_sigma": 0.3034662186476293,
      "validation": {
        "status": "valid",
        "n_test": 136,
        "ks_stat": 0.1351412453707691,
        "ks_p": 0.01961728560696708,
        "test_mean": 2.9338235294117645,
        "test_median": 2.0,
        "train_test_mean_diff": 0.10341417268661823
      }
    },
    {
      "dimension": "D1_n2",
      "condition": "(-1, -1)",
      "support": 216,
      "ks_stat": 0.12447051156728577,
      "ks_p": 0.004241143675688474,
      "js_divergence": 0.016582339715930604,
      "mean": 2.9074074074074074,
      "median": 2.0,
      "std": 2.7723403572147176,
      "q10": 0.0,
      "q25": 1.0,
      "q50": 2.0,
      "q75": 4.0,
      "q90": 7.5,
      "iqr": 3.0,
      "concentration": 0.6,
      "mean_shift_sigma": 0.2804816667532181,
      "validation": {
        "status": "valid",
        "n_test": 182,
        "ks_stat": 0.12439463903592747,
        "ks_p": 0.01257069483742581,
        "test_mean": 3.1538461538461537,
        "test_median": 2.0,
        "train_test_mean_diff": 0.2464387464387463
      }
    },
    {
      "dimension": "D1_n3",
      "condition": "(-1, 1, -1)",
      "support": 338,
      "ks_stat": 0.10441791459161186,
      "ks_p": 0.0032803513838461362,
      "js_divergence": 0.011629975908119896,
      "mean": 3.0502958579881656,
      "median": 2.0,
      "std": 2.8555691307333193,
      "q10": 0.0,
      "q25": 1.0,
      "q50": 2.0,
      "q75": 4.0,
      "q90": 7.0,
      "iqr": 3.0,
      "concentration": 0.6,
      "mean_shift_sigma": 0.23782828814967302,
      "validation": {
        "status": "invalid",
        "n_test": 220,
        "ks_stat": 0.04717156927991482,
        "ks_p": 0.7724444776021452,
        "test_mean": 3.609090909090909,
        "test_median": 2.5,
        "train_test_mean_diff": 0.5587950511027433
      }
    },
    {
      "dimension": "D1_n1",
      "condition": "(-1,)",
      "support": 891,
      "ks_stat": 0.08897215886463199,
      "ks_p": 9.948407215174196e-05,
      "js_divergence": 0.00812847614493148,
      "mean": 3.1818181818181817,
      "median": 2.0,
      "std": 2.9826557089367958,
      "q10": 0.0,
      "q25": 1.0,
      "q50": 2.0,
      "q75": 4.5,
      "q90": 7.0,
      "iqr": 3.5,
      "concentration": 0.7,
      "mean_shift_sigma": 0.19856779193504626,
      "validation": {
        "status": "invalid",
        "n_test": 621,
        "ks_stat": 0.06202625058058249,
        "ks_p": 0.07089604393877127,
        "test_mean": 3.4074074074074074,
        "test_median": 2.0,
        "train_test_mean_diff": 0.22558922558922578
      }
    }
  ],
  "task_id": "ssq_P0_D1",
  "lottery": "shuangseqiu",
  "elapsed_seconds": 0.3
}