{
  "status": "completed",
  "position": 5,
  "dimensions": [
    "D1",
    "D12"
  ],
  "n_patterns_found": 5,
  "n_validated": 2,
  "n_insufficient": 0,
  "validation_rate": 0.4,
  "uncond_mean": 3.972629521016618,
  "uncond_std": 3.4006257871847283,
  "uncond_iqr": 5.0,
  "patterns": [
    {
      "dimension": "D1_n4_x_D12",
      "condition": "((1, -1, 1, 1), 0)",
      "support": 30,
      "ks_stat": 0.35698924731182796,
      "ks_p": 0.0007063886828634593,
      "js_divergence": 0.1447866198551227,
      "mean": 2.3,
      "median": 2.0,
      "std": 2.7343494046421104,
      "q10": 0.0,
      "q25": 1.0,
      "q50": 2.0,
      "q75": 3.0,
      "q90": 3.1000000000000014,
      "iqr": 2.0,
      "concentration": 0.4,
      "mean_shift_sigma": 0.4918593299268414,
      "validation": {
        "status": "invalid",
        "n_test": 22,
        "ks_stat": 0.14042326633834687,
        "ks_p": 0.7347706409472211,
        "test_mean": 3.5,
        "test_median": 2.5,
        "train_test_mean_diff": 1.2000000000000002
      }
    },
    {
      "dimension": "D1_n3_x_D12",
      "condition": "((-1, 1, 1), 0)",
      "support": 57,
      "ks_stat": 0.22030148685496734,
      "ks_p": 0.0076165933203483985,
      "js_divergence": 0.06754002029923749,
      "mean": 2.7017543859649122,
      "median": 2.0,
      "std": 2.648832329839616,
      "q10": 0.0,
      "q25": 1.0,
      "q50": 2.0,
      "q75": 4.0,
      "q90": 5.0,
      "iqr": 3.0,
      "concentration": 0.6,
      "mean_shift_sigma": 0.37371801973654484,
      "validation": {
        "status": "invalid",
        "n_test": 37,
        "ks_stat": 0.17013572870088242,
        "ks_p": 0.22077246392104163,
        "test_mean": 3.324324324324324,
        "test_median": 3.0,
        "train_test_mean_diff": 0.6225699383594119
      }
    },
    {
      "dimension": "D1_n1_x_D12",
      "condition": "((-1,), 2)",
      "support": 115,
      "ks_stat": 0.15750350631136045,
      "ks_p": 0.007929351696641246,
      "js_divergence": 0.03384500835755767,
      "mean": 2.878260869565217,
      "median": 2.0,
      "std": 2.1914768738156485,
      "q10": 0.0,
      "q25": 1.0,
      "q50": 2.0,
      "q75": 4.0,
      "q90": 6.0,
      "iqr": 3.0,
      "concentration": 0.6,
      "mean_shift_sigma": 0.3218139013047343,
      "validation": {
        "status": "invalid",
        "n_test": 79,
        "ks_stat": 0.057202957910929074,
        "ks_p": 0.9550027172551032,
        "test_mean": 4.050632911392405,
        "test_median": 3.0,
        "train_test_mean_diff": 1.1723720418271881
      }
    },
    {
      "dimension": "D1_n2_x_D12",
      "condition": "((-1, 1), 2)",
      "support": 194,
      "ks_stat": 0.14005703862704194,
      "ks_p": 0.001696967600744241,
      "js_divergence": 0.02148692273822064,
      "mean": 3.2422680412371134,
      "median": 2.0,
      "std": 3.5359810330795365,
      "q10": 0.0,
      "q25": 1.0,
      "q50": 2.0,
      "q75": 4.0,
      "q90": 8.0,
      "iqr": 3.0,
      "concentration": 0.6,
      "mean_shift_sigma": 0.21477266993971358,
      "validation": {
        "status": "valid",
        "n_test": 137,
        "ks_stat": 0.1265723354458112,
        "ks_p": 0.033569585238082816,
        "test_mean": 3.4671532846715327,
        "test_median": 2.0,
        "train_test_mean_diff": 0.2248852434344193
      }
    },
    {
      "dimension": "D1_n1_x_D12",
      "condition": "((1,), 2)",
      "support": 283,
      "ks_stat": 0.13543447699380676,
      "ks_p": 0.00019300473234921028,
      "js_divergence": 0.018504584886332134,
      "mean": 3.2508833922261484,
      "median": 2.0,
      "std": 3.437060169948196,
      "q10": 0.0,
      "q25": 1.0,
      "q50": 2.0,
      "q75": 4.0,
      "q90": 8.0,
      "iqr": 3.0,
      "concentration": 0.6,
      "mean_shift_sigma": 0.2122392094744363,
      "validation": {
        "status": "valid",
        "n_test": 199,
        "ks_stat": 0.12363795551696992,
        "ks_p": 0.008927927994655012,
        "test_mean": 3.4271356783919598,
        "test_median": 2.0,
        "train_test_mean_diff": 0.17625228616581134
      }
    }
  ],
  "task_id": "ssq_P5_D1_x_D12",
  "lottery": "shuangseqiu",
  "elapsed_seconds": 0.3
}