{
  "status": "completed",
  "position": 5,
  "dimensions": [
    "D1",
    "D3",
    "D12"
  ],
  "n_patterns_found": 12,
  "n_validated": 5,
  "n_insufficient": 1,
  "validation_rate": 0.4166666666666667,
  "uncond_mean": 3.972629521016618,
  "uncond_std": 3.4006257871847283,
  "uncond_iqr": 5.0,
  "patterns": [
    {
      "dimension": "D1_n1_x_D3_x_D12",
      "condition": "((-1,), np.int64(2), 0)",
      "support": 61,
      "ks_stat": 0.6884204285050398,
      "ks_p": 2.3733180293356367e-28,
      "js_divergence": 0.2983974553910166,
      "mean": 10.737704918032787,
      "median": 11.0,
      "std": 4.104781854966358,
      "q10": 4.0,
      "q25": 10.0,
      "q50": 11.0,
      "q75": 14.0,
      "q90": 15.0,
      "iqr": 4.0,
      "concentration": 0.8,
      "mean_shift_sigma": 1.9893619058322682,
      "validation": {
        "status": "valid",
        "n_test": 47,
        "ks_stat": 0.6989813401451668,
        "ks_p": 1.2566822356883768e-22,
        "test_mean": 11.53191489361702,
        "test_median": 12.0,
        "train_test_mean_diff": 0.7942099755842342
      }
    },
    {
      "dimension": "D1_n2_x_D3_x_D12",
      "condition": "((-1, -1), np.int64(2), 0)",
      "support": 31,
      "ks_stat": 0.6270772238514174,
      "ks_p": 4.1234003671057915e-12,
      "js_divergence": 0.2821571228858004,
      "mean": 10.35483870967742,
      "median": 11.0,
      "std": 4.307146253025682,
      "q10": 4.0,
      "q25": 8.5,
      "q50": 11.0,
      "q75": 13.5,
      "q90": 15.0,
      "iqr": 5.0,
      "concentration": 1.0,
      "mean_shift_sigma": 1.8767749196963048,
      "validation": {
        "status": "valid",
        "n_test": 29,
        "ks_stat": 0.6938456101378301,
        "ks_p": 3.969304019297094e-14,
        "test_mean": 11.448275862068966,
        "test_median": 12.0,
        "train_test_mean_diff": 1.0934371523915463
      }
    },
    {
      "dimension": "D1_n4_x_D3_x_D12",
      "condition": "((1, -1, 1, 1), 4, 0)",
      "support": 30,
      "ks_stat": 0.35698924731182796,
      "ks_p": 0.0007063886828634593,
      "js_divergence": 0.1447866198551227,
      "mean": 2.3,
      "median": 2.0,
      "std": 2.7343494046421104,
      "q10": 0.0,
      "q25": 1.0,
      "q50": 2.0,
      "q75": 3.0,
      "q90": 3.1000000000000014,
      "iqr": 2.0,
      "concentration": 0.4,
      "mean_shift_sigma": 0.4918593299268414,
      "validation": {
        "status": "insufficient",
        "n_test": 7
      }
    },
    {
      "dimension": "D1_n4_x_D3_x_D12",
      "condition": "((1, -1, -1, 1), 4, 1)",
      "support": 41,
      "ks_stat": 0.26112819779224183,
      "ks_p": 0.006595786303547857,
      "js_divergence": 0.10694008450772419,
      "mean": 2.5121951219512195,
      "median": 1.0,
      "std": 3.0533624106397705,
      "q10": 0.0,
      "q25": 0.0,
      "q50": 1.0,
      "q75": 3.0,
      "q90": 7.0,
      "iqr": 3.0,
      "concentration": 0.6,
      "mean_shift_sigma": 0.4294604847640252,
      "validation": {
        "status": "invalid",
        "n_test": 10,
        "ks_stat": 0.3947291361639824,
        "ks_p": 0.06624055530479768,
        "test_mean": 6.5,
        "test_median": 7.0,
        "train_test_mean_diff": 3.9878048780487805
      }
    },
    {
      "dimension": "D1_n3_x_D3_x_D12",
      "condition": "((-1, 1, 1), 4, 0)",
      "support": 57,
      "ks_stat": 0.22030148685496734,
      "ks_p": 0.0076165933203483985,
      "js_divergence": 0.06754002029923749,
      "mean": 2.7017543859649122,
      "median": 2.0,
      "std": 2.648832329839616,
      "q10": 0.0,
      "q25": 1.0,
      "q50": 2.0,
      "q75": 4.0,
      "q90": 5.0,
      "iqr": 3.0,
      "concentration": 0.6,
      "mean_shift_sigma": 0.37371801973654484,
      "validation": {
        "status": "invalid",
        "n_test": 10,
        "ks_stat": 0.19897510980966326,
        "ks_p": 0.7573718181718746,
        "test_mean": 4.8,
        "test_median": 4.5,
        "train_test_mean_diff": 2.0982456140350876
      }
    },
    {
      "dimension": "D1_n3_x_D3_x_D12",
      "condition": "((-1, -1, 1), 4, 1)",
      "support": 59,
      "ks_stat": 0.21586559968189273,
      "ks_p": 0.0079546897058109,
      "js_divergence": 0.042961249791546606,
      "mean": 2.7796610169491527,
      "median": 2.0,
      "std": 3.0424555014512267,
      "q10": 0.0,
      "q25": 1.0,
      "q50": 2.0,
      "q75": 4.5,
      "q90": 7.0,
      "iqr": 3.5,
      "concentration": 0.7,
      "mean_shift_sigma": 0.3508085213501502,
      "validation": {
        "status": "valid",
        "n_test": 15,
        "ks_stat": 0.3628111273792094,
        "ks_p": 0.02959748920450158,
        "test_mean": 6.866666666666666,
        "test_median": 7.0,
        "train_test_mean_diff": 4.087005649717513
      }
    },
    {
      "dimension": "D1_n3_x_D3_x_D12",
      "condition": "((-1, -1, 1), np.int64(4), 0)",
      "support": 60,
      "ks_stat": 0.21153470185728251,
      "ks_p": 0.009094262872344674,
      "js_divergence": 0.039414606388392406,
      "mean": 2.7666666666666666,
      "median": 2.0,
      "std": 2.5584283369982352,
      "q10": 0.0,
      "q25": 1.0,
      "q50": 2.0,
      "q75": 4.0,
      "q90": 6.100000000000001,
      "iqr": 3.0,
      "concentration": 0.6,
      "mean_shift_sigma": 0.3546296857756672,
      "validation": {
        "status": "invalid",
        "n_test": 30,
        "ks_stat": 0.12162030258662762,
        "ks_p": 0.7321290920915365,
        "test_mean": 3.3666666666666667,
        "test_median": 2.5,
        "train_test_mean_diff": 0.6000000000000001
      }
    },
    {
      "dimension": "D1_n1_x_D3_x_D12",
      "condition": "((-1,), np.int64(4), 2)",
      "support": 102,
      "ks_stat": 0.17644183773216032,
      "ks_p": 0.004063771445742412,
      "js_divergence": 0.03528720922087891,
      "mean": 2.735294117647059,
      "median": 2.0,
      "std": 2.1599131726749596,
      "q10": 0.0,
      "q25": 1.0,
      "q50": 2.0,
      "q75": 4.0,
      "q90": 5.0,
      "iqr": 3.0,
      "concentration": 0.6,
      "mean_shift_sigma": 0.3638552080715444,
      "validation": {
        "status": "invalid",
        "n_test": 68,
        "ks_stat": 0.10785031435707519,
        "ks_p": 0.4082788990496082,
        "test_mean": 3.676470588235294,
        "test_median": 3.0,
        "train_test_mean_diff": 0.9411764705882351
      }
    },
    {
      "dimension": "D1_n1_x_D3_x_D12",
      "condition": "((-1,), np.int64(4), 1)",
      "support": 203,
      "ks_stat": 0.12844237705194322,
      "ks_p": 0.004060086458340162,
      "js_divergence": 0.027637597294209337,
      "mean": 3.3054187192118225,
      "median": 3.0,
      "std": 2.5081777965600804,
      "q10": 1.0,
      "q25": 1.0,
      "q50": 3.0,
      "q75": 4.0,
      "q90": 6.0,
      "iqr": 3.0,
      "concentration": 0.6,
      "mean_shift_sigma": 0.19620235908319636,
      "validation": {
        "status": "invalid",
        "n_test": 122,
        "ks_stat": 0.10857355447279361,
        "ks_p": 0.131745518354899,
        "test_mean": 3.8278688524590163,
        "test_median": 3.0,
        "train_test_mean_diff": 0.5224501332471938
      }
    },
    {
      "dimension": "D1_n2_x_D3_x_D12",
      "condition": "((-1, 1), np.int64(4), 2)",
      "support": 192,
      "ks_stat": 0.1459097018572825,
      "ks_p": 0.0009988951004389827,
      "js_divergence": 0.022149533305924216,
      "mean": 3.2395833333333335,
      "median": 2.0,
      "std": 3.5538851734951837,
      "q10": 0.0,
      "q25": 1.0,
      "q50": 2.0,
      "q75": 4.0,
      "q90": 8.0,
      "iqr": 3.0,
      "concentration": 0.6,
      "mean_shift_sigma": 0.21556214460461123,
      "validation": {
        "status": "invalid",
        "n_test": 79,
        "ks_stat": 0.13639564838667828,
        "ks_p": 0.11255459940547087,
        "test_mean": 3.4936708860759493,
        "test_median": 2.0,