{
  "status": "completed",
  "position": 2,
  "dimensions": [
    "D7",
    "D3"
  ],
  "n_patterns_found": 8,
  "n_validated": 8,
  "n_insufficient": 0,
  "validation_rate": 1.0,
  "uncond_mean": 6.009286412512219,
  "uncond_std": 4.326192904054333,
  "uncond_iqr": 6.0,
  "patterns": [
    {
      "dimension": "D7_x_D3",
      "condition": "((1, -1), np.int64(1))",
      "support": 32,
      "ks_stat": 0.5636302541544477,
      "ks_p": 5.889395208710754e-10,
      "js_divergence": 0.15064612516864978,
      "mean": 2.21875,
      "median": 2.0,
      "std": 1.2433416415048602,
      "q10": 1.0,
      "q25": 1.0,
      "q50": 2.0,
      "q75": 3.0,
      "q90": 3.0,
      "iqr": 2.0,
      "concentration": 0.3333333333333333,
      "mean_shift_sigma": 0.8761829388051285,
      "validation": {
        "status": "valid",
        "n_test": 20,
        "ks_stat": 0.4685212298682284,
        "ks_p": 0.0001737807770088347,
        "test_mean": 2.7,
        "test_median": 2.0,
        "train_test_mean_diff": 0.4812500000000002
      }
    },
    {
      "dimension": "D7_x_D3",
      "condition": "((-1, 1), np.int64(2))",
      "support": 87,
      "ks_stat": 0.271412680756396,
      "ks_p": 6.400411126883118e-06,
      "js_divergence": 0.07822211047622199,
      "mean": 3.6091954022988504,
      "median": 3.0,
      "std": 2.5386951206950648,
      "q10": 1.0,
      "q25": 1.5,
      "q50": 3.0,
      "q75": 5.0,
      "q90": 7.0,
      "iqr": 3.5,
      "concentration": 0.5833333333333334,
      "mean_shift_sigma": 0.5547813200756954,
      "validation": {
        "status": "valid",
        "n_test": 52,
        "ks_stat": 0.3056368960468521,
        "ks_p": 0.00011935608038563158,
        "test_mean": 3.480769230769231,
        "test_median": 3.0,
        "train_test_mean_diff": 0.12842617152961955
      }
    },
    {
      "dimension": "D7_x_D3",
      "condition": "((-1, -1), np.int64(1))",
      "support": 129,
      "ks_stat": 0.2809566027870604,
      "ks_p": 5.840729080389521e-09,
      "js_divergence": 0.04882305202003831,
      "mean": 3.612403100775194,
      "median": 3.0,
      "std": 2.2039783532729653,
      "q10": 1.0,
      "q25": 2.0,
      "q50": 3.0,
      "q75": 5.0,
      "q90": 7.0,
      "iqr": 3.0,
      "concentration": 0.5,
      "mean_shift_sigma": 0.5540398601945751,
      "validation": {
        "status": "valid",
        "n_test": 102,
        "ks_stat": 0.32741940114259466,
        "ks_p": 1.4886120092444e-09,
        "test_mean": 3.323529411764706,
        "test_median": 3.0,
        "train_test_mean_diff": 0.28887368901048793
      }
    },
    {
      "dimension": "D7_x_D3",
      "condition": "((1, 1), np.int64(2))",
      "support": 160,
      "ks_stat": 0.1790994623655914,
      "ks_p": 0.00012279954204268782,
      "js_divergence": 0.028299827962013573,
      "mean": 4.54375,
      "median": 4.0,
      "std": 2.906559123344991,
      "q10": 1.0,
      "q25": 2.0,
      "q50": 4.0,
      "q75": 6.0,
      "q90": 9.0,
      "iqr": 4.0,
      "concentration": 0.6666666666666666,
      "mean_shift_sigma": 0.33875891459642904,
      "validation": {
        "status": "valid",
        "n_test": 112,
        "ks_stat": 0.1776432754653838,
        "ks_p": 0.0024877418838864023,
        "test_mean": 4.580357142857143,
        "test_median": 4.0,
        "train_test_mean_diff": 0.03660714285714306
      }
    },
    {
      "dimension": "D7_x_D3",
      "condition": "((1, -1), np.int64(2))",
      "support": 97,
      "ks_stat": 0.18313833378682065,
      "ks_p": 0.0034228102676477925,
      "js_divergence": 0.026823228472959433,
      "mean": 4.257731958762887,
      "median": 4.0,
      "std": 2.8221449417922875,
      "q10": 1.0,
      "q25": 2.0,
      "q50": 4.0,
      "q75": 6.0,
      "q90": 8.0,
      "iqr": 4.0,
      "concentration": 0.6666666666666666,
      "mean_shift_sigma": 0.40487201856113414,
      "validation": {
        "status": "valid",
        "n_test": 73,
        "ks_stat": 0.313855071301069,
        "ks_p": 1.4635264613238535e-06,
        "test_mean": 3.5616438356164384,
        "test_median": 3.0,
        "train_test_mean_diff": 0.6960881231464482
      }
    },
    {
      "dimension": "D7_x_D3",
      "condition": "((1, 0), np.int64(2))",
      "support": 25,
      "ks_stat": 0.9491691104594331,
      "ks_p": 1.3920087232457738e-31,
      "js_divergence": 0.0,
      "mean": 0.0,
      "median": 0.0,
      "std": 0.0,
      "q10": 0.0,
      "q25": 0.0,
      "q50": 0.0,
      "q75": 0.0,
      "q90": 0.0,
      "iqr": 0.0,
      "concentration": 0.0,
      "mean_shift_sigma": 1.3890472629827852,
      "validation": {
        "status": "valid",
        "n_test": 13,
        "ks_stat": 0.9443631039531479,
        "ks_p": 2.841855165578001e-16,
        "test_mean": 0.0,
        "test_median": 0.0,
        "train_test_mean_diff": 0.0
      }
    },
    {
      "dimension": "D7_x_D3",
      "condition": "((-1, 0), np.int64(2))",
      "support": 22,
      "ks_stat": 0.9491691104594331,
      "ks_p": 5.8877517600578265e-28,
      "js_divergence": 0.0,
      "mean": 0.0,
      "median": 0.0,
      "std": 0.0,
      "q10": 0.0,
      "q25": 0.0,
      "q50": 0.0,
      "q75": 0.0,
      "q90": 0.0,
      "iqr": 0.0,
      "concentration": 0.0,
      "mean_shift_sigma": 1.3890472629827852,
      "validation": {
        "status": "valid",
        "n_test": 16,
        "ks_stat": 0.9443631039531479,
        "ks_p": 8.130043354590001e-20,
        "test_mean": 0.0,
        "test_median": 0.0,
        "train_test_mean_diff": 0.0
      }
    },
    {
      "dimension": "D7_x_D3",
      "condition": "((-1, 0), np.int64(1))",
      "support": 25,
      "ks_stat": 0.9491691104594331,
      "ks_p": 1.3920087232457738e-31,
      "js_divergence": 0.0,
      "mean": 0.0,
      "median": 0.0,
      "std": 0.0,
      "q10": 0.0,
      "q25": 0.0,
      "q50": 0.0,
      "q75": 0.0,
      "q90": 0.0,
      "iqr": 0.0,
      "concentration": 0.0,
      "mean_shift_sigma": 1.3890472629827852,
      "validation": {
        "status": "valid",
        "n_test": 16,
        "ks_stat": 0.9443631039531479,
        "ks_p": 8.130043354590001e-20,
        "test_mean": 0.0,
        "test_median": 0.0,
        "train_test_mean_diff": 0.0
      }
    }
  ],
  "task_id": "ssq_P2_D7_x_D3",
  "lottery": "shuangseqiu",
  "elapsed_seconds": 0.3
}