{
  "status": "completed",
  "position": 5,
  "dimensions": [
    "D5",
    "D3"
  ],
  "n_patterns_found": 5,
  "n_validated": 4,
  "n_insufficient": 0,
  "validation_rate": 0.8,
  "uncond_mean": 3.972629521016618,
  "uncond_std": 3.4006257871847283,
  "uncond_iqr": 5.0,
  "patterns": [
    {
      "dimension": "D5_x_D3",
      "condition": "((1, 0), np.int64(2))",
      "support": 21,
      "ks_stat": 0.7716101103197878,
      "ks_p": 1.7631899888599785e-13,
      "js_divergence": 0.37169736217396576,
      "mean": 10.761904761904763,
      "median": 11.0,
      "std": 3.714896164731826,
      "q10": 4.0,
      "q25": 10.0,
      "q50": 11.0,
      "q75": 13.0,
      "q90": 14.0,
      "iqr": 3.0,
      "concentration": 0.6,
      "mean_shift_sigma": 1.9964781971816938,
      "validation": {
        "status": "valid",
        "n_test": 14,
        "ks_stat": 0.6495503032838318,
        "ks_p": 3.123889362798016e-06,
        "test_mean": 10.428571428571429,
        "test_median": 12.0,
        "train_test_mean_diff": 0.3333333333333339
      }
    },
    {
      "dimension": "D5_x_D3",
      "condition": "((0, 0), np.int64(2))",
      "support": 25,
      "ks_stat": 0.6344672531769306,
      "ks_p": 3.70102734481006e-10,
      "js_divergence": 0.3162621395856672,
      "mean": 10.48,
      "median": 12.0,
      "std": 4.579257581748378,
      "q10": 3.200000000000001,
      "q25": 8.0,
      "q50": 12.0,
      "q75": 14.0,
      "q90": 15.0,
      "iqr": 6.0,
      "concentration": 1.2,
      "mean_shift_sigma": 1.9135802896944538,
      "validation": {
        "status": "valid",
        "n_test": 24,
        "ks_stat": 0.6971693509028795,
        "ks_p": 5.684907953157718e-12,
        "test_mean": 11.916666666666666,
        "test_median": 12.0,
        "train_test_mean_diff": 1.4366666666666656
      }
    },
    {
      "dimension": "D5_x_D3",
      "condition": "((1, 0), np.int64(3))",
      "support": 120,
      "ks_stat": 0.3096774193548387,
      "ks_p": 3.818688177805134e-10,
      "js_divergence": 0.06379738120178736,
      "mean": 5.558333333333334,
      "median": 6.0,
      "std": 3.013292311667681,
      "q10": 1.0,
      "q25": 4.0,
      "q50": 6.0,
      "q75": 7.0,
      "q90": 10.0,
      "iqr": 3.0,
      "concentration": 0.6,
      "mean_shift_sigma": 0.46629764977153526,
      "validation": {
        "status": "valid",
        "n_test": 72,
        "ks_stat": 0.2894908085244835,
        "ks_p": 1.4506508665362418e-05,
        "test_mean": 5.972222222222222,
        "test_median": 6.0,
        "train_test_mean_diff": 0.41388888888888875
      }
    },
    {
      "dimension": "D5_x_D3",
      "condition": "((0, 1), np.int64(4))",
      "support": 148,
      "ks_stat": 0.17279596311854376,
      "ks_p": 0.0004482577403759274,
      "js_divergence": 0.021971613656811315,
      "mean": 2.7162162162162162,
      "median": 2.0,
      "std": 2.6072677542668563,
      "q10": 0.0,
      "q25": 1.0,
      "q50": 2.0,
      "q75": 4.0,
      "q90": 6.300000000000011,
      "iqr": 3.0,
      "concentration": 0.6,
      "mean_shift_sigma": 0.36946532298119955,
      "validation": {
        "status": "invalid",
        "n_test": 66,
        "ks_stat": 0.1386041971693509,
        "ks_p": 0.16135452274004264,
        "test_mean": 3.409090909090909,
        "test_median": 2.0,
        "train_test_mean_diff": 0.6928746928746929
      }
    },
    {
      "dimension": "D5_x_D3",
      "condition": "((1, 1), np.int64(4))",
      "support": 357,
      "ks_stat": 0.10124695039306045,
      "ks_p": 0.003613985841827819,
      "js_divergence": 0.014566063144245201,
      "mean": 3.257703081232493,
      "median": 3.0,
      "std": 2.775589531103722,
      "q10": 1.0,
      "q25": 1.0,
      "q50": 3.0,
      "q75": 4.0,
      "q90": 7.0,
      "iqr": 3.0,
      "concentration": 0.6,
      "mean_shift_sigma": 0.21023378769823128,
      "validation": {
        "status": "valid",
        "n_test": 229,
        "ks_stat": 0.16455465548217152,
        "ks_p": 4.117907779488177e-05,
        "test_mean": 3.1703056768558953,
        "test_median": 3.0,
        "train_test_mean_diff": 0.08739740437659771
      }
    }
  ],
  "task_id": "ssq_P5_D5_x_D3",
  "lottery": "shuangseqiu",
  "elapsed_seconds": 0.3
}