{
  "status": "completed",
  "position": 3,
  "dimensions": [
    "D1",
    "D7"
  ],
  "n_patterns_found": 22,
  "n_validated": 19,
  "n_insufficient": 0,
  "validation_rate": 0.8636363636363636,
  "uncond_mean": 5.953567937438905,
  "uncond_std": 4.355566822255883,
  "uncond_iqr": 7.0,
  "patterns": [
    {
      "dimension": "D1_n2_x_D7",
      "condition": "((0, 1), (-1, -1))",
      "support": 24,
      "ks_stat": 0.33027859237536655,
      "ks_p": 0.008317294666901119,
      "js_divergence": 0.1743132322228902,
      "mean": 9.0,
      "median": 9.5,
      "std": 4.4907311951024935,
      "q10": 4.0,
      "q25": 6.0,
      "q50": 9.5,
      "q75": 11.0,
      "q90": 14.7,
      "iqr": 5.0,
      "concentration": 0.7142857142857143,
      "mean_shift_sigma": 0.6994341234749449,
      "validation": {
        "status": "invalid",
        "n_test": 11,
        "ks_stat": 0.16830826567283375,
        "ks_p": 0.8668694156193496,
        "test_mean": 7.363636363636363,
        "test_median": 7.0,
        "train_test_mean_diff": 1.6363636363636367
      }
    },
    {
      "dimension": "D1_n3_x_D7",
      "condition": "((1, -1, 1), (-1, 1))",
      "support": 32,
      "ks_stat": 0.3668438416422287,
      "ks_p": 0.0002615557927903421,
      "js_divergence": 0.14535285692060063,
      "mean": 3.09375,
      "median": 2.0,
      "std": 2.638173788342989,
      "q10": 1.0,
      "q25": 1.0,
      "q50": 2.0,
      "q75": 4.0,
      "q90": 5.900000000000002,
      "iqr": 3.0,
      "concentration": 0.42857142857142855,
      "mean_shift_sigma": 0.656589154556402,
      "validation": {
        "status": "valid",
        "n_test": 15,
        "ks_stat": 0.3995119570522206,
        "ks_p": 0.011976635893673796,
        "test_mean": 3.6666666666666665,
        "test_median": 3.0,
        "train_test_mean_diff": 0.5729166666666665
      }
    },
    {
      "dimension": "D1_n3_x_D7",
      "condition": "((-1, -1, -1), (1, 1))",
      "support": 40,
      "ks_stat": 0.3604594330400782,
      "ks_p": 4.5287371395196235e-05,
      "js_divergence": 0.13196552694663846,
      "mean": 8.8,
      "median": 7.0,
      "std": 4.2731721238443,
      "q10": 4.0,
      "q25": 6.75,
      "q50": 7.0,
      "q75": 11.25,
      "q90": 16.0,
      "iqr": 4.5,
      "concentration": 0.6428571428571429,
      "mean_shift_sigma": 0.6535158749066878,
      "validation": {
        "status": "valid",
        "n_test": 32,
        "ks_stat": 0.4325128111273792,
        "ks_p": 7.910346948584481e-06,
        "test_mean": 10.0625,
        "test_median": 10.0,
        "train_test_mean_diff": 1.2624999999999993
      }
    },
    {
      "dimension": "D1_n1_x_D7",
      "condition": "((1,), (0, 1))",
      "support": 20,
      "ks_stat": 0.3613880742913001,
      "ks_p": 0.007998306245696574,
      "js_divergence": 0.13137236937039454,
      "mean": 3.35,
      "median": 3.0,
      "std": 2.4550967394381837,
      "q10": 1.0,
      "q25": 1.75,
      "q50": 3.0,
      "q75": 4.0,
      "q90": 5.300000000000004,
      "iqr": 2.25,
      "concentration": 0.32142857142857145,
      "mean_shift_sigma": 0.5977563985783223,
      "validation": {
        "status": "valid",
        "n_test": 11,
        "ks_stat": 0.39345135099161455,
        "ks_p": 0.049339932685729344,
        "test_mean": 3.727272727272727,
        "test_median": 2.0,
        "train_test_mean_diff": 0.377272727272727
      }
    },
    {
      "dimension": "D1_n3_x_D7",
      "condition": "((-1, 1, -1), (1, -1))",
      "support": 33,
      "ks_stat": 0.43792766373411535,
      "ks_p": 3.548658634967858e-06,
      "js_divergence": 0.11882738516077287,
      "mean": 2.8181818181818183,
      "median": 3.0,
      "std": 1.677923418170561,
      "q10": 1.0,
      "q25": 2.0,
      "q50": 3.0,
      "q75": 3.0,
      "q90": 4.800000000000001,
      "iqr": 1.0,
      "concentration": 0.14285714285714285,
      "mean_shift_sigma": 0.7198571959075518,
      "validation": {
        "status": "valid",
        "n_test": 20,
        "ks_stat": 0.3651537335285505,
        "ks_p": 0.007308869498528669,
        "test_mean": 3.75,
        "test_median": 3.0,
        "train_test_mean_diff": 0.9318181818181817
      }
    },
    {
      "dimension": "D1_n1_x_D7",
      "condition": "((-1,), (1, -1))",
      "support": 70,
      "ks_stat": 0.38771121351766513,
      "ks_p": 1.160886950205203e-09,
      "js_divergence": 0.11257382632970536,
      "mean": 2.9285714285714284,
      "median": 3.0,
      "std": 1.8770906711597877,
      "q10": 1.0,
      "q25": 1.0,
      "q50": 3.0,
      "q75": 4.0,
      "q90": 5.100000000000001,
      "iqr": 3.0,
      "concentration": 0.42857142857142855,
      "mean_shift_sigma": 0.694512708061436,
      "validation": {
        "status": "valid",
        "n_test": 41,
        "ks_stat": 0.3531585901510552,
        "ks_p": 6.0657634016904975e-05,
        "test_mean": 3.317073170731707,
        "test_median": 3.0,
        "train_test_mean_diff": 0.3885017421602788
      }
    },
    {
      "dimension": "D1_n1_x_D7",
      "condition": "((1,), (-1, 1))",
      "support": 82,
      "ks_stat": 0.35182271177550484,
      "ks_p": 3.1839291789081785e-09,
      "js_divergence": 0.111700340510307,
      "mean": 3.3658536585365852,
      "median": 3.0,
      "std": 2.8392381111408933,
      "q10": 1.0,
      "q25": 1.25,
      "q50": 3.0,
      "q75": 4.0,
      "q90": 7.0,
      "iqr": 2.75,
      "concentration": 0.39285714285714285,
      "mean_shift_sigma": 0.5941165374113264,
      "validation": {
        "status": "valid",
        "n_test": 39,
        "ks_stat": 0.33284529038555394,
        "ks_p": 0.00030432641771244867,
        "test_mean": 3.5128205128205128,
        "test_median": 3.0,
        "train_test_mean_diff": 0.14696685428392753
      }
    },
    {
      "dimension": "D1_n2_x_D7",
      "condition": "((-1, 1), (-1, 1))",
      "support": 58,
      "ks_stat": 0.317760474601409,
      "ks_p": 1.4602415517170273e-05,
      "js_divergence": 0.11008677374972628,
      "mean": 3.6379310344827585,
      "median": 3.0,
      "std": 3.1000460278121844,
      "q10": 1.0,
      "q25": 2.0,
      "q50": 3.0,
      "q75": 4.0,
      "q90": 7.0,
      "iqr": 2.0,
      "concentration": 0.2857142857142857,
      "mean_shift_sigma": 0.5316499545188486,
      "validation": {
        "status": "valid",
        "n_test": 25,
        "ks_stat": 0.3861786237188873,
        "ks_p": 0.0008353317155849029,
        "test_mean": 3.44,
        "test_median": 2.0,
        "train_test_mean_diff": 0.1979310344827585
      }
    },
    {
      "dimension": "D1_n2_x_D7",
      "condition": "((1, -1), (1, -1))",
      "support": 54,
      "ks_stat": 0.3924731182795699,
      "ks_p": 8.279911995012618e-08,
      "js_divergence": 0.10991360304899653,
      "mean": 3.0,
      "median": 3.0,
      "std": 1.9245008972987525,
      "q10": 1.0,
      "q25": 2.0,
      "q50": 3.0,
      "q75": 3.75,
      "q90": 5.700000000000003,
      "iqr": 1.75,
      "concentration": 0.25,
      "mean_shift_sigma": 0.6781133335727726,
      "validation": {
        "status": "valid",
        "n_test": 31,
        "ks_stat": 0.3460775515987342,
        "ks_p": 0.0009503397794592233,
        "test_mean": 3.3225806451612905,
        "test_median": 3.0,
        "train_test_mean_diff": 0.3225806451612905
      }
    },
    {
      "dimension": "D1_n3_x_D7",
      "condition": "((-1, 1, -1), (-1, 1))",
      "support": 41,
      "ks_stat": 0.2919795913501657,
      "ks_p": 0.0015698482644317074,
      "js_divergence": 0.08834059622334457,
      "mean": 4.121951219512195,
      "median": 4.0,
      "std": 2.605763985636454,
      "q10": 1.0,
      "q25": 2.0,
      "q50": 4.0,
      "q75": 6.0,
      "q90": 6.0,
      "iqr": 4.0,
      "concentration": 0.5714285714285714,
      "mean_shift_sigma": 0.42052315867767087,
      "validation": {
        "status": "invalid",
        "n_test": 28,
        "ks_stat": 0.20801087638569338,