{
  "status": "completed",
  "position": 0,
  "dimensions": [
    "D1",
    "D3"
  ],
  "n_patterns_found": 21,
  "n_validated": 10,
  "n_insufficient": 0,
  "validation_rate": 0.47619047619047616,
  "uncond_mean": 3.8470185728250246,
  "uncond_std": 3.349991378382439,
  "uncond_iqr": 5.0,
  "patterns": [
    {
      "dimension": "D1_n2_x_D3",
      "condition": "((1, 1), np.int64(2))",
      "support": 31,
      "ks_stat": 0.6974584555229717,
      "ks_p": 2.4192246517246683e-15,
      "js_divergence": 0.3632573187546755,
      "mean": 10.67741935483871,
      "median": 12.0,
      "std": 4.409572408311437,
      "q10": 4.0,
      "q25": 9.0,
      "q50": 12.0,
      "q75": 13.0,
      "q90": 16.0,
      "iqr": 4.0,
      "concentration": 0.8,
      "mean_shift_sigma": 2.0389308539987288,
      "validation": {
        "status": "valid",
        "n_test": 13,
        "ks_stat": 0.7678792656830724,
        "ks_p": 1.941157919740623e-08,
        "test_mean": 11.615384615384615,
        "test_median": 12.0,
        "train_test_mean_diff": 0.937965260545905
      }
    },
    {
      "dimension": "D1_n1_x_D3",
      "condition": "((1,), np.int64(2))",
      "support": 60,
      "ks_stat": 0.6420821114369502,
      "ks_p": 7.741661900739347e-24,
      "js_divergence": 0.2598262226363638,
      "mean": 10.633333333333333,
      "median": 12.0,
      "std": 4.415754622812378,
      "q10": 3.9000000000000004,
      "q25": 8.0,
      "q50": 12.0,
      "q75": 13.0,
      "q90": 15.100000000000001,
      "iqr": 5.0,
      "concentration": 1.0,
      "mean_shift_sigma": 2.0257708137103076,
      "validation": {
        "status": "valid",
        "n_test": 31,
        "ks_stat": 0.7596939498417796,
        "ks_p": 1.2820412503919607e-18,
        "test_mean": 11.516129032258064,
        "test_median": 12.0,
        "train_test_mean_diff": 0.8827956989247312
      }
    },
    {
      "dimension": "D1_n4_x_D3",
      "condition": "((1, -1, -1, 1), np.int64(1))",
      "support": 28,
      "ks_stat": 0.3794861052925569,
      "ks_p": 0.0004397604541050464,
      "js_divergence": 0.1994278599368448,
      "mean": 5.25,
      "median": 5.0,
      "std": 2.7206223027619463,
      "q10": 1.4000000000000004,
      "q25": 4.0,
      "q50": 5.0,
      "q75": 7.25,
      "q90": 8.0,
      "iqr": 3.25,
      "concentration": 0.65,
      "mean_shift_sigma": 0.41880150385712706,
      "validation": {
        "status": "valid",
        "n_test": 21,
        "ks_stat": 0.3885170466429617,
        "ks_p": 0.002551129093008429,
        "test_mean": 5.761904761904762,
        "test_median": 6.0,
        "train_test_mean_diff": 0.5119047619047619
      }
    },
    {
      "dimension": "D1_n3_x_D3",
      "condition": "((-1, -1, 1), np.int64(1))",
      "support": 35,
      "ks_stat": 0.39504259181678536,
      "ks_p": 2.3733769529419283e-05,
      "js_divergence": 0.19821158618591111,
      "mean": 5.228571428571429,
      "median": 5.0,
      "std": 2.508109296840542,
      "q10": 2.0,
      "q25": 4.0,
      "q50": 5.0,
      "q75": 7.0,
      "q90": 8.0,
      "iqr": 3.0,
      "concentration": 0.6,
      "mean_shift_sigma": 0.41240489890857396,
      "validation": {
        "status": "valid",
        "n_test": 31,
        "ks_stat": 0.38390875171208616,
        "ks_p": 0.00015866063959868727,
        "test_mean": 5.548387096774194,
        "test_median": 6.0,
        "train_test_mean_diff": 0.3198156682027653
      }
    },
    {
      "dimension": "D1_n3_x_D3",
      "condition": "((1, 1, 1), np.int64(1))",
      "support": 23,
      "ks_stat": 0.44780908665901653,
      "ks_p": 0.00011186564003750229,
      "js_divergence": 0.19751910847097914,
      "mean": 6.0,
      "median": 7.0,
      "std": 2.303116980547657,
      "q10": 3.0,
      "q25": 5.0,
      "q50": 7.0,
      "q75": 8.0,
      "q90": 8.0,
      "iqr": 3.0,
      "concentration": 0.6,
      "mean_shift_sigma": 0.6426826770564866,
      "validation": {
        "status": "invalid",
        "n_test": 14,
        "ks_stat": 0.3170884752143903,
        "ks_p": 0.09737620982824911,
        "test_mean": 6.0,
        "test_median": 5.5,
        "train_test_mean_diff": 0.0
      }
    },
    {
      "dimension": "D1_n4_x_D3",
      "condition": "((-1, -1, 1, 1), np.int64(1))",
      "support": 21,
      "ks_stat": 0.5223432481496998,
      "ks_p": 8.41063564575942e-06,
      "js_divergence": 0.15219427210991326,
      "mean": 6.619047619047619,
      "median": 7.0,
      "std": 1.8120283419467094,
      "q10": 4.0,
      "q25": 5.0,
      "q50": 7.0,
      "q75": 7.0,
      "q90": 9.0,
      "iqr": 2.0,
      "concentration": 0.4,
      "mean_shift_sigma": 0.8274734866813547,
      "validation": {
        "status": "invalid",
        "n_test": 19,
        "ks_stat": 0.30110965554442476,
        "ks_p": 0.052846941055371716,
        "test_mean": 4.894736842105263,
        "test_median": 4.0,
        "train_test_mean_diff": 1.7243107769423558
      }
    },
    {
      "dimension": "D1_n2_x_D3",
      "condition": "((0, 1), np.int64(1))",
      "support": 41,
      "ks_stat": 0.4212979519824524,
      "ks_p": 5.587310920906001e-07,
      "js_divergence": 0.12482595681182959,
      "mean": 6.219512195121951,
      "median": 7.0,
      "std": 2.5424416449830196,
      "q10": 2.0,
      "q25": 5.0,
      "q50": 7.0,
      "q75": 8.0,
      "q90": 9.0,
      "iqr": 3.0,
      "concentration": 0.6,
      "mean_shift_sigma": 0.7082088740904455,
      "validation": {
        "status": "valid",
        "n_test": 13,
        "ks_stat": 0.5973082554341705,
        "ks_p": 6.484181999308065e-05,
        "test_mean": 7.230769230769231,
        "test_median": 8.0,
        "train_test_mean_diff": 1.0112570356472794
      }
    },
    {
      "dimension": "D1_n5_x_D3",
      "condition": "((1, -1, 1, -1, 1), 0)",
      "support": 87,
      "ks_stat": 0.19686857451039877,
      "ks_p": 0.0026064882110416678,
      "js_divergence": 0.0678617438105267,
      "mean": 3.057471264367816,
      "median": 3.0,
      "std": 2.797192031425179,
      "q10": 0.0,
      "q25": 1.0,
      "q50": 3.0,
      "q75": 4.0,
      "q90": 5.800000000000011,
      "iqr": 3.0,
      "concentration": 0.6,
      "mean_shift_sigma": 0.23568637028506192,
      "validation": {
        "status": "invalid",
        "n_test": 42,
        "ks_stat": 0.1591020009760859,
        "ks_p": 0.22760287137080784,
        "test_mean": 3.1666666666666665,
        "test_median": 2.5,
        "train_test_mean_diff": 0.10919540229885039
      }
    },
    {
      "dimension": "D1_n5_x_D3",
      "condition": "((1, -1, -1, 1, -1), 0)",
      "support": 66,
      "ks_stat": 0.250733137829912,
      "ks_p": 0.0005062002057395411,
      "js_divergence": 0.06326605566189367,
      "mean": 2.606060606060606,
      "median": 1.0,
      "std": 3.0938785498424775,
      "q10": 0.0,
      "q25": 1.0,
      "q50": 1.0,
      "q75": 3.0,
      "q90": 6.5,
      "iqr": 2.0,
      "concentration": 0.4,
      "mean_shift_sigma": 0.3704361673204131,
      "validation": {
        "status": "invalid",
        "n_test": 49,
        "ks_stat": 0.10245913885319867,
        "ks_p": 0.6641390899673626,
        "test_mean": 3.7142857142857144,
        "test_median": 2.0,
        "train_test_mean_diff": 1.1082251082251084
      }
    },
    {
      "dimension": "D1_n4_x_D3",
      "condition": "((-1, -1, 1, -1), 0)",
      "support": 81,
      "ks_stat": 0.18627131530357338,
      "ks_p": 0.007687073170170948,
      "js_divergence": 0.04784899865519463,
      "mean": 2.9012345679012346,
      "median": 2.0,
      "std": 3.1372116985109875,
      "q10": 0.0,
      "q25": 1.0,
      "q50": 2.0,
      "q75": 4.0,
      "q90": 7.0,
      "iqr": 3.0,
      "concentration": 0.6,
      "mean_shift_sigma": 0.2823243101540359,
      "validation": {
        "status": "invalid",
        "n_test": 70,
        "ks_stat": 0.06956703618489855,
        "ks_p": 0.8803626738588383,
        "test_mean": 4.057142857142857,