{
  "status": "completed",
  "position": 4,
  "dimensions": [
    "D1",
    "D3"
  ],
  "n_patterns_found": 12,
  "n_validated": 10,
  "n_insufficient": 0,
  "validation_rate": 0.8333333333333334,
  "uncond_mean": 5.396871945259042,
  "uncond_std": 4.072758364334535,
  "uncond_iqr": 6.0,
  "patterns": [
    {
      "dimension": "D1_n2_x_D3",
      "condition": "((1, -1), np.int64(1))",
      "support": 23,
      "ks_stat": 0.5778401122019635,
      "ks_p": 9.943558706883784e-08,
      "js_divergence": 0.3209232754095465,
      "mean": 12.217391304347826,
      "median": 13.0,
      "std": 4.925148611654364,
      "q10": 6.0,
      "q25": 9.0,
      "q50": 13.0,
      "q75": 16.0,
      "q90": 17.8,
      "iqr": 7.0,
      "concentration": 1.1666666666666667,
      "mean_shift_sigma": 1.6746683080480806,
      "validation": {
        "status": "valid",
        "n_test": 21,
        "ks_stat": 0.625113295684306,
        "ks_p": 2.532768090929779e-08,
        "test_mean": 11.714285714285714,
        "test_median": 13.0,
        "train_test_mean_diff": 0.5031055900621126
      }
    },
    {
      "dimension": "D1_n1_x_D3",
      "condition": "((-1,), np.int64(1))",
      "support": 47,
      "ks_stat": 0.540837336993823,
      "ks_p": 4.3403967583847544e-13,
      "js_divergence": 0.2117754059497583,
      "mean": 12.148936170212766,
      "median": 13.0,
      "std": 5.331475079923065,
      "q10": 4.6000000000000005,
      "q25": 8.5,
      "q50": 13.0,
      "q75": 16.5,
      "q90": 19.0,
      "iqr": 8.0,
      "concentration": 1.3333333333333333,
      "mean_shift_sigma": 1.6578602561060534,
      "validation": {
        "status": "valid",
        "n_test": 37,
        "ks_stat": 0.585216255787266,
        "ks_p": 3.130318978753511e-12,
        "test_mean": 12.216216216216216,
        "test_median": 13.0,
        "train_test_mean_diff": 0.06728004600345017
      }
    },
    {
      "dimension": "D1_n5_x_D3",
      "condition": "((1, -1, -1, 1, -1), np.int64(2))",
      "support": 27,
      "ks_stat": 0.32822852177690887,
      "ks_p": 0.004659580769127055,
      "js_divergence": 0.1109540753864335,
      "mean": 7.518518518518518,
      "median": 7.0,
      "std": 3.3374460225389067,
      "q10": 3.0,
      "q25": 5.5,
      "q50": 7.0,
      "q75": 10.0,
      "q90": 11.400000000000002,
      "iqr": 4.5,
      "concentration": 0.75,
      "mean_shift_sigma": 0.5209360299493586,
      "validation": {
        "status": "invalid",
        "n_test": 20,
        "ks_stat": 0.2314055636896047,
        "ks_p": 0.2065538169211224,
        "test_mean": 6.85,
        "test_median": 6.0,
        "train_test_mean_diff": 0.6685185185185185
      }
    },
    {
      "dimension": "D1_n3_x_D3",
      "condition": "((1, -1, 1), np.int64(3))",
      "support": 150,
      "ks_stat": 0.1705767350928641,
      "ks_p": 0.0005018050363936109,
      "js_divergence": 0.04700239287578757,
      "mean": 4.013333333333334,
      "median": 4.0,
      "std": 2.977665006156483,
      "q10": 1.0,
      "q25": 1.25,
      "q50": 4.0,
      "q75": 6.0,
      "q90": 8.0,
      "iqr": 4.75,
      "concentration": 0.7916666666666666,
      "mean_shift_sigma": 0.3397055479749214,
      "validation": {
        "status": "valid",
        "n_test": 101,
        "ks_stat": 0.17412260991838568,
        "ks_p": 0.005760934360540749,
        "test_mean": 4.316831683168317,
        "test_median": 4.0,
        "train_test_mean_diff": 0.30349834983498347
      }
    },
    {
      "dimension": "D1_n4_x_D3",
      "condition": "((-1, 1, 1, -1), np.int64(3))",
      "support": 80,
      "ks_stat": 0.1872434017595308,
      "ks_p": 0.007741781096771336,
      "js_divergence": 0.045823531961263556,
      "mean": 3.7875,
      "median": 3.0,
      "std": 2.8709482318565063,
      "q10": 0.0,
      "q25": 2.0,
      "q50": 3.0,
      "q75": 5.0,
      "q90": 8.0,
      "iqr": 3.0,
      "concentration": 0.5,
      "mean_shift_sigma": 0.395155273475696,
      "validation": {
        "status": "valid",
        "n_test": 54,
        "ks_stat": 0.19958245214467762,
        "ks_p": 0.0272702812997722,
        "test_mean": 4.018518518518518,
        "test_median": 3.5,
        "train_test_mean_diff": 0.23101851851851807
      }
    },
    {
      "dimension": "D1_n2_x_D3",
      "condition": "((1, 1), np.int64(3))",
      "support": 74,
      "ks_stat": 0.19995508705186124,
      "ks_p": 0.005580217803671889,
      "js_divergence": 0.036370982900609625,
      "mean": 3.7837837837837838,
      "median": 4.0,
      "std": 2.532332917944361,
      "q10": 1.0,
      "q25": 2.0,
      "q50": 4.0,
      "q75": 5.0,
      "q90": 7.0,
      "iqr": 3.0,
      "concentration": 0.5,
      "mean_shift_sigma": 0.3960677303129981,
      "validation": {
        "status": "invalid",
        "n_test": 37,
        "ks_stat": 0.1855684381306636,
        "ks_p": 0.14675455662772263,
        "test_mean": 4.486486486486487,
        "test_median": 4.0,
        "train_test_mean_diff": 0.7027027027027031
      }
    },
    {
      "dimension": "D1_n2_x_D3",
      "condition": "((-1, 1), np.int64(3))",
      "support": 250,
      "ks_stat": 0.14903616813294232,
      "ks_p": 8.714631224175294e-05,
      "js_divergence": 0.028919838062354136,
      "mean": 4.136,
      "median": 4.0,
      "std": 2.9902347733915478,
      "q10": 1.0,
      "q25": 2.0,
      "q50": 4.0,
      "q75": 6.0,
      "q90": 8.0,
      "iqr": 4.0,
      "concentration": 0.6666666666666666,
      "mean_shift_sigma": 0.3095867302859399,
      "validation": {
        "status": "valid",
        "n_test": 178,
        "ks_stat": 0.16104594732426342,
        "ks_p": 0.00048777615707193726,
        "test_mean": 4.106741573033708,
        "test_median": 4.0,
        "train_test_mean_diff": 0.029258426966292106
      }
    },
    {
      "dimension": "D1_n1_x_D3",
      "condition": "((1,), np.int64(3))",
      "support": 334,
      "ks_stat": 0.15528766513893036,
      "ks_p": 1.6307454279071279e-06,
      "js_divergence": 0.02662084244558305,
      "mean": 4.116766467065868,
      "median": 4.0,
      "std": 2.9610475710324984,
      "q10": 1.0,
      "q25": 2.0,
      "q50": 4.0,
      "q75": 6.0,
      "q90": 8.0,
      "iqr": 4.0,
      "concentration": 0.6666666666666666,
      "mean_shift_sigma": 0.3143092134812509,
      "validation": {
        "status": "valid",
        "n_test": 222,
        "ks_stat": 0.15821165235513698,
        "ks_p": 0.00012081394910993066,
        "test_mean": 4.202702702702703,
        "test_median": 4.0,
        "train_test_mean_diff": 0.08593623563683472
      }
    },
    {
      "dimension": "D1_n2_x_D3",
      "condition": "((1, -1), np.int64(3))",
      "support": 320,
      "ks_stat": 0.15291116813294234,
      "ks_p": 4.0705199608287445e-06,
      "js_divergence": 0.021214741430368507,
      "mean": 3.959375,
      "median": 3.0,
      "std": 2.7604754317644273,
      "q10": 1.0,
      "q25": 2.0,
      "q50": 3.0,
      "q75": 6.0,
      "q90": 8.0,
      "iqr": 4.0,
      "concentration": 0.6666666666666666,
      "mean_shift_sigma": 0.35295414475047554,
      "validation": {
        "status": "valid",
        "n_test": 204,
        "ks_stat": 0.1747050211006804,
        "ks_p": 3.282462495956855e-05,
        "test_mean": 4.137254901960785,
        "test_median": 4.0,
        "train_test_mean_diff": 0.17787990196078463
      }
    },
    {
      "dimension": "D1_n1_x_D3",
      "condition": "((-1,), np.int64(3))",
      "support": 446,
      "ks_stat": 0.14650702015087955,
      "ks_p": 2.5180632932953817e-07,
      "js_divergence": 0.02109103765131583,
      "mean": 4.002242152466367,
      "median": 4.0,
      "std": 2.768738748105991,
      "q10": 1.0,
      "q25": 2.0,
      "q50": 4.0,
      "q75": 6.0,
      "q90": 8.0,
      "iqr": 4.0,
      "concentration": 0.6666666666666666,
      "mean_shift_sigma": 0.34242880820172317,
      "validation": {
        "status": "valid",
        "n_test": 295,