{
  "status": "completed",
  "position": 5,
  "dimensions": [
    "D7"
  ],
  "n_patterns_found": 4,
  "n_validated": 4,
  "n_insufficient": 0,
  "validation_rate": 1.0,
  "uncond_mean": 3.972629521016618,
  "uncond_std": 3.4006257871847283,
  "uncond_iqr": 5.0,
  "patterns": [
    {
      "dimension": "D7",
      "condition": "(1, -1)",
      "support": 214,
      "ks_stat": 0.15151971935209801,
      "ks_p": 0.00023770734240100228,
      "js_divergence": 0.035660105823505296,
      "mean": 3.0794392523364484,
      "median": 2.0,
      "std": 2.3617369783108653,
      "q10": 1.0,
      "q25": 1.0,
      "q50": 2.0,
      "q75": 4.0,
      "q90": 6.0,
      "iqr": 3.0,
      "concentration": 0.6,
      "mean_shift_sigma": 0.2626546772791527,
      "validation": {
        "status": "valid",
        "n_test": 130,
        "ks_stat": 0.24982543079175581,
        "ks_p": 5.143654800840507e-07,
        "test_mean": 2.6384615384615384,
        "test_median": 2.0,
        "train_test_mean_diff": 0.44097771387491
      }
    },
    {
      "dimension": "D7",
      "condition": "(-1, 1)",
      "support": 202,
      "ks_stat": 0.12528672222060916,
      "ks_p": 0.005623264053809298,
      "js_divergence": 0.02703309973950119,
      "mean": 3.257425742574257,
      "median": 3.0,
      "std": 2.5374559074217617,
      "q10": 1.0,
      "q25": 1.0,
      "q50": 3.0,
      "q75": 4.0,
      "q90": 7.0,
      "iqr": 3.0,
      "concentration": 0.6,
      "mean_shift_sigma": 0.21031534288118642,
      "validation": {
        "status": "valid",
        "n_test": 122,
        "ks_stat": 0.22330365072126346,
        "ks_p": 2.1801911979845883e-05,
        "test_mean": 2.9344262295081966,
        "test_median": 3.0,
        "train_test_mean_diff": 0.32299951306606056
      }
    },
    {
      "dimension": "D7",
      "condition": "(1, 0)",
      "support": 116,
      "ks_stat": 0.8905180840664711,
      "ks_p": 7.91714276450819e-102,
      "js_divergence": 1.0547118732884289e-26,
      "mean": 0.0,
      "median": 0.0,
      "std": 0.0,
      "q10": 0.0,
      "q25": 0.0,
      "q50": 0.0,
      "q75": 0.0,
      "q90": 0.0,
      "iqr": 0.0,
      "concentration": 0.0,
      "mean_shift_sigma": 1.1682054332433425,
      "validation": {
        "status": "valid",
        "n_test": 65,
        "ks_stat": 0.8975109809663251,
        "ks_p": 1.427280397345377e-59,
        "test_mean": 0.0,
        "test_median": 0.0,
        "train_test_mean_diff": 0.0
      }
    },
    {
      "dimension": "D7",
      "condition": "(-1, 0)",
      "support": 93,
      "ks_stat": 0.8905180840664711,
      "ks_p": 4.1930333252535334e-83,
      "js_divergence": 0.0,
      "mean": 0.0,
      "median": 0.0,
      "std": 0.0,
      "q10": 0.0,
      "q25": 0.0,
      "q50": 0.0,
      "q75": 0.0,
      "q90": 0.0,
      "iqr": 0.0,
      "concentration": 0.0,
      "mean_shift_sigma": 1.1682054332433425,
      "validation": {
        "status": "valid",
        "n_test": 56,
        "ks_stat": 0.8975109809663251,
        "ks_p": 6.476245431584028e-52,
        "test_mean": 0.0,
        "test_median": 0.0,
        "train_test_mean_diff": 0.0
      }
    }
  ],
  "task_id": "ssq_P5_D7",
  "lottery": "shuangseqiu",
  "elapsed_seconds": 0.3
}