{
  "status": "completed",
  "position": 3,
  "dimensions": [
    "D1",
    "D3",
    "D12"
  ],
  "n_patterns_found": 3,
  "n_validated": 1,
  "n_insufficient": 0,
  "validation_rate": 0.3333333333333333,
  "uncond_mean": 5.953567937438905,
  "uncond_std": 4.355566822255883,
  "uncond_iqr": 7.0,
  "patterns": [
    {
      "dimension": "D1_n4_x_D3_x_D12",
      "condition": "((-1, 1, -1, 1), np.int64(2), 1)",
      "support": 37,
      "ks_stat": 0.2888695146759663,
      "ks_p": 0.0035235825457913613,
      "js_divergence": 0.06421584026353362,
      "mean": 3.7567567567567566,
      "median": 3.0,
      "std": 3.0966887756545955,
      "q10": 0.6000000000000001,
      "q25": 2.0,
      "q50": 3.0,
      "q75": 5.0,
      "q90": 8.399999999999999,
      "iqr": 3.0,
      "concentration": 0.42857142857142855,
      "mean_shift_sigma": 0.5043686092604479,
      "validation": {
        "status": "invalid",
        "n_test": 17,
        "ks_stat": 0.17569546120058566,
        "ks_p": 0.6154904273234912,
        "test_mean": 4.9411764705882355,
        "test_median": 5.0,
        "train_test_mean_diff": 1.184419713831479
      }
    },
    {
      "dimension": "D1_n2_x_D3_x_D12",
      "condition": "((1, -1), np.int64(2), 0)",
      "support": 174,
      "ks_stat": 0.12805474095796676,
      "ks_p": 0.009391068552150694,
      "js_divergence": 0.019072056506597317,
      "mean": 4.85632183908046,
      "median": 4.0,
      "std": 3.4117848886330253,
      "q10": 1.0,
      "q25": 2.0,
      "q50": 4.0,
      "q75": 7.0,
      "q90": 10.0,
      "iqr": 5.0,
      "concentration": 0.7142857142857143,
      "mean_shift_sigma": 0.25191809542486765,
      "validation": {
        "status": "valid",
        "n_test": 124,
        "ks_stat": 0.12623388277523262,
        "ks_p": 0.048504276007424844,
        "test_mean": 4.895161290322581,
        "test_median": 4.0,
        "train_test_mean_diff": 0.03883945124212129
      }
    },
    {
      "dimension": "D1_n1_x_D3_x_D12",
      "condition": "((-1,), np.int64(2), 0)",
      "support": 286,
      "ks_stat": 0.11681329423264906,
      "ks_p": 0.0019265848143761425,
      "js_divergence": 0.01895063971057959,
      "mean": 4.86013986013986,
      "median": 4.0,
      "std": 3.280801110170363,
      "q10": 1.0,
      "q25": 2.0,
      "q50": 4.0,
      "q75": 7.0,
      "q90": 10.0,
      "iqr": 5.0,
      "concentration": 0.7142857142857143,
      "mean_shift_sigma": 0.2510415112246457,
      "validation": {
        "status": "invalid",
        "n_test": 202,
        "ks_stat": 0.09878520794978472,
        "ks_p": 0.0597680312385808,
        "test_mean": 5.3316831683168315,
        "test_median": 5.0,
        "train_test_mean_diff": 0.47154330817697154
      }
    }
  ],
  "task_id": "ssq_P3_D1_x_D3_x_D12",
  "lottery": "shuangseqiu",
  "elapsed_seconds": 0.3
}