{
  "status": "completed",
  "position": 3,
  "dimensions": [
    "D1",
    "D4",
    "D8"
  ],
  "n_patterns_found": 1,
  "n_validated": 0,
  "n_insufficient": 0,
  "validation_rate": 0.0,
  "uncond_mean": 5.953567937438905,
  "uncond_std": 4.355566822255883,
  "uncond_iqr": 7.0,
  "patterns": [
    {
      "dimension": "D1_n1_x_D4_x_D8_sum",
      "condition": "((-1,), (-1, np.int64(3)), np.int64(2))",
      "support": 48,
      "ks_stat": 0.24370723362658847,
      "ks_p": 0.006145555388528141,
      "js_divergence": 0.06556414064167569,
      "mean": 4.229166666666667,
      "median": 4.0,
      "std": 2.755597207906522,
      "q10": 1.0,
      "q25": 2.0,
      "q50": 4.0,
      "q75": 6.0,
      "q90": 7.0,
      "iqr": 4.0,
      "concentration": 0.5714285714285714,
      "mean_shift_sigma": 0.39590743091369146,
      "validation": {
        "status": "invalid",
        "n_test": 28,
        "ks_stat": 0.19420623300564735,
        "ks_p": 0.22082296514080055,
        "test_mean": 4.107142857142857,
        "test_median": 3.5,
        "train_test_mean_diff": 0.1220238095238102
      }
    }
  ],
  "task_id": "ssq_P3_D1_x_D4_x_D8",
  "lottery": "shuangseqiu",
  "elapsed_seconds": 0.3
}