{
  "status": "completed",
  "position": 3,
  "dimensions": [
    "D1",
    "D3",
    "D7"
  ],
  "n_patterns_found": 12,
  "n_validated": 12,
  "n_insufficient": 0,
  "validation_rate": 1.0,
  "uncond_mean": 5.953567937438905,
  "uncond_std": 4.355566822255883,
  "uncond_iqr": 7.0,
  "patterns": [
    {
      "dimension": "D1_n3_x_D3_x_D7",
      "condition": "((1, -1, 1), np.int64(4), (-1, -1))",
      "support": 35,
      "ks_stat": 0.4943862589023879,
      "ks_p": 2.777668784343775e-08,
      "js_divergence": 0.19119863196147338,
      "mean": 11.257142857142858,
      "median": 12.0,
      "std": 4.836426408843958,
      "q10": 5.0,
      "q25": 7.5,
      "q50": 12.0,
      "q75": 13.5,
      "q90": 16.6,
      "iqr": 6.0,
      "concentration": 0.8571428571428571,
      "mean_shift_sigma": 1.2176543573167056,
      "validation": {
        "status": "valid",
        "n_test": 20,
        "ks_stat": 0.4137628111273792,
        "ks_p": 0.0014406654724985494,
        "test_mean": 9.9,
        "test_median": 11.0,
        "train_test_mean_diff": 1.3571428571428577
      }
    },
    {
      "dimension": "D1_n2_x_D3_x_D7",
      "condition": "((-1, 1), np.int64(4), (-1, -1))",
      "support": 55,
      "ks_stat": 0.41026392961876834,
      "ks_p": 1.1673022344803206e-08,
      "js_divergence": 0.1534372959251163,
      "mean": 10.727272727272727,
      "median": 11.0,
      "std": 4.58239534604316,
      "q10": 5.0,
      "q25": 7.0,
      "q50": 11.0,
      "q75": 13.5,
      "q90": 16.0,
      "iqr": 6.5,
      "concentration": 0.9285714285714286,
      "mean_shift_sigma": 1.0960008156553482,
      "validation": {
        "status": "valid",
        "n_test": 35,
        "ks_stat": 0.4851913825559506,
        "ks_p": 6.597008264643882e-08,
        "test_mean": 11.314285714285715,
        "test_median": 12.0,
        "train_test_mean_diff": 0.5870129870129883
      }
    },
    {
      "dimension": "D1_n1_x_D3_x_D7",
      "condition": "((1,), np.int64(3), (-1, 1))",
      "support": 33,
      "ks_stat": 0.5268817204301075,
      "ks_p": 6.495187597403362e-09,
      "js_divergence": 0.11853274454167856,
      "mean": 2.272727272727273,
      "median": 2.0,
      "std": 1.3985431223290092,
      "q10": 1.0,
      "q25": 1.0,
      "q50": 2.0,
      "q75": 3.0,
      "q90": 3.8000000000000007,
      "iqr": 2.0,
      "concentration": 0.2857142857142857,
      "mean_shift_sigma": 0.8450887829118898,
      "validation": {
        "status": "valid",
        "n_test": 21,
        "ks_stat": 0.42808338562364917,
        "ks_p": 0.0005906655730474607,
        "test_mean": 2.5238095238095237,
        "test_median": 2.0,
        "train_test_mean_diff": 0.2510822510822508
      }
    },
    {
      "dimension": "D1_n2_x_D3_x_D7",
      "condition": "((1, -1), np.int64(2), (-1, 1))",
      "support": 51,
      "ks_stat": 0.2718935081363924,
      "ks_p": 0.0009673683640352677,
      "js_divergence": 0.06886750581519419,
      "mean": 4.254901960784314,
      "median": 4.0,
      "std": 2.5655572131444906,
      "q10": 1.0,
      "q25": 2.0,
      "q50": 4.0,
      "q75": 6.0,
      "q90": 7.0,
      "iqr": 4.0,
      "concentration": 0.5714285714285714,
      "mean_shift_sigma": 0.3899988327523349,
      "validation": {
        "status": "valid",
        "n_test": 28,
        "ks_stat": 0.2794394478142648,
        "ks_p": 0.021832932892819304,
        "test_mean": 4.0,
        "test_median": 3.5,
        "train_test_mean_diff": 0.2549019607843137
      }
    },
    {
      "dimension": "D1_n2_x_D3_x_D7",
      "condition": "((-1, 1), np.int64(3), (1, 1))",
      "support": 37,
      "ks_stat": 0.35327996618319196,
      "ks_p": 0.00014615441872262305,
      "js_divergence": 0.04810528258490737,
      "mean": 3.27027027027027,
      "median": 3.0,
      "std": 2.0354778793257005,
      "q10": 1.0,
      "q25": 2.0,
      "q50": 3.0,
      "q75": 4.0,
      "q90": 5.399999999999999,
      "iqr": 2.0,
      "concentration": 0.2857142857142857,
      "mean_shift_sigma": 0.6160616463183709,
      "validation": {
        "status": "valid",
        "n_test": 26,
        "ks_stat": 0.3700304088298232,
        "ks_p": 0.00121365111183415,
        "test_mean": 3.230769230769231,
        "test_median": 2.5,
        "train_test_mean_diff": 0.03950103950103934
      }
    },
    {
      "dimension": "D1_n2_x_D3_x_D7",
      "condition": "((-1, 1), np.int64(3), (1, -1))",
      "support": 43,
      "ks_stat": 0.25681420355088774,
      "ks_p": 0.006150401102385205,
      "js_divergence": 0.04728320633805372,
      "mean": 3.8372093023255816,
      "median": 3.0,
      "std": 2.6319170885200203,
      "q10": 1.0,
      "q25": 2.0,
      "q50": 3.0,
      "q75": 5.0,
      "q90": 8.0,
      "iqr": 3.0,
      "concentration": 0.42857142857142855,
      "mean_shift_sigma": 0.48589740933355613,
      "validation": {
        "status": "valid",
        "n_test": 27,
        "ks_stat": 0.28992462447806516,
        "ks_p": 0.018248927553491855,
        "test_mean": 4.111111111111111,
        "test_median": 4.0,
        "train_test_mean_diff": 0.27390180878552917
      }
    },
    {
      "dimension": "D1_n1_x_D3_x_D7",
      "condition": "((-1,), np.int64(2), (-1, 1))",
      "support": 77,
      "ks_stat": 0.23369641111576595,
      "ks_p": 0.00047791888571017277,
      "js_divergence": 0.04629405661332993,
      "mean": 4.207792207792208,
      "median": 4.0,
      "std": 2.5397497695417424,
      "q10": 1.0,
      "q25": 2.0,
      "q50": 4.0,
      "q75": 6.0,
      "q90": 7.0,
      "iqr": 4.0,
      "concentration": 0.5714285714285714,
      "mean_shift_sigma": 0.40081481949173847,
      "validation": {
        "status": "valid",
        "n_test": 45,
        "ks_stat": 0.21957052220595413,
        "ks_p": 0.025157224515663098,
        "test_mean": 4.288888888888889,
        "test_median": 4.0,
        "train_test_mean_diff": 0.08109668109668089
      }
    },
    {
      "dimension": "D1_n1_x_D3_x_D7",
      "condition": "((1,), np.int64(3), (1, -1))",
      "support": 72,
      "ks_stat": 0.22580645161290322,
      "ks_p": 0.0013436900619289173,
      "js_divergence": 0.0451341371134535,
      "mean": 3.9444444444444446,
      "median": 3.0,
      "std": 2.732971972499743,
      "q10": 1.0,
      "q25": 2.0,
      "q50": 3.0,
      "q75": 5.0,
      "q90": 8.0,
      "iqr": 3.0,
      "concentration": 0.42857142857142855,
      "mean_shift_sigma": 0.46127715977822437,
      "validation": {
        "status": "valid",
        "n_test": 48,
        "ks_stat": 0.22099194729136165,
        "ks_p": 0.01802433261379465,
        "test_mean": 4.458333333333333,
        "test_median": 4.0,
        "train_test_mean_diff": 0.5138888888888884
      }
    },
    {
      "dimension": "D1_n1_x_D3_x_D7",
      "condition": "((-1,), np.int64(2), (1, -1))",
      "support": 39,
      "ks_stat": 0.43093465674110837,
      "ks_p": 5.719838396832395e-07,
      "js_divergence": 0.03944559983270533,
      "mean": 2.641025641025641,
      "median": 3.0,
      "std": 1.544007099212779,
      "q10": 1.0,
      "q25": 1.0,
      "q50": 3.0,
      "q75": 3.5,
      "q90": 5.0,
      "iqr": 2.5,
      "concentration": 0.35714285714285715,
      "mean_shift_sigma": 0.7605307027978496,
      "validation": {
        "status": "valid",
        "n_test": 24,
        "ks_stat": 0.48182040019521716,
        "ks_p": 1.4884558167280054e-05,
        "test_mean": 2.5416666666666665,
        "test_median": 1.5,
        "train_test_mean_diff": 0.09935897435897445
      }
    },
    {
      "dimension": "D1_n1_x_D3_x_D7",
      "condition": "((1,), np.int64(3), (1, 1))",
      "support": 63,
      "ks_stat": 0.30265791556114136,
      "ks_p": 1.836301908597975e-05,
      "js_divergence": 0.03855877227991122,
      "mean": 3.6031746031746033,
      "median": 3.0,
      "std": 2.222108840644954,
      "q10": 1.0,
      "q25": 2.0,
      "q50": 3.0,
      "q75": 5.0,
      "q90": 7.0,
      "iqr": 3.0,