{
  "status": "completed",
  "position": 3,
  "dimensions": [
    "D7",
    "D3"
  ],
  "n_patterns_found": 13,
  "n_validated": 12,
  "n_insufficient": 1,
  "validation_rate": 0.9230769230769231,
  "uncond_mean": 5.953567937438905,
  "uncond_std": 4.355566822255883,
  "uncond_iqr": 7.0,
  "patterns": [
    {
      "dimension": "D7_x_D3",
      "condition": "((1, 1), 0)",
      "support": 25,
      "ks_stat": 0.5532551319648094,
      "ks_p": 1.2501350401214578e-07,
      "js_divergence": 0.2781278827667489,
      "mean": 13.0,
      "median": 13.0,
      "std": 5.556977595779922,
      "q10": 7.0,
      "q25": 10.0,
      "q50": 13.0,
      "q75": 17.0,
      "q90": 19.6,
      "iqr": 7.0,
      "concentration": 1.0,
      "mean_shift_sigma": 1.61779909484009,
      "validation": {
        "status": "valid",
        "n_test": 15,
        "ks_stat": 0.7297706198145437,
        "ks_p": 1.4767762665208506e-08,
        "test_mean": 15.266666666666667,
        "test_median": 17.0,
        "train_test_mean_diff": 2.2666666666666675
      }
    },
    {
      "dimension": "D7_x_D3",
      "condition": "((-1, -1), np.int64(4))",
      "support": 137,
      "ks_stat": 0.38792445291150257,
      "ks_p": 7.144562738964451e-18,
      "js_divergence": 0.10984009934427716,
      "mean": 10.35036496350365,
      "median": 11.0,
      "std": 4.598621248271031,
      "q10": 5.0,
      "q25": 7.0,
      "q50": 11.0,
      "q75": 13.0,
      "q90": 16.0,
      "iqr": 6.0,
      "concentration": 0.8571428571428571,
      "mean_shift_sigma": 1.009466093735076,
      "validation": {
        "status": "valid",
        "n_test": 80,
        "ks_stat": 0.4012628111273792,
        "ks_p": 1.7700250901869868e-11,
        "test_mean": 11.175,
        "test_median": 10.5,
        "train_test_mean_diff": 0.8246350364963515
      }
    },
    {
      "dimension": "D7_x_D3",
      "condition": "((-1, 1), np.int64(3))",
      "support": 51,
      "ks_stat": 0.4716232534069346,
      "ks_p": 1.1518063198623632e-10,
      "js_divergence": 0.07776711921906829,
      "mean": 2.4705882352941178,
      "median": 2.0,
      "std": 1.563717806853089,
      "q10": 1.0,
      "q25": 1.0,
      "q50": 2.0,
      "q75": 3.0,
      "q90": 5.0,
      "iqr": 2.0,
      "concentration": 0.2857142857142857,
      "mean_shift_sigma": 0.7996616386063946,
      "validation": {
        "status": "valid",
        "n_test": 28,
        "ks_stat": 0.4222965906714077,
        "ks_p": 5.979663214069755e-05,
        "test_mean": 2.5714285714285716,
        "test_median": 2.0,
        "train_test_mean_diff": 0.10084033613445387
      }
    },
    {
      "dimension": "D7_x_D3",
      "condition": "((1, -1), np.int64(3))",
      "support": 101,
      "ks_stat": 0.2534672822120922,
      "ks_p": 6.154217208415594e-06,
      "js_divergence": 0.05934950831428149,
      "mean": 3.8415841584158414,
      "median": 3.0,
      "std": 2.612736031375928,
      "q10": 1.0,
      "q25": 2.0,
      "q50": 3.0,
      "q75": 5.0,
      "q90": 8.0,
      "iqr": 3.0,
      "concentration": 0.42857142857142855,
      "mean_shift_sigma": 0.4848929806865416,
      "validation": {
        "status": "valid",
        "n_test": 68,
        "ks_stat": 0.21731547670312634,
        "ks_p": 0.003628556963128024,
        "test_mean": 4.352941176470588,
        "test_median": 4.0,
        "train_test_mean_diff": 0.5113570180547464
      }
    },
    {
      "dimension": "D7_x_D3",
      "condition": "((0, -1), np.int64(2))",
      "support": 21,
      "ks_stat": 0.4613880742913001,
      "ks_p": 0.00014374297553333243,
      "js_divergence": 0.048077022746246395,
      "mean": 2.7142857142857144,
      "median": 2.0,
      "std": 1.4190156595953658,
      "q10": 1.0,
      "q25": 2.0,
      "q50": 2.0,
      "q75": 4.0,
      "q90": 5.0,
      "iqr": 2.0,
      "concentration": 0.2857142857142857,
      "mean_shift_sigma": 0.7437108315274257,
      "validation": {
        "status": "valid",
        "n_test": 15,
        "ks_stat": 0.4984870668618838,
        "ks_p": 0.0006223023699961484,
        "test_mean": 2.6,
        "test_median": 2.0,
        "train_test_mean_diff": 0.11428571428571432
      }
    },
    {
      "dimension": "D7_x_D3",
      "condition": "((-1, 1), np.int64(2))",
      "support": 130,
      "ks_stat": 0.21261749003684488,
      "ks_p": 2.5014492343894767e-05,
      "js_divergence": 0.047380275892299976,
      "mean": 4.2615384615384615,
      "median": 4.0,
      "std": 2.88378449571938,
      "q10": 1.0,
      "q25": 2.0,
      "q50": 4.0,
      "q75": 6.0,
      "q90": 8.0,
      "iqr": 4.0,
      "concentration": 0.5714285714285714,
      "mean_shift_sigma": 0.388475150296073,
      "validation": {
        "status": "valid",
        "n_test": 63,
        "ks_stat": 0.20687210950754142,
        "ks_p": 0.009701406413338094,
        "test_mean": 4.492063492063492,
        "test_median": 4.0,
        "train_test_mean_diff": 0.2305250305250306
      }
    },
    {
      "dimension": "D7_x_D3",
      "condition": "((1, -1), np.int64(2))",
      "support": 63,
      "ks_stat": 0.40040962621607784,
      "ks_p": 2.3940941565250046e-09,
      "js_divergence": 0.04275609800785325,
      "mean": 2.8095238095238093,
      "median": 2.0,
      "std": 1.707659150194391,
      "q10": 1.0,
      "q25": 1.0,
      "q50": 2.0,
      "q75": 4.0,
      "q90": 5.800000000000004,
      "iqr": 3.0,
      "concentration": 0.42857142857142855,
      "mean_shift_sigma": 0.7218449988758747,
      "validation": {
        "status": "valid",
        "n_test": 38,
        "ks_stat": 0.4598905756338137,
        "ks_p": 1.1626920619049288e-07,
        "test_mean": 2.6052631578947367,
        "test_median": 2.0,
        "train_test_mean_diff": 0.2042606516290726
      }
    },
    {
      "dimension": "D7_x_D3",
      "condition": "((1, 1), np.int64(3))",
      "support": 91,
      "ks_stat": 0.29655290945613527,
      "ks_p": 2.767799763133956e-07,
      "js_divergence": 0.03530401503611662,
      "mean": 3.7252747252747254,
      "median": 3.0,
      "std": 2.112578415559683,
      "q10": 1.0,
      "q25": 2.0,
      "q50": 3.0,
      "q75": 5.0,
      "q90": 7.0,
      "iqr": 3.0,
      "concentration": 0.42857142857142855,
      "mean_shift_sigma": 0.5115966079955759,
      "validation": {
        "status": "valid",
        "n_test": 54,
        "ks_stat": 0.31589935469876906,
        "ks_p": 4.17023351124851e-05,
        "test_mean": 3.425925925925926,
        "test_median": 3.0,
        "train_test_mean_diff": 0.2993487993487993
      }
    },
    {
      "dimension": "D7_x_D3",
      "condition": "((1, 1), np.int64(2))",
      "support": 387,
      "ks_stat": 0.10126016352572992,
      "ks_p": 0.0023194312344595254,
      "js_divergence": 0.013821595250789267,
      "mean": 6.036175710594315,
      "median": 6.0,
      "std": 3.3074551838861237,
      "q10": 2.0,
      "q25": 3.5,
      "q50": 6.0,
      "q75": 8.0,
      "q90": 11.0,
      "iqr": 4.5,
      "concentration": 0.6428571428571429,
      "mean_shift_sigma": 0.01896602130710168,
      "validation": {
        "status": "valid",
        "n_test": 268,
        "ks_stat": 0.095015406131859,
        "ks_p": 0.032452299020781464,
        "test_mean": 6.347014925373134,
        "test_median": 6.0,
        "train_test_mean_diff": 0.31083921477881926
      }
    },
    {
      "dimension": "D7_x_D3",
      "condition": "((1, 0), np.int64(3))",
      "support": 20,
      "ks_stat": 0.9452590420332356,
      "ks_p": 6.1882749286559725e-25,
      "js_divergence": 0.0,
      "mean": 0.0,
      "median": 0.0,
      "std": 0.0,
      "q10": 0.0,
      "q25": 0.0,
      "q50": 0.0,
      "q75": 0.0,
      "q90": 0.0,
      "iqr": 0.0,
      "concentration": 0.0,
      "mean_shift_sigma": 1.3668870620966314,
      "validation": {
        "status": "insufficient",
        "n_test": 9
      }
    },
    {
      "dimension": "D7_x_D3",
      "condition": "((-1, 0), np.int64(3))",