{
  "status": "completed",
  "position": 4,
  "dimensions": [
    "D7",
    "D3"
  ],
  "n_patterns_found": 11,
  "n_validated": 10,
  "n_insufficient": 0,
  "validation_rate": 0.9090909090909091,
  "uncond_mean": 5.396871945259042,
  "uncond_std": 4.072758364334535,
  "uncond_iqr": 6.0,
  "patterns": [
    {
      "dimension": "D7_x_D3",
      "condition": "((1, 1), np.int64(1))",
      "support": 44,
      "ks_stat": 0.5887096774193549,
      "ks_p": 1.043445777206483e-14,
      "js_divergence": 0.2548410632960998,
      "mean": 12.772727272727273,
      "median": 13.0,
      "std": 4.893704844740641,
      "q10": 6.0,
      "q25": 9.75,
      "q50": 13.0,
      "q75": 17.0,
      "q90": 19.0,
      "iqr": 7.25,
      "concentration": 1.2083333333333333,
      "mean_shift_sigma": 1.811022080774341,
      "validation": {
        "status": "valid",
        "n_test": 37,
        "ks_stat": 0.585216255787266,
        "ks_p": 3.130318978753511e-12,
        "test_mean": 12.405405405405405,
        "test_median": 13.0,
        "train_test_mean_diff": 0.3673218673218681
      }
    },
    {
      "dimension": "D7_x_D3",
      "condition": "((0, -1), np.int64(3))",
      "support": 22,
      "ks_stat": 0.3670576735092864,
      "ks_p": 0.003916544134087267,
      "js_divergence": 0.0751995420466643,
      "mean": 2.6363636363636362,
      "median": 2.5,
      "std": 1.7200807207658635,
      "q10": 1.0,
      "q25": 1.0,
      "q50": 2.5,
      "q75": 3.75,
      "q90": 5.0,
      "iqr": 2.75,
      "concentration": 0.4583333333333333,
      "mean_shift_sigma": 0.6777982050370072,
      "validation": {
        "status": "invalid",
        "n_test": 16,
        "ks_stat": 0.1710285505124451,
        "ks_p": 0.6819136259588771,
        "test_mean": 4.5,
        "test_median": 4.0,
        "train_test_mean_diff": 1.8636363636363638
      }
    },
    {
      "dimension": "D7_x_D3",
      "condition": "((-1, 1), np.int64(4))",
      "support": 38,
      "ks_stat": 0.5217368935535319,
      "ks_p": 5.753855879201516e-10,
      "js_divergence": 0.06206933571261154,
      "mean": 2.0526315789473686,
      "median": 2.0,
      "std": 1.0499967022768422,
      "q10": 1.0,
      "q25": 1.0,
      "q50": 2.0,
      "q75": 3.0,
      "q90": 3.0,
      "iqr": 2.0,
      "concentration": 0.3333333333333333,
      "mean_shift_sigma": 0.8211241785413661,
      "validation": {
        "status": "valid",
        "n_test": 29,
        "ks_stat": 0.549628919069016,
        "ks_p": 1.421354433165639e-08,
        "test_mean": 2.0344827586206895,
        "test_median": 2.0,
        "train_test_mean_diff": 0.018148820326679083
      }
    },
    {
      "dimension": "D7_x_D3",
      "condition": "((0, 1), np.int64(3))",
      "support": 23,
      "ks_stat": 0.3724977687109524,
      "ks_p": 0.002439970446440227,
      "js_divergence": 0.048273500356776085,
      "mean": 2.8260869565217392,
      "median": 2.0,
      "std": 1.5784465096235956,
      "q10": 1.0,
      "q25": 2.0,
      "q50": 2.0,
      "q75": 4.0,
      "q90": 4.800000000000001,
      "iqr": 2.0,
      "concentration": 0.3333333333333333,
      "mean_shift_sigma": 0.6312147097283916,
      "validation": {
        "status": "valid",
        "n_test": 13,
        "ks_stat": 0.36518752111724295,
        "ks_p": 0.04781068427809103,
        "test_mean": 3.769230769230769,
        "test_median": 3.0,
        "train_test_mean_diff": 0.9431438127090299
      }
    },
    {
      "dimension": "D7_x_D3",
      "condition": "((1, -1), np.int64(3))",
      "support": 58,
      "ks_stat": 0.29603599959551014,
      "ks_p": 7.085428458074848e-05,
      "js_divergence": 0.04298190555737086,
      "mean": 2.9827586206896552,
      "median": 3.0,
      "std": 1.9869520872201327,
      "q10": 1.0,
      "q25": 1.0,
      "q50": 3.0,
      "q75": 4.0,
      "q90": 6.0,
      "iqr": 3.0,
      "concentration": 0.5,
      "mean_shift_sigma": 0.5927465144286403,
      "validation": {
        "status": "valid",
        "n_test": 32,
        "ks_stat": 0.2796486090775988,
        "ks_p": 0.011781923451256735,
        "test_mean": 3.96875,
        "test_median": 3.5,
        "train_test_mean_diff": 0.9859913793103448
      }
    },
    {
      "dimension": "D7_x_D3",
      "condition": "((1, -1), np.int64(4))",
      "support": 98,
      "ks_stat": 0.1982265046781176,
      "ks_p": 0.0010694718850011505,
      "js_divergence": 0.04262103894212252,
      "mean": 3.9081632653061225,
      "median": 3.0,
      "std": 2.821516218146337,
      "q10": 1.0,
      "q25": 2.0,
      "q50": 3.0,
      "q75": 5.0,
      "q90": 8.0,
      "iqr": 3.0,
      "concentration": 0.5,
      "mean_shift_sigma": 0.3655283586155412,
      "validation": {
        "status": "valid",
        "n_test": 73,
        "ks_stat": 0.18334703864899016,
        "ks_p": 0.01637368787249717,
        "test_mean": 4.438356164383562,
        "test_median": 4.0,
        "train_test_mean_diff": 0.5301928990774392
      }
    },
    {
      "dimension": "D7_x_D3",
      "condition": "((-1, 1), np.int64(3))",
      "support": 98,
      "ks_stat": 0.25945099447403597,
      "ks_p": 4.8464160631696635e-06,
      "js_divergence": 0.02888676342556326,
      "mean": 3.316326530612245,
      "median": 3.0,
      "std": 2.073136924977289,
      "q10": 1.0,
      "q25": 2.0,
      "q50": 3.0,
      "q75": 5.0,
      "q90": 6.0,
      "iqr": 3.0,
      "concentration": 0.5,
      "mean_shift_sigma": 0.510844304652664,
      "validation": {
        "status": "valid",
        "n_test": 80,
        "ks_stat": 0.25697291361639824,
        "ks_p": 6.883498673924459e-05,
        "test_mean": 3.3875,
        "test_median": 3.0,
        "train_test_mean_diff": 0.07117346938775526
      }
    },
    {
      "dimension": "D7_x_D3",
      "condition": "((1, 1), np.int64(4))",
      "support": 76,
      "ks_stat": 0.4164737356587951,
      "ks_p": 5.2037045453923155e-12,
      "js_divergence": 0.02417606927617446,
      "mean": 2.276315789473684,
      "median": 2.0,
      "std": 1.3138801937143672,
      "q10": 1.0,
      "q25": 1.0,
      "q50": 2.0,
      "q75": 3.0,
      "q90": 4.0,
      "iqr": 2.0,
      "concentration": 0.3333333333333333,
      "mean_shift_sigma": 0.7662021354157205,
      "validation": {
        "status": "valid",
        "n_test": 42,
        "ks_stat": 0.47141462734434914,
        "ks_p": 8.021378822484686e-09,
        "test_mean": 2.3333333333333335,
        "test_median": 2.0,
        "train_test_mean_diff": 0.05701754385964941
      }
    },
    {
      "dimension": "D7_x_D3",
      "condition": "((1, 1), np.int64(3))",
      "support": 337,
      "ks_stat": 0.16827652421602837,
      "ks_p": 1.245630745033939e-07,
      "js_divergence": 0.0240304469340588,
      "mean": 4.454005934718101,
      "median": 4.0,
      "std": 2.3274501094189355,
      "q10": 1.6000000000000014,
      "q25": 3.0,
      "q50": 4.0,
      "q75": 6.0,
      "q90": 8.0,
      "iqr": 3.0,
      "concentration": 0.5,
      "mean_shift_sigma": 0.2315055120376629,
      "validation": {
        "status": "valid",
        "n_test": 194,
        "ks_stat": 0.1665182412340946,
        "ks_p": 0.00013746264910592654,
        "test_mean": 4.448453608247423,
        "test_median": 4.0,
        "train_test_mean_diff": 0.005552326470677826
      }
    },
    {
      "dimension": "D7_x_D3",
      "condition": "((-1, 0), np.int64(3))",
      "support": 26,
      "ks_stat": 0.947702834799609,
      "ks_p": 1.6866053909143313e-32,
      "js_divergence": 0.0,
      "mean": 0.0,
      "median": 0.0,
      "std": 0.0,
      "q10": 0.0,
      "q25": 0.0,
      "q50": 0.0,
      "q75": 0.0,
      "q90": 0.0,
      "iqr": 0.0,
      "concentration": 0.0,
      "mean_shift_sigma": 1.3251146919296448,
      "validation": {
        "status": "valid",
        "n_test": 14,
        "ks_stat": 0.9480234260614934,
        "ks_p": 7.791021509345788e-18,
        "test_mean": 0.0,
        "test_median": 0.0,