{
  "status": "completed",
  "position": 0,
  "dimensions": [
    "D1",
    "D4",
    "D8"
  ],
  "n_patterns_found": 18,
  "n_validated": 14,
  "n_insufficient": 0,
  "validation_rate": 0.7777777777777778,
  "uncond_mean": 3.8470185728250246,
  "uncond_std": 3.349991378382439,
  "uncond_iqr": 5.0,
  "patterns": [
    {
      "dimension": "D1_n3_x_D4_x_D8_span",
      "condition": "((-1, 1, 1), (1, np.int64(4)), 0)",
      "support": 33,
      "ks_stat": 0.5957966764418378,
      "ks_p": 1.6499664603359873e-11,
      "js_divergence": 0.25351257749332345,
      "mean": 9.424242424242424,
      "median": 10.0,
      "std": 4.264229675933189,
      "q10": 3.2,
      "q25": 7.0,
      "q50": 10.0,
      "q75": 13.0,
      "q90": 13.8,
      "iqr": 6.0,
      "concentration": 1.2,
      "mean_shift_sigma": 1.664847225401037,
      "validation": {
        "status": "valid",
        "n_test": 16,
        "ks_stat": 0.6742313323572474,
        "ks_p": 1.2746520361861622e-07,
        "test_mean": 10.875,
        "test_median": 10.5,
        "train_test_mean_diff": 1.4507575757575761
      }
    },
    {
      "dimension": "D1_n3_x_D4_x_D8_sum",
      "condition": "((-1, 1, 1), (1, np.int64(4)), np.int64(4))",
      "support": 34,
      "ks_stat": 0.5971479500891266,
      "ks_p": 6.663644362351658e-12,
      "js_divergence": 0.22424101444849137,
      "mean": 9.294117647058824,
      "median": 9.0,
      "std": 4.119747363504265,
      "q10": 3.3000000000000003,
      "q25": 7.0,
      "q50": 9.0,
      "q75": 12.75,
      "q90": 13.7,
      "iqr": 5.75,
      "concentration": 1.15,
      "mean_shift_sigma": 1.6260039083634776,
      "validation": {
        "status": "valid",
        "n_test": 24,
        "ks_stat": 0.636469009272816,
        "ks_p": 8.569941468022854e-10,
        "test_mean": 9.875,
        "test_median": 9.5,
        "train_test_mean_diff": 0.5808823529411757
      }
    },
    {
      "dimension": "D1_n4_x_D4_x_D8_sum",
      "condition": "((-1, 1, -1, 1), (1, np.int64(4)), np.int64(4))",
      "support": 30,
      "ks_stat": 0.5100684261974584,
      "ks_p": 1.1855396576972832e-07,
      "js_divergence": 0.18984545647780304,
      "mean": 8.1,
      "median": 7.0,
      "std": 4.323193264243456,
      "q10": 3.0,
      "q25": 6.0,
      "q50": 7.0,
      "q75": 10.0,
      "q90": 13.100000000000001,
      "iqr": 4.0,
      "concentration": 0.8,
      "mean_shift_sigma": 1.269549962014693,
      "validation": {
        "status": "valid",
        "n_test": 21,
        "ks_stat": 0.5115387296939273,
        "ks_p": 1.540941842527435e-05,
        "test_mean": 9.095238095238095,
        "test_median": 8.0,
        "train_test_mean_diff": 0.9952380952380953
      }
    },
    {
      "dimension": "D1_n2_x_D4_x_D8_span",
      "condition": "((1, 1), (1, np.int64(4)), 0)",
      "support": 50,
      "ks_stat": 0.5387487781036168,
      "ks_p": 9.339332787229022e-14,
      "js_divergence": 0.18413725604474346,
      "mean": 9.02,
      "median": 9.0,
      "std": 4.460896770829829,
      "q10": 2.9000000000000004,
      "q25": 5.0,
      "q50": 9.0,
      "q75": 12.0,
      "q90": 14.100000000000001,
      "iqr": 7.0,
      "concentration": 1.4,
      "mean_shift_sigma": 1.544177534472574,
      "validation": {
        "status": "valid",
        "n_test": 27,
        "ks_stat": 0.6001572582831733,
        "ks_p": 1.246046213445127e-09,
        "test_mean": 9.962962962962964,
        "test_median": 10.0,
        "train_test_mean_diff": 0.9429629629629641
      }
    },
    {
      "dimension": "D1_n2_x_D4_x_D8_sum",
      "condition": "((1, 1), (1, np.int64(4)), np.int64(4))",
      "support": 54,
      "ks_stat": 0.5252525252525253,
      "ks_p": 5.0416656373128694e-14,
      "js_divergence": 0.17810538721232677,
      "mean": 8.88888888888889,
      "median": 9.0,
      "std": 4.323350324076382,
      "q10": 2.3000000000000007,
      "q25": 6.0,
      "q50": 9.0,
      "q75": 12.0,
      "q90": 13.700000000000003,
      "iqr": 6.0,
      "concentration": 1.2,
      "mean_shift_sigma": 1.5050397886392048,
      "validation": {
        "status": "valid",
        "n_test": 33,
        "ks_stat": 0.5833222414481565,
        "ks_p": 6.363727065898421e-11,
        "test_mean": 9.454545454545455,
        "test_median": 9.0,
        "train_test_mean_diff": 0.5656565656565657
      }
    },
    {
      "dimension": "D1_n1_x_D4_x_D8_ac_value",
      "condition": "((1,), (1, np.int64(4)), np.int64(1))",
      "support": 62,
      "ks_stat": 0.501466275659824,
      "ks_p": 1.743460192305664e-14,
      "js_divergence": 0.15620036357524258,
      "mean": 7.983870967741935,
      "median": 7.0,
      "std": 3.7351509685077287,
      "q10": 3.1000000000000005,
      "q25": 6.0,
      "q50": 7.0,
      "q75": 10.0,
      "q90": 13.0,
      "iqr": 4.0,
      "concentration": 0.8,
      "mean_shift_sigma": 1.2348844900354377,
      "validation": {
        "status": "valid",
        "n_test": 41,
        "ks_stat": 0.43256079705745815,
        "ks_p": 2.788007706122118e-07,
        "test_mean": 7.609756097560975,
        "test_median": 8.0,
        "train_test_mean_diff": 0.3741148701809598
      }
    },
    {
      "dimension": "D1_n1_x_D4_x_D8_ac_value",
      "condition": "((1,), (1, np.int64(4)), 0)",
      "support": 57,
      "ks_stat": 0.42612028605237434,
      "ks_p": 1.2036163525289692e-09,
      "js_divergence": 0.15522023317593656,
      "mean": 8.175438596491228,
      "median": 8.0,
      "std": 4.716982409681761,
      "q10": 2.6000000000000005,
      "q25": 5.0,
      "q50": 8.0,
      "q75": 12.0,
      "q90": 14.399999999999999,
      "iqr": 7.0,
      "concentration": 1.4,
      "mean_shift_sigma": 1.2920690039973188,
      "validation": {
        "status": "valid",
        "n_test": 38,
        "ks_stat": 0.5290128689219388,
        "ks_p": 3.6318183096494373e-10,
        "test_mean": 9.447368421052632,
        "test_median": 9.0,
        "train_test_mean_diff": 1.2719298245614041
      }
    },
    {
      "dimension": "D1_n3_x_D4_x_D8_sum",
      "condition": "((1, -1, 1), (1, np.int64(4)), np.int64(4))",
      "support": 61,
      "ks_stat": 0.4319263496947262,
      "ks_p": 1.5067992333307937e-10,
      "js_divergence": 0.13411496567423795,
      "mean": 7.311475409836065,
      "median": 7.0,
      "std": 4.178559574572054,
      "q10": 2.0,
      "q25": 4.0,
      "q50": 7.0,
      "q75": 10.0,
      "q90": 13.0,
      "iqr": 6.0,
      "concentration": 1.2,
      "mean_shift_sigma": 1.034168881558099,
      "validation": {
        "status": "valid",
        "n_test": 40,
        "ks_stat": 0.47463396778916545,
        "ks_p": 1.4990788388810467e-08,
        "test_mean": 8.125,
        "test_median": 8.0,
        "train_test_mean_diff": 0.8135245901639347
      }
    },
    {
      "dimension": "D1_n2_x_D4_x_D8_sum",
      "condition": "((0, 1), (1, np.int64(4)), np.int64(4))",
      "support": 34,
      "ks_stat": 0.4500891265597148,
      "ks_p": 1.0658216123850386e-06,
      "js_divergence": 0.1285616817368826,
      "mean": 7.264705882352941,
      "median": 7.0,
      "std": 3.860119043649026,
      "q10": 2.0,
      "q25": 4.25,
      "q50": 7.0,
      "q75": 9.0,
      "q90": 13.7,
      "iqr": 4.75,
      "concentration": 0.95,
      "mean_shift_sigma": 1.0202077926475634,
      "validation": {
        "status": "valid",
        "n_test": 11,
        "ks_stat": 0.5720750698788766,
        "ks_p": 0.0006628672916938113,
        "test_mean": 8.909090909090908,
        "test_median": 9.0,
        "train_test_mean_diff": 1.6443850267379672
      }
    },
    {
      "dimension": "D1_n1_x_D4_x_D8_span",
      "condition": "((1,), (1, np.int64(4)), 0)",
      "support": 142,
      "ks_stat": 0.42576377128853277,
      "ks_p": 2.6567139587188346e-22,
      "js_divergence": 0.12544811876590456,
      "mean": 7.894366197183099,
      "median": 8.0,
      "std": 4.5061893999423885,
      "q10": 1.0,
      "q25": 5.0,
      "q50": 8.0,