{
  "status": "completed",
  "position": 4,
  "dimensions": [
    "D1",
    "D7"
  ],
  "n_patterns_found": 20,
  "n_validated": 12,
  "n_insufficient": 0,
  "validation_rate": 0.6,
  "uncond_mean": 5.396871945259042,
  "uncond_std": 4.072758364334535,
  "uncond_iqr": 6.0,
  "patterns": [
    {
      "dimension": "D1_n3_x_D7",
      "condition": "((-1, 0, 1), (-1, -1))",
      "support": 20,
      "ks_stat": 0.41275659824046923,
      "ks_p": 0.0014437393627876672,
      "js_divergence": 0.18534049126316893,
      "mean": 8.0,
      "median": 8.0,
      "std": 3.714835124201342,
      "q10": 3.8000000000000003,
      "q25": 6.75,
      "q50": 8.0,
      "q75": 10.0,
      "q90": 11.400000000000006,
      "iqr": 3.25,
      "concentration": 0.5416666666666666,
      "mean_shift_sigma": 0.6391560269169797,
      "validation": {
        "status": "invalid",
        "n_test": 11,
        "ks_stat": 0.19958738187142286,
        "ks_p": 0.7072557162123988,
        "test_mean": 5.090909090909091,
        "test_median": 5.0,
        "train_test_mean_diff": 2.909090909090909
      }
    },
    {
      "dimension": "D1_n2_x_D7",
      "condition": "((0, 1), (-1, -1))",
      "support": 30,
      "ks_stat": 0.39608993157380257,
      "ks_p": 0.00010802220017788455,
      "js_divergence": 0.1796376843225041,
      "mean": 8.366666666666667,
      "median": 8.0,
      "std": 4.222821594884423,
      "q10": 2.0,
      "q25": 6.25,
      "q50": 8.0,
      "q75": 10.0,
      "q90": 15.0,
      "iqr": 3.75,
      "concentration": 0.625,
      "mean_shift_sigma": 0.7291851015307834,
      "validation": {
        "status": "invalid",
        "n_test": 16,
        "ks_stat": 0.19390556368960468,
        "ks_p": 0.5289085912811203,
        "test_mean": 6.0625,
        "test_median": 5.0,
        "train_test_mean_diff": 2.304166666666667
      }
    },
    {
      "dimension": "D1_n3_x_D7",
      "condition": "((1, -1, 1), (1, -1))",
      "support": 48,
      "ks_stat": 0.2875122189638319,
      "ks_p": 0.0006322039617689074,
      "js_divergence": 0.09325104796400309,
      "mean": 3.5,
      "median": 3.0,
      "std": 2.226731535981231,
      "q10": 1.0,
      "q25": 1.75,
      "q50": 3.0,
      "q75": 4.25,
      "q90": 6.0,
      "iqr": 2.5,
      "concentration": 0.4166666666666667,
      "mean_shift_sigma": 0.46574625243424655,
      "validation": {
        "status": "invalid",
        "n_test": 25,
        "ks_stat": 0.23903367496339678,
        "ks_p": 0.10167403746166008,
        "test_mean": 4.08,
        "test_median": 3.0,
        "train_test_mean_diff": 0.5800000000000001
      }
    },
    {
      "dimension": "D1_n1_x_D7",
      "condition": "((1,), (-1, 1))",
      "support": 71,
      "ks_stat": 0.3471631352140212,
      "ks_p": 6.878212971639896e-08,
      "js_divergence": 0.08728529346662396,
      "mean": 2.887323943661972,
      "median": 2.0,
      "std": 2.452646146596083,
      "q10": 1.0,
      "q25": 1.0,
      "q50": 2.0,
      "q75": 3.5,
      "q90": 6.0,
      "iqr": 2.5,
      "concentration": 0.4166666666666667,
      "mean_shift_sigma": 0.6161789571346482,
      "validation": {
        "status": "valid",
        "n_test": 55,
        "ks_stat": 0.3190336749633968,
        "ks_p": 2.764010174906136e-05,
        "test_mean": 2.890909090909091,
        "test_median": 2.0,
        "train_test_mean_diff": 0.0035851472471191137
      }
    },
    {
      "dimension": "D1_n1_x_D7",
      "condition": "((-1,), (1, -1))",
      "support": 52,
      "ks_stat": 0.26032032483645384,
      "ks_p": 0.001605820464351568,
      "js_divergence": 0.0867633519058146,
      "mean": 3.1538461538461537,
      "median": 2.0,
      "std": 2.290319220147601,
      "q10": 1.0,
      "q25": 1.0,
      "q50": 2.0,
      "q75": 4.25,
      "q90": 6.0,
      "iqr": 3.25,
      "concentration": 0.5416666666666666,
      "mean_shift_sigma": 0.5507387354612641,
      "validation": {
        "status": "valid",
        "n_test": 34,
        "ks_stat": 0.2796486090775988,
        "ks_p": 0.008694407697848395,
        "test_mean": 3.3529411764705883,
        "test_median": 3.0,
        "train_test_mean_diff": 0.19909502262443457
      }
    },
    {
      "dimension": "D1_n3_x_D7",
      "condition": "((1, -1, 1), (-1, 1))",
      "support": 35,
      "ks_stat": 0.28639854768887024,
      "ks_p": 0.005423187278146694,
      "js_divergence": 0.08617263807544404,
      "mean": 3.6,
      "median": 3.0,
      "std": 2.997141495301338,
      "q10": 1.0,
      "q25": 1.0,
      "q50": 3.0,
      "q75": 5.0,
      "q90": 8.600000000000001,
      "iqr": 4.0,
      "concentration": 0.6666666666666666,
      "mean_shift_sigma": 0.44119286844866373,
      "validation": {
        "status": "valid",
        "n_test": 22,
        "ks_stat": 0.337215493145215,
        "ks_p": 0.01064700653762311,
        "test_mean": 2.8181818181818183,
        "test_median": 2.0,
        "train_test_mean_diff": 0.7818181818181817
      }
    },
    {
      "dimension": "D1_n2_x_D7",
      "condition": "((-1, 1), (-1, 1))",
      "support": 56,
      "ks_stat": 0.3149699762602988,
      "ks_p": 2.644779967825848e-05,
      "js_divergence": 0.07561170720050153,
      "mean": 3.1607142857142856,
      "median": 2.5,
      "std": 2.630703231038408,
      "q10": 1.0,
      "q25": 1.0,
      "q50": 2.5,
      "q75": 4.0,
      "q90": 6.5,
      "iqr": 3.0,
      "concentration": 0.5,
      "mean_shift_sigma": 0.5490523766710455,
      "validation": {
        "status": "valid",
        "n_test": 42,
        "ks_stat": 0.28093843686815867,
        "ks_p": 0.0024463125530018743,
        "test_mean": 3.238095238095238,
        "test_median": 3.0,
        "train_test_mean_diff": 0.07738095238095255
      }
    },
    {
      "dimension": "D1_n3_x_D7",
      "condition": "((1, -1, 1), (1, 1))",
      "support": 94,
      "ks_stat": 0.20958382729144567,
      "ks_p": 0.0006083520787203219,
      "js_divergence": 0.05426259697878989,
      "mean": 3.8617021276595747,
      "median": 3.5,
      "std": 2.549931429323305,
      "q10": 1.0,
      "q25": 2.0,
      "q50": 3.5,
      "q75": 5.75,
      "q90": 7.0,
      "iqr": 3.75,
      "concentration": 0.625,
      "mean_shift_sigma": 0.3769361401459683,
      "validation": {
        "status": "invalid",
        "n_test": 57,
        "ks_stat": 0.12122729958131052,
        "ks_p": 0.3662211744423637,
        "test_mean": 4.824561403508772,
        "test_median": 4.0,
        "train_test_mean_diff": 0.9628592758491976
      }
    },
    {
      "dimension": "D1_n2_x_D7",
      "condition": "((-1, 1), (1, -1))",
      "support": 71,
      "ks_stat": 0.25758264149904314,
      "ks_p": 0.0001673065708853023,
      "js_divergence": 0.05028056923378702,
      "mean": 3.5211267605633805,
      "median": 3.0,
      "std": 2.5884856355290466,
      "q10": 1.0,
      "q25": 1.0,
      "q50": 3.0,
      "q75": 5.0,
      "q90": 8.0,
      "iqr": 4.0,
      "concentration": 0.6666666666666666,
      "mean_shift_sigma": 0.4605589177894051,
      "validation": {
        "status": "invalid",
        "n_test": 45,
        "ks_stat": 0.18570034163006344,
        "ks_p": 0.08658388711472641,
        "test_mean": 4.177777777777778,
        "test_median": 4.0,
        "train_test_mean_diff": 0.6566510172143976
      }
    },
    {
      "dimension": "D1_n3_x_D7",
      "condition": "((-1, 1, 1), (1, 1))",
      "support": 54,
      "ks_stat": 0.2273270337786467,
      "ks_p": 0.007157947485772201,
      "js_divergence": 0.049224988017662084,
      "mean": 3.574074074074074,
      "median": 3.0,
      "std": 2.173935259622869,
      "q10": 1.0,
      "q25": 2.0,
      "q50": 3.0,
      "q75": 5.0,
      "q90": 7.0,
      "iqr": 3.0,
      "concentration": 0.5,
      "mean_shift_sigma": 0.44755856059307414,
      "validation": {
        "status": "invalid",
        "n_test": 16,
        "ks_stat": 0.29447291361639827,
        "ks_p": 0.10376039292203026,
        "test_mean": 4.1875,