{
  "status": "completed",
  "position": 1,
  "dimensions": [
    "D1",
    "D3"
  ],
  "n_patterns_found": 9,
  "n_validated": 7,
  "n_insufficient": 0,
  "validation_rate": 0.7777777777777778,
  "uncond_mean": 5.3132942326490715,
  "uncond_std": 4.001110451731618,
  "uncond_iqr": 6.0,
  "patterns": [
    {
      "dimension": "D1_n2_x_D3",
      "condition": "((1, 1), np.int64(3))",
      "support": 20,
      "ks_stat": 0.6312316715542522,
      "ks_p": 3.623937941775344e-08,
      "js_divergence": 0.23025200398735524,
      "mean": 12.4,
      "median": 13.5,
      "std": 4.2,
      "q10": 5.9,
      "q25": 10.0,
      "q50": 13.5,
      "q75": 15.25,
      "q90": 17.0,
      "iqr": 5.25,
      "concentration": 0.875,
      "mean_shift_sigma": 1.7711847380478871,
      "validation": {
        "status": "valid",
        "n_test": 13,
        "ks_stat": 0.5333934001576754,
        "ks_p": 0.000604506291310075,
        "test_mean": 11.846153846153847,
        "test_median": 14.0,
        "train_test_mean_diff": 0.5538461538461537
      }
    },
    {
      "dimension": "D1_n2_x_D3",
      "condition": "((-1, 1), np.int64(3))",
      "support": 20,
      "ks_stat": 0.5432551319648093,
      "ks_p": 5.306066036152121e-06,
      "js_divergence": 0.2099225743056201,
      "mean": 11.3,
      "median": 11.5,
      "std": 4.594562003064057,
      "q10": 4.9,
      "q25": 8.75,
      "q50": 11.5,
      "q75": 13.5,
      "q90": 17.1,
      "iqr": 4.75,
      "concentration": 0.7916666666666666,
      "mean_shift_sigma": 1.4962610604163593,
      "validation": {
        "status": "valid",
        "n_test": 13,
        "ks_stat": 0.6572249127153958,
        "ks_p": 5.702962959162022e-06,
        "test_mean": 12.538461538461538,
        "test_median": 13.0,
        "train_test_mean_diff": 1.2384615384615376
      }
    },
    {
      "dimension": "D1_n1_x_D3",
      "condition": "((1,), np.int64(3))",
      "support": 44,
      "ks_stat": 0.5432551319648093,
      "ks_p": 2.0481155489211887e-12,
      "js_divergence": 0.2022918225070643,
      "mean": 11.704545454545455,
      "median": 13.0,
      "std": 4.439387475432258,
      "q10": 5.0,
      "q25": 8.75,
      "q50": 13.0,
      "q75": 15.0,
      "q90": 17.0,
      "iqr": 6.25,
      "concentration": 1.0416666666666667,
      "mean_shift_sigma": 1.5973693550824997,
      "validation": {
        "status": "valid",
        "n_test": 29,
        "ks_stat": 0.5776493158984197,
        "ks_p": 1.6854787728683083e-09,
        "test_mean": 12.620689655172415,
        "test_median": 13.0,
        "train_test_mean_diff": 0.9161442006269596
      }
    },
    {
      "dimension": "D1_n2_x_D3",
      "condition": "((-1, -1), np.int64(1))",
      "support": 74,
      "ks_stat": 0.24839502258857096,
      "ks_p": 0.00022812361233880084,
      "js_divergence": 0.0595048685305469,
      "mean": 3.5945945945945947,
      "median": 3.0,
      "std": 2.760331545494465,
      "q10": 0.3000000000000007,
      "q25": 1.25,
      "q50": 3.0,
      "q75": 4.75,
      "q90": 7.0,
      "iqr": 3.5,
      "concentration": 0.5833333333333334,
      "mean_shift_sigma": 0.4295556593071932,
      "validation": {
        "status": "invalid",
        "n_test": 31,
        "ks_stat": 0.1502857412742644,
        "ks_p": 0.4555395562543536,
        "test_mean": 4.548387096774194,
        "test_median": 4.0,
        "train_test_mean_diff": 0.9537925021795992
      }
    },
    {
      "dimension": "D1_n3_x_D3",
      "condition": "((1, -1, -1), np.int64(1))",
      "support": 64,
      "ks_stat": 0.23868218475073313,
      "ks_p": 0.0013542435938618217,
      "js_divergence": 0.05132642289989968,
      "mean": 3.734375,
      "median": 3.0,
      "std": 2.8242376598606214,
      "q10": 1.0,
      "q25": 2.0,
      "q50": 3.0,
      "q75": 5.0,
      "q90": 7.700000000000003,
      "iqr": 3.0,
      "concentration": 0.5,
      "mean_shift_sigma": 0.3946202564754842,
      "validation": {
        "status": "invalid",
        "n_test": 25,
        "ks_stat": 0.10512445095168375,
        "ks_p": 0.9222757036206549,
        "test_mean": 4.76,
        "test_median": 4.0,
        "train_test_mean_diff": 1.0256249999999998
      }
    },
    {
      "dimension": "D1_n2_x_D3",
      "condition": "((1, -1), np.int64(1))",
      "support": 249,
      "ks_stat": 0.1258111625387179,
      "ks_p": 0.001593428129504668,
      "js_divergence": 0.02847205976987492,
      "mean": 4.108433734939759,
      "median": 4.0,
      "std": 2.972479046748681,
      "q10": 1.0,
      "q25": 2.0,
      "q50": 4.0,
      "q75": 6.0,
      "q90": 8.0,
      "iqr": 4.0,
      "concentration": 0.6666666666666666,
      "mean_shift_sigma": 0.3011315264210885,
      "validation": {
        "status": "valid",
        "n_test": 163,
        "ks_stat": 0.13767751439427284,
        "ks_p": 0.007146287601120914,
        "test_mean": 4.190184049079755,
        "test_median": 4.0,
        "train_test_mean_diff": 0.08175031413999623
      }
    },
    {
      "dimension": "D1_n1_x_D3",
      "condition": "((-1,), np.int64(1))",
      "support": 341,
      "ks_stat": 0.13685239491691104,
      "ks_p": 3.193153065452258e-05,
      "js_divergence": 0.026268070238130964,
      "mean": 4.07624633431085,
      "median": 4.0,
      "std": 2.989727081429147,
      "q10": 1.0,
      "q25": 2.0,
      "q50": 4.0,
      "q75": 6.0,
      "q90": 8.0,
      "iqr": 4.0,
      "concentration": 0.6666666666666666,
      "mean_shift_sigma": 0.3091761432886328,
      "validation": {
        "status": "valid",
        "n_test": 200,
        "ks_stat": 0.13626647144948756,
        "ks_p": 0.002731410204426793,
        "test_mean": 4.23,
        "test_median": 4.0,
        "train_test_mean_diff": 0.15375366568915005
      }
    },
    {
      "dimension": "D1_n2_x_D3",
      "condition": "((-1, 1), np.int64(1))",
      "support": 308,
      "ks_stat": 0.12676302192431224,
      "ks_p": 0.00032789886308926393,
      "js_divergence": 0.02047426189558986,
      "mean": 4.2727272727272725,
      "median": 4.0,
      "std": 2.9657629212127885,
      "q10": 1.0,
      "q25": 2.0,
      "q50": 4.0,
      "q75": 6.0,
      "q90": 8.0,
      "iqr": 4.0,
      "concentration": 0.6666666666666666,
      "mean_shift_sigma": 0.2600695413123269,
      "validation": {
        "status": "valid",
        "n_test": 228,
        "ks_stat": 0.14293236752202615,
        "ks_p": 0.0005955854518352786,
        "test_mean": 4.074561403508772,
        "test_median": 3.0,
        "train_test_mean_diff": 0.1981658692185002
      }
    },
    {
      "dimension": "D1_n1_x_D3",
      "condition": "((1,), np.int64(1))",
      "support": 430,
      "ks_stat": 0.11986178362772511,
      "ks_p": 6.569209284222586e-05,
      "js_divergence": 0.0201043046566979,
      "mean": 4.258139534883721,
      "median": 4.0,
      "std": 2.9524709838985,
      "q10": 1.0,
      "q25": 2.0,
      "q50": 4.0,
      "q75": 6.0,
      "q90": 8.0,
      "iqr": 4.0,
      "concentration": 0.6666666666666666,
      "mean_shift_sigma": 0.2637154636180303,
      "validation": {
        "status": "valid",
        "n_test": 316,
        "ks_stat": 0.1518153344329744,
        "ks_p": 1.2423827356889535e-05,
        "test_mean": 4.170886075949367,
        "test_median": 4.0,
        "train_test_mean_diff": 0.0872534589343541
      }
    }
  ],
  "task_id": "ssq_P1_D1_x_D3",
  "lottery": "shuangseqiu",
  "elapsed_seconds": 0.3
}