{
  "status": "completed",
  "position": 3,
  "dimensions": [
    "D8",
    "D10"
  ],
  "n_patterns_found": 3,
  "n_validated": 2,
  "n_insufficient": 0,
  "validation_rate": 0.6666666666666666,
  "uncond_mean": 5.953567937438905,
  "uncond_std": 4.355566822255883,
  "uncond_iqr": 7.0,
  "patterns": [
    {
      "dimension": "D8_sum_x_D10_w10",
      "condition": "(np.int64(2), 0)",
      "support": 205,
      "ks_stat": 0.15051617671601936,
      "ks_p": 0.00037514103039352364,
      "js_divergence": 0.03458500229519046,
      "mean": 4.565853658536585,
      "median": 4.0,
      "std": 3.2821475536529476,
      "q10": 1.0,
      "q25": 2.0,
      "q50": 4.0,
      "q75": 6.0,
      "q90": 9.0,
      "iqr": 4.0,
      "concentration": 0.5714285714285714,
      "mean_shift_sigma": 0.31860704600178297,
      "validation": {
        "status": "valid",
        "n_test": 110,
        "ks_stat": 0.15896446159989353,
        "ks_p": 0.010239657780010738,
        "test_mean": 4.672727272727273,
        "test_median": 4.0,
        "train_test_mean_diff": 0.10687361419068786
      }
    },
    {
      "dimension": "D8_sum_x_D10_w20",
      "condition": "(np.int64(2), 0)",
      "support": 274,
      "ks_stat": 0.14136538447817,
      "ks_p": 0.000111691597072695,
      "js_divergence": 0.022020889930719663,
      "mean": 4.682481751824818,
      "median": 4.0,
      "std": 3.5046246362353672,
      "q10": 1.0,
      "q25": 2.0,
      "q50": 4.0,
      "q75": 6.0,
      "q90": 9.0,
      "iqr": 4.0,
      "concentration": 0.5714285714285714,
      "mean_shift_sigma": 0.2918302571135281,
      "validation": {
        "status": "valid",
        "n_test": 183,
        "ks_stat": 0.12433894182688077,
        "ks_p": 0.012307366617092903,
        "test_mean": 4.879781420765028,
        "test_median": 4.0,
        "train_test_mean_diff": 0.19729966894021
      }
    },
    {
      "dimension": "D8_sum_x_D10_w10",
      "condition": "(np.int64(1), 0)",
      "support": 222,
      "ks_stat": 0.11460727589759848,
      "ks_p": 0.009474939247420261,
      "js_divergence": 0.01955154662403989,
      "mean": 4.972972972972973,
      "median": 4.0,
      "std": 3.731916058506409,
      "q10": 1.0,
      "q25": 2.0,
      "q50": 4.0,
      "q75": 7.0,
      "q90": 10.0,
      "iqr": 5.0,
      "concentration": 0.7142857142857143,
      "mean_shift_sigma": 0.22513601661564026,
      "validation": {
        "status": "invalid",
        "n_test": 174,
        "ks_stat": 0.08508776358526447,
        "ks_p": 0.2008329588531303,
        "test_mean": 5.149425287356322,
        "test_median": 4.0,
        "train_test_mean_diff": 0.17645231438334896
      }
    }
  ],
  "task_id": "ssq_P3_D8_x_D10",
  "lottery": "shuangseqiu",
  "elapsed_seconds": 0.3
}