{
  "status": "completed",
  "position": 5,
  "dimensions": [
    "D3",
    "D12"
  ],
  "n_patterns_found": 4,
  "n_validated": 4,
  "n_insufficient": 0,
  "validation_rate": 1.0,
  "uncond_mean": 3.972629521016618,
  "uncond_std": 3.4006257871847283,
  "uncond_iqr": 5.0,
  "patterns": [
    {
      "dimension": "D3_x_D12",
      "condition": "(np.int64(2), 0)",
      "support": 63,
      "ks_stat": 0.6946655495042592,
      "ks_p": 7.541237593696238e-30,
      "js_divergence": 0.3030463812744199,
      "mean": 10.761904761904763,
      "median": 11.0,
      "std": 4.050139271421889,
      "q10": 4.0,
      "q25": 10.0,
      "q50": 11.0,
      "q75": 14.0,
      "q90": 15.0,
      "iqr": 4.0,
      "concentration": 0.8,
      "mean_shift_sigma": 1.9964781971816938,
      "validation": {
        "status": "valid",
        "n_test": 47,
        "ks_stat": 0.6989813401451668,
        "ks_p": 1.2566822356883768e-22,
        "test_mean": 11.53191489361702,
        "test_median": 12.0,
        "train_test_mean_diff": 0.7700101317122581
      }
    },
    {
      "dimension": "D3_x_D12",
      "condition": "(np.int64(3), 1)",
      "support": 83,
      "ks_stat": 0.28999870449540094,
      "ks_p": 1.964845184498788e-06,
      "js_divergence": 0.058841575636751145,
      "mean": 5.0,
      "median": 5.0,
      "std": 2.620585789383372,
      "q10": 1.0,
      "q25": 3.5,
      "q50": 5.0,
      "q75": 7.0,
      "q90": 8.799999999999997,
      "iqr": 3.5,
      "concentration": 0.7,
      "mean_shift_sigma": 0.30211218266209466,
      "validation": {
        "status": "valid",
        "n_test": 61,
        "ks_stat": 0.28486906847802607,
        "ks_p": 0.00010967783828581594,
        "test_mean": 5.426229508196721,
        "test_median": 5.0,
        "train_test_mean_diff": 0.42622950819672134
      }
    },
    {
      "dimension": "D3_x_D12",
      "condition": "(np.int64(4), 0)",
      "support": 469,
      "ks_stat": 0.11285528786732446,
      "ks_p": 0.00010827475932366068,
      "js_divergence": 0.016853528616555993,
      "mean": 3.2196162046908317,
      "median": 3.0,
      "std": 2.6823197208965492,
      "q10": 0.0,
      "q25": 1.0,
      "q50": 3.0,
      "q75": 4.0,
      "q90": 7.0,
      "iqr": 3.0,
      "concentration": 0.6,
      "mean_shift_sigma": 0.22143374880103533,
      "validation": {
        "status": "valid",
        "n_test": 266,
        "ks_stat": 0.1548949239863935,
        "ks_p": 3.914617720695038e-05,
        "test_mean": 3.2481203007518795,
        "test_median": 3.0,
        "train_test_mean_diff": 0.028504096061047868
      }
    },
    {
      "dimension": "D3_x_D12",
      "condition": "(np.int64(4), 2)",
      "support": 502,
      "ks_stat": 0.12401810159167825,
      "ks_p": 7.2626149028537726e-06,
      "js_divergence": 0.011104698198324891,
      "mean": 3.229083665338645,
      "median": 2.0,
      "std": 3.183828466196547,
      "q10": 0.0,
      "q25": 1.0,
      "q50": 2.0,
      "q75": 4.0,
      "q90": 8.0,
      "iqr": 3.0,
      "concentration": 0.6,
      "mean_shift_sigma": 0.21864971396736096,
      "validation": {
        "status": "valid",
        "n_test": 228,
        "ks_stat": 0.10670802188487323,
        "ks_p": 0.021473099460038347,
        "test_mean": 3.456140350877193,
        "test_median": 3.0,
        "train_test_mean_diff": 0.22705668553854785
      }
    }
  ],
  "task_id": "ssq_P5_D3_x_D12",
  "lottery": "shuangseqiu",
  "elapsed_seconds": 0.3
}