{
  "status": "completed",
  "position": 4,
  "dimensions": [
    "D1",
    "D4",
    "D8"
  ],
  "n_patterns_found": 4,
  "n_validated": 1,
  "n_insufficient": 1,
  "validation_rate": 0.25,
  "uncond_mean": 5.396871945259042,
  "uncond_std": 4.072758364334535,
  "uncond_iqr": 6.0,
  "patterns": [
    {
      "dimension": "D1_n3_x_D4_x_D8_sum",
      "condition": "((-1, 1, -1), (-1, np.int64(4)), 0)",
      "support": 65,
      "ks_stat": 0.40287239642078354,
      "ks_p": 9.782136224777373e-10,
      "js_divergence": 0.11667257340853529,
      "mean": 9.6,
      "median": 10.0,
      "std": 4.573502276912419,
      "q10": 4.0,
      "q25": 6.0,
      "q50": 10.0,
      "q75": 13.0,
      "q90": 15.600000000000001,
      "iqr": 7.0,
      "concentration": 1.1666666666666667,
      "mean_shift_sigma": 1.0320101706863045,
      "validation": {
        "status": "valid",
        "n_test": 43,
        "ks_stat": 0.32500255371309883,
        "ks_p": 0.00020258815385831437,
        "test_mean": 8.837209302325581,
        "test_median": 9.0,
        "train_test_mean_diff": 0.7627906976744185
      }
    },
    {
      "dimension": "D1_n1_x_D4_x_D8_ac_value",
      "condition": "((-1,), (-1, np.int64(4)), 0)",
      "support": 39,
      "ks_stat": 0.3310775246259117,
      "ks_p": 0.00030716581074768354,
      "js_divergence": 0.10350529176092874,
      "mean": 8.076923076923077,
      "median": 8.0,
      "std": 4.0343691108137305,
      "q10": 3.0,
      "q25": 5.5,
      "q50": 8.0,
      "q75": 10.0,
      "q90": 13.400000000000006,
      "iqr": 4.5,
      "concentration": 0.75,
      "mean_shift_sigma": 0.6580432453674279,
      "validation": {
        "status": "invalid",
        "n_test": 24,
        "ks_stat": 0.24719375305026842,
        "ks_p": 0.0934527264179366,
        "test_mean": 8.333333333333334,
        "test_median": 6.5,
        "train_test_mean_diff": 0.2564102564102573
      }
    },
    {
      "dimension": "D1_n1_x_D4_x_D8_sum",
      "condition": "((-1,), (-1, np.int64(1)), np.int64(4))",
      "support": 30,
      "ks_stat": 0.30068426197458453,
      "ks_p": 0.007238083824019087,
      "js_divergence": 0.07964584004627391,
      "mean": 3.2333333333333334,
      "median": 3.0,
      "std": 2.603629944690468,
      "q10": 0.9000000000000004,
      "q25": 1.25,
      "q50": 3.0,
      "q75": 4.75,
      "q90": 7.0,
      "iqr": 3.5,
      "concentration": 0.5833333333333334,
      "mean_shift_sigma": 0.5312219430624674,
      "validation": {
        "status": "insufficient",
        "n_test": 9
      }
    },
    {
      "dimension": "D1_n2_x_D4_x_D8_ac_value",
      "condition": "((1, -1), (-1, np.int64(1)), np.int64(3))",
      "support": 42,
      "ks_stat": 0.28306102499650887,
      "ks_p": 0.002071201314434441,
      "js_divergence": 0.06046668282418667,
      "mean": 3.0714285714285716,
      "median": 2.0,
      "std": 2.711464699443187,
      "q10": 0.0,
      "q25": 1.0,
      "q50": 2.0,
      "q75": 4.0,
      "q90": 7.0,
      "iqr": 3.0,
      "concentration": 0.5,
      "mean_shift_sigma": 0.5709750409438872,
      "validation": {
        "status": "invalid",
        "n_test": 35,
        "ks_stat": 0.09058774314996862,
        "ks_p": 0.9175196140287354,
        "test_mean": 5.085714285714285,
        "test_median": 4.0,
        "train_test_mean_diff": 2.014285714285714
      }
    }
  ],
  "task_id": "ssq_P4_D1_x_D4_x_D8",
  "lottery": "shuangseqiu",
  "elapsed_seconds": 0.3
}