{
  "status": "completed",
  "position": 5,
  "dimensions": [
    "D1",
    "D7"
  ],
  "n_patterns_found": 19,
  "n_validated": 16,
  "n_insufficient": 0,
  "validation_rate": 0.8421052631578947,
  "uncond_mean": 3.972629521016618,
  "uncond_std": 3.4006257871847283,
  "uncond_iqr": 5.0,
  "patterns": [
    {
      "dimension": "D1_n4_x_D7",
      "condition": "((1, 0, -1, 1), (-1, -1))",
      "support": 20,
      "ks_stat": 0.40689149560117305,
      "ks_p": 0.001778720246085586,
      "js_divergence": 0.18365270421665758,
      "mean": 6.2,
      "median": 6.0,
      "std": 2.891366458960192,
      "q10": 2.0,
      "q25": 4.75,
      "q50": 6.0,
      "q75": 8.0,
      "q90": 11.0,
      "iqr": 3.25,
      "concentration": 0.65,
      "mean_shift_sigma": 0.6549884104793996,
      "validation": {
        "status": "invalid",
        "n_test": 15,
        "ks_stat": 0.24504636408003905,
        "ks_p": 0.28524145128452016,
        "test_mean": 5.733333333333333,
        "test_median": 5.0,
        "train_test_mean_diff": 0.4666666666666668
      }
    },
    {
      "dimension": "D1_n3_x_D7",
      "condition": "((-1, -1, -1), (1, 1))",
      "support": 27,
      "ks_stat": 0.505973715651135,
      "ks_p": 7.6950811055602e-07,
      "js_divergence": 0.1580826697656514,
      "mean": 7.111111111111111,
      "median": 7.0,
      "std": 2.922876986214646,
      "q10": 4.0,
      "q25": 5.0,
      "q50": 7.0,
      "q75": 8.5,
      "q90": 10.0,
      "iqr": 3.5,
      "concentration": 0.7,
      "mean_shift_sigma": 0.922912953822168,
      "validation": {
        "status": "valid",
        "n_test": 18,
        "ks_stat": 0.47494712868065725,
        "ks_p": 0.00033454953495641864,
        "test_mean": 9.333333333333334,
        "test_median": 9.5,
        "train_test_mean_diff": 2.222222222222223
      }
    },
    {
      "dimension": "D1_n4_x_D7",
      "condition": "((1, -1, -1, -1), (1, 1))",
      "support": 20,
      "ks_stat": 0.493010752688172,
      "ks_p": 5.7814405496539096e-05,
      "js_divergence": 0.1535390104198082,
      "mean": 6.75,
      "median": 6.5,
      "std": 2.913331426391443,
      "q10": 4.0,
      "q25": 5.0,
      "q50": 6.5,
      "q75": 8.0,
      "q90": 9.100000000000001,
      "iqr": 3.0,
      "concentration": 0.6,
      "mean_shift_sigma": 0.8167233482289977,
      "validation": {
        "status": "valid",
        "n_test": 13,
        "ks_stat": 0.4792206329541615,
        "ks_p": 0.0030769475191008344,
        "test_mean": 9.538461538461538,
        "test_median": 9.0,
        "train_test_mean_diff": 2.7884615384615383
      }
    },
    {
      "dimension": "D1_n3_x_D7",
      "condition": "((1, -1, 1), (-1, 1))",
      "support": 38,
      "ks_stat": 0.26416113597777435,
      "ks_p": 0.00868808358472826,
      "js_divergence": 0.07644372664543017,
      "mean": 2.263157894736842,
      "median": 1.5,
      "std": 1.6493094332623575,
      "q10": 1.0,
      "q25": 1.0,
      "q50": 1.5,
      "q75": 3.0,
      "q90": 4.0,
      "iqr": 2.0,
      "concentration": 0.4,
      "mean_shift_sigma": 0.502693249201934,
      "validation": {
        "status": "invalid",
        "n_test": 13,
        "ks_stat": 0.33444081540714043,
        "ks_p": 0.08701883237061878,
        "test_mean": 2.1538461538461537,
        "test_median": 1.0,
        "train_test_mean_diff": 0.10931174089068829
      }
    },
    {
      "dimension": "D1_n1_x_D7",
      "condition": "((1,), (-1, 1))",
      "support": 69,
      "ks_stat": 0.28513748990607335,
      "ks_p": 2.6955653594957316e-05,
      "js_divergence": 0.07336349558789938,
      "mean": 2.1739130434782608,
      "median": 2.0,
      "std": 1.4239821866164204,
      "q10": 1.0,
      "q25": 1.0,
      "q50": 2.0,
      "q75": 3.0,
      "q90": 4.0,
      "iqr": 2.0,
      "concentration": 0.4,
      "mean_shift_sigma": 0.5289369045888046,
      "validation": {
        "status": "valid",
        "n_test": 38,
        "ks_stat": 0.33039223241118904,
        "ks_p": 0.0004280790674778225,
        "test_mean": 2.0526315789473686,
        "test_median": 1.0,
        "train_test_mean_diff": 0.12128146453089217
      }
    },
    {
      "dimension": "D1_n1_x_D7",
      "condition": "((-1,), (1, -1))",
      "support": 52,
      "ks_stat": 0.3046469659372885,
      "ks_p": 0.00011294681086186389,
      "js_divergence": 0.0709144743362666,
      "mean": 2.3076923076923075,
      "median": 2.0,
      "std": 1.3941976123378352,
      "q10": 1.0,
      "q25": 1.0,
      "q50": 2.0,
      "q75": 3.0,
      "q90": 4.0,
      "iqr": 2.0,
      "concentration": 0.4,
      "mean_shift_sigma": 0.48959730282544844,
      "validation": {
        "status": "valid",
        "n_test": 40,
        "ks_stat": 0.31226207906295755,
        "ks_p": 0.0007264007297883004,
        "test_mean": 2.575,
        "test_median": 2.0,
        "train_test_mean_diff": 0.2673076923076927
      }
    },
    {
      "dimension": "D1_n2_x_D7",
      "condition": "((-1, 1), (-1, 1))",
      "support": 59,
      "ks_stat": 0.27531189422933544,
      "ks_p": 0.00024711104593934467,
      "js_divergence": 0.06704628914423356,
      "mean": 2.23728813559322,
      "median": 2.0,
      "std": 1.4768149770028451,
      "q10": 1.0,
      "q25": 1.0,
      "q50": 2.0,
      "q75": 3.0,
      "q90": 4.0,
      "iqr": 2.0,
      "concentration": 0.4,
      "mean_shift_sigma": 0.5103006017195536,
      "validation": {
        "status": "valid",
        "n_test": 30,
        "ks_stat": 0.3216203025866276,
        "ks_p": 0.0033436499432173135,
        "test_mean": 2.1333333333333333,
        "test_median": 1.0,
        "train_test_mean_diff": 0.10395480225988685
      }
    },
    {
      "dimension": "D1_n2_x_D7",
      "condition": "((1, -1), (1, -1))",
      "support": 34,
      "ks_stat": 0.31369673969294465,
      "ks_p": 0.0020089178720206773,
      "js_divergence": 0.060515361051362945,
      "mean": 2.1470588235294117,
      "median": 2.0,
      "std": 1.286407513448767,
      "q10": 1.0,
      "q25": 1.0,
      "q50": 2.0,
      "q75": 3.0,
      "q90": 4.0,
      "iqr": 2.0,
      "concentration": 0.4,
      "mean_shift_sigma": 0.5368337511192429,
      "validation": {
        "status": "valid",
        "n_test": 29,
        "ks_stat": 0.28381380320088856,
        "ks_p": 0.016163820400090442,
        "test_mean": 2.4482758620689653,
        "test_median": 2.0,
        "train_test_mean_diff": 0.3012170385395536
      }
    },
    {
      "dimension": "D1_n5_x_D7",
      "condition": "((-1, -1, 1, -1, 1), (-1, -1))",
      "support": 25,
      "ks_stat": 0.34179863147605083,
      "ks_p": 0.004436679532312274,
      "js_divergence": 0.05049032665173199,
      "mean": 5.28,
      "median": 5.0,
      "std": 2.3412817002659034,
      "q10": 3.0,
      "q25": 4.0,
      "q50": 5.0,
      "q75": 6.0,
      "q90": 9.0,
      "iqr": 2.0,
      "concentration": 0.4,
      "mean_shift_sigma": 0.3844499691527992,
      "validation": {
        "status": "invalid",
        "n_test": 24,
        "ks_stat": 0.14897510980966325,
        "ks_p": 0.6180376968864778,
        "test_mean": 4.041666666666667,
        "test_median": 4.0,
        "train_test_mean_diff": 1.2383333333333333
      }
    },
    {
      "dimension": "D1_n1_x_D7",
      "condition": "((1,), (1, 1))",
      "support": 147,
      "ks_stat": 0.16623775609950725,
      "ks_p": 0.0008788091356965573,
      "js_divergence": 0.03696414135119365,
      "mean": 3.0272108843537415,
      "median": 2.0,
      "std": 2.3033414893915056,
      "q10": 1.0,
      "q25": 1.0,
      "q50": 2.0,
      "q75": 4.0,
      "q90": 6.0,
      "iqr": 3.0,
      "concentration": 0.6,
      "mean_shift_sigma": 0.2780131351781458,
      "validation": {
        "status": "valid",
        "n_test": 111,
        "ks_stat": 0.199998680965006,
        "ks_p": 0.00044675943672620427,
        "test_mean": 2.7927927927927927,
        "test_median": 2.0,