{
  "status": "completed",
  "position": 0,
  "dimensions": [
    "D4",
    "D6"
  ],
  "n_patterns_found": 4,
  "n_validated": 1,
  "n_insufficient": 0,
  "validation_rate": 0.25,
  "uncond_mean": 3.8470185728250246,
  "uncond_std": 3.349991378382439,
  "uncond_iqr": 5.0,
  "patterns": [
    {
      "dimension": "D4_x_D6",
      "condition": "((1, np.int64(4)), 4)",
      "support": 132,
      "ks_stat": 0.44037145650048876,
      "ks_p": 2.4131392156836095e-22,
      "js_divergence": 0.12161567183576186,
      "mean": 7.901515151515151,
      "median": 8.0,
      "std": 4.470204131473546,
      "q10": 2.0,
      "q25": 5.0,
      "q50": 8.0,
      "q75": 11.0,
      "q90": 14.0,
      "iqr": 6.0,
      "concentration": 1.2,
      "mean_shift_sigma": 1.21030060102658,
      "validation": {
        "status": "valid",
        "n_test": 86,
        "ks_stat": 0.5287037352310259,
        "ks_p": 1.5685511371124083e-21,
        "test_mean": 8.872093023255815,
        "test_median": 9.0,
        "train_test_mean_diff": 0.9705778717406632
      }
    },
    {
      "dimension": "D4_x_D6",
      "condition": "((1, np.int64(4)), 1)",
      "support": 29,
      "ks_stat": 0.32763676812620085,
      "ks_p": 0.0031025222137401644,
      "js_divergence": 0.11435894799196859,
      "mean": 5.448275862068965,
      "median": 5.0,
      "std": 2.8957305896851055,
      "q10": 2.8000000000000003,
      "q25": 4.0,
      "q50": 5.0,
      "q75": 7.0,
      "q90": 8.2,
      "iqr": 3.0,
      "concentration": 0.6,
      "mean_shift_sigma": 0.4779884806799462,
      "validation": {
        "status": "invalid",
        "n_test": 22,
        "ks_stat": 0.17423133235724744,
        "ks_p": 0.473462247589972,
        "test_mean": 4.2727272727272725,
        "test_median": 4.5,
        "train_test_mean_diff": 1.1755485893416928
      }
    },
    {
      "dimension": "D4_x_D6",
      "condition": "((1, np.int64(1)), 2)",
      "support": 50,
      "ks_stat": 0.3289149560117302,
      "ks_p": 3.333301697128258e-05,
      "js_divergence": 0.11430977764885752,
      "mean": 2.26,
      "median": 2.0,
      "std": 2.740875772449383,
      "q10": 0.0,
      "q25": 1.0,
      "q50": 2.0,
      "q75": 2.0,
      "q90": 4.0,
      "iqr": 1.0,
      "concentration": 0.2,
      "mean_shift_sigma": 0.47373810663098637,
      "validation": {
        "status": "invalid",
        "n_test": 19,
        "ks_stat": 0.17257455498189103,
        "ks_p": 0.5728966039102894,
        "test_mean": 3.526315789473684,
        "test_median": 2.0,
        "train_test_mean_diff": 1.2663157894736843
      }
    },
    {
      "dimension": "D4_x_D6",
      "condition": "((1, np.int64(4)), 2)",
      "support": 45,
      "ks_stat": 0.3442489410231346,
      "ks_p": 3.6655597021772284e-05,
      "js_divergence": 0.09115121255302545,
      "mean": 5.511111111111111,
      "median": 5.0,
      "std": 2.99349088094836,
      "q10": 2.0,
      "q25": 4.0,
      "q50": 5.0,
      "q75": 7.0,
      "q90": 9.0,
      "iqr": 3.0,
      "concentration": 0.6,
      "mean_shift_sigma": 0.4967453197117189,
      "validation": {
        "status": "invalid",
        "n_test": 12,
        "ks_stat": 0.23767691556857004,
        "ks_p": 0.443762846298053,
        "test_mean": 4.5,
        "test_median": 4.5,
        "train_test_mean_diff": 1.011111111111111
      }
    }
  ],
  "task_id": "ssq_P0_D4_x_D6",
  "lottery": "shuangseqiu",
  "elapsed_seconds": 0.3
}