{
  "status": "completed",
  "position": 3,
  "dimensions": [
    "D5",
    "D7"
  ],
  "n_patterns_found": 8,
  "n_validated": 5,
  "n_insufficient": 0,
  "validation_rate": 0.625,
  "uncond_mean": 5.953567937438905,
  "uncond_std": 4.355566822255883,
  "uncond_iqr": 7.0,
  "patterns": [
    {
      "dimension": "D5_x_D7",
      "condition": "((1, 1), (-1, 1))",
      "support": 50,
      "ks_stat": 0.29913978494623655,
      "ks_p": 0.00022798795884253567,
      "js_divergence": 0.11353805296876333,
      "mean": 3.74,
      "median": 3.0,
      "std": 2.9038595007334638,
      "q10": 1.0,
      "q25": 2.0,
      "q50": 3.0,
      "q75": 4.75,
      "q90": 6.100000000000001,
      "iqr": 2.75,
      "concentration": 0.39285714285714285,
      "mean_shift_sigma": 0.5082158138702206,
      "validation": {
        "status": "valid",
        "n_test": 27,
        "ks_stat": 0.34293151130632826,
        "ks_p": 0.0027752024297365142,
        "test_mean": 3.6666666666666665,
        "test_median": 3.0,
        "train_test_mean_diff": 0.0733333333333337
      }
    },
    {
      "dimension": "D5_x_D7",
      "condition": "((1, 0), (-1, 1))",
      "support": 40,
      "ks_stat": 0.3113880742913001,
      "ks_p": 0.0007060386574308316,
      "js_divergence": 0.09774220870445192,
      "mean": 3.675,
      "median": 3.0,
      "std": 2.8406645349284028,
      "q10": 1.0,
      "q25": 2.0,
      "q50": 3.0,
      "q75": 5.0,
      "q90": 6.100000000000001,
      "iqr": 3.0,
      "concentration": 0.42857142857142855,
      "mean_shift_sigma": 0.5231392446549044,
      "validation": {
        "status": "valid",
        "n_test": 23,
        "ks_stat": 0.36183079763193077,
        "ks_p": 0.00369155266134906,
        "test_mean": 3.4782608695652173,
        "test_median": 3.0,
        "train_test_mean_diff": 0.19673913043478253
      }
    },
    {
      "dimension": "D5_x_D7",
      "condition": "((0, 1), (-1, 1))",
      "support": 24,
      "ks_stat": 0.35080645161290325,
      "ks_p": 0.004094640562477069,
      "js_divergence": 0.07580289183435016,
      "mean": 3.2916666666666665,
      "median": 3.0,
      "std": 2.009957849198723,
      "q10": 1.0,
      "q25": 2.0,
      "q50": 3.0,
      "q75": 4.0,
      "q90": 7.0,
      "iqr": 2.0,
      "concentration": 0.2857142857142857,
      "mean_shift_sigma": 0.6111492210773974,
      "validation": {
        "status": "valid",
        "n_test": 16,
        "ks_stat": 0.3501098096632504,
        "ks_p": 0.030815487559069,
        "test_mean": 4.25,
        "test_median": 4.0,
        "train_test_mean_diff": 0.9583333333333335
      }
    },
    {
      "dimension": "D5_x_D7",
      "condition": "((1, 1), (1, -1))",
      "support": 42,
      "ks_stat": 0.362379555927943,
      "ks_p": 2.3974448211074356e-05,
      "js_divergence": 0.07400716251497044,
      "mean": 3.1904761904761907,
      "median": 3.0,
      "std": 1.9178124348192633,
      "q10": 1.0,
      "q25": 2.0,
      "q50": 3.0,
      "q75": 4.0,
      "q90": 6.0,
      "iqr": 2.0,
      "concentration": 0.2857142857142857,
      "mean_shift_sigma": 0.6343816682696704,
      "validation": {
        "status": "invalid",
        "n_test": 23,
        "ks_stat": 0.2577185053154243,
        "ks_p": 0.08188722626851842,
        "test_mean": 4.130434782608695,
        "test_median": 4.0,
        "train_test_mean_diff": 0.9399585921325047
      }
    },
    {
      "dimension": "D5_x_D7",
      "condition": "((1, 2), (1, -1))",
      "support": 28,
      "ks_stat": 0.30913978494623656,
      "ks_p": 0.007659344304066283,
      "js_divergence": 0.07275720546318654,
      "mean": 3.357142857142857,
      "median": 2.0,
      "std": 2.728347036397754,
      "q10": 1.0,
      "q25": 1.0,
      "q50": 2.0,
      "q75": 4.25,
      "q90": 7.600000000000001,
      "iqr": 3.25,
      "concentration": 0.4642857142857143,
      "mean_shift_sigma": 0.596116461129456,
      "validation": {
        "status": "valid",
        "n_test": 19,
        "ks_stat": 0.4224782307158819,
        "ks_p": 0.001512462954728373,
        "test_mean": 3.0526315789473686,
        "test_median": 3.0,
        "train_test_mean_diff": 0.3045112781954886
      }
    },
    {
      "dimension": "D5_x_D7",
      "condition": "((1, 0), (1, -1))",
      "support": 50,
      "ks_stat": 0.29913978494623655,
      "ks_p": 0.00022798795884253567,
      "js_divergence": 0.06055691902886347,
      "mean": 3.78,
      "median": 3.0,
      "std": 2.46,
      "q10": 1.0,
      "q25": 2.0,
      "q50": 3.0,
      "q75": 4.75,
      "q90": 8.0,
      "iqr": 2.75,
      "concentration": 0.39285714285714285,
      "mean_shift_sigma": 0.4990321641565693,
      "validation": {
        "status": "invalid",
        "n_test": 30,
        "ks_stat": 0.18623718887262078,
        "ks_p": 0.229576708761194,
        "test_mean": 4.466666666666667,
        "test_median": 4.0,
        "train_test_mean_diff": 0.686666666666667
      }
    },
    {
      "dimension": "D5_x_D7",
      "condition": "((0, 1), (1, 1))",
      "support": 90,
      "ks_stat": 0.2075268817204301,
      "ks_p": 0.0009811152807140122,
      "js_divergence": 0.03745380019777138,
      "mean": 7.366666666666666,
      "median": 7.0,
      "std": 4.16986543880948,
      "q10": 2.0,
      "q25": 5.0,
      "q50": 7.0,
      "q75": 10.0,
      "q90": 13.0,
      "iqr": 5.0,
      "concentration": 0.7142857142857143,
      "mean_shift_sigma": 0.324435093500844,
      "validation": {
        "status": "invalid",
        "n_test": 59,
        "ks_stat": 0.15200883440454624,
        "ks_p": 0.1314623193795098,
        "test_mean": 7.067796610169491,
        "test_median": 7.0,
        "train_test_mean_diff": 0.2988700564971749
      }
    },
    {
      "dimension": "D5_x_D7",
      "condition": "((1, 1), (-1, 0))",
      "support": 21,
      "ks_stat": 0.9452590420332356,
      "ks_p": 3.9818121214935925e-26,
      "js_divergence": 0.0,
      "mean": 0.0,
      "median": 0.0,
      "std": 0.0,
      "q10": 0.0,
      "q25": 0.0,
      "q50": 0.0,
      "q75": 0.0,
      "q90": 0.0,
      "iqr": 0.0,
      "concentration": 0.0,
      "mean_shift_sigma": 1.3668870620966314,
      "validation": {
        "status": "valid",
        "n_test": 12,
        "ks_stat": 0.9531478770131772,
        "ks_p": 6.651301910500877e-16,
        "test_mean": 0.0,
        "test_median": 0.0,
        "train_test_mean_diff": 0.0
      }
    }
  ],
  "task_id": "ssq_P3_D5_x_D7",
  "lottery": "shuangseqiu",
  "elapsed_seconds": 0.3
}