{
  "status": "completed",
  "position": 2,
  "dimensions": [
    "D7"
  ],
  "n_patterns_found": 4,
  "n_validated": 4,
  "n_insufficient": 0,
  "validation_rate": 1.0,
  "uncond_mean": 6.009286412512219,
  "uncond_std": 4.326192904054333,
  "uncond_iqr": 6.0,
  "patterns": [
    {
      "dimension": "D7",
      "condition": "(-1, 1)",
      "support": 200,
      "ks_stat": 0.19605083088954056,
      "ks_p": 1.3064221907020016e-06,
      "js_divergence": 0.034716724186922523,
      "mean": 4.315,
      "median": 3.0,
      "std": 3.115409282903291,
      "q10": 1.0,
      "q25": 2.0,
      "q50": 3.0,
      "q75": 6.0,
      "q90": 9.0,
      "iqr": 4.0,
      "concentration": 0.6666666666666666,
      "mean_shift_sigma": 0.3916345040750268,
      "validation": {
        "status": "valid",
        "n_test": 124,
        "ks_stat": 0.19432768148113164,
        "ks_p": 0.0003062827332061786,
        "test_mean": 4.338709677419355,
        "test_median": 3.0,
        "train_test_mean_diff": 0.02370967741935459
      }
    },
    {
      "dimension": "D7",
      "condition": "(1, -1)",
      "support": 171,
      "ks_stat": 0.18975836463103016,
      "ks_p": 1.8872749687316496e-05,
      "js_divergence": 0.028389723347415245,
      "mean": 4.39766081871345,
      "median": 3.0,
      "std": 3.290033740497356,
      "q10": 1.0,
      "q25": 2.0,
      "q50": 3.0,
      "q75": 6.0,
      "q90": 9.0,
      "iqr": 4.0,
      "concentration": 0.6666666666666666,
      "mean_shift_sigma": 0.37252744608046,
      "validation": {
        "status": "valid",
        "n_test": 120,
        "ks_stat": 0.2127135187896535,
        "ks_p": 7.359001992167445e-05,
        "test_mean": 4.283333333333333,
        "test_median": 4.0,
        "train_test_mean_diff": 0.11432748538011683
      }
    },
    {
      "dimension": "D7",
      "condition": "(1, 0)",
      "support": 41,
      "ks_stat": 0.9491691104594331,
      "ks_p": 1.8418345569418632e-50,
      "js_divergence": 0.0,
      "mean": 0.0,
      "median": 0.0,
      "std": 0.0,
      "q10": 0.0,
      "q25": 0.0,
      "q50": 0.0,
      "q75": 0.0,
      "q90": 0.0,
      "iqr": 0.0,
      "concentration": 0.0,
      "mean_shift_sigma": 1.3890472629827852,
      "validation": {
        "status": "valid",
        "n_test": 33,
        "ks_stat": 0.9443631039531479,
        "ks_p": 3.4541232997571446e-39,
        "test_mean": 0.0,
        "test_median": 0.0,
        "train_test_mean_diff": 0.0
      }
    },
    {
      "dimension": "D7",
      "condition": "(-1, 0)",
      "support": 51,
      "ks_stat": 0.9491691104594331,
      "ks_p": 6.810432499417295e-62,
      "js_divergence": 0.0,
      "mean": 0.0,
      "median": 0.0,
      "std": 0.0,
      "q10": 0.0,
      "q25": 0.0,
      "q50": 0.0,
      "q75": 0.0,
      "q90": 0.0,
      "iqr": 0.0,
      "concentration": 0.0,
      "mean_shift_sigma": 1.3890472629827852,
      "validation": {
        "status": "valid",
        "n_test": 36,
        "ks_stat": 0.9443631039531479,
        "ks_p": 1.7177443912994444e-42,
        "test_mean": 0.0,
        "test_median": 0.0,
        "train_test_mean_diff": 0.0
      }
    }
  ],
  "task_id": "ssq_P2_D7",
  "lottery": "shuangseqiu",
  "elapsed_seconds": 0.3
}