{
  "status": "completed",
  "position": 4,
  "dimensions": [
    "D2",
    "D3"
  ],
  "n_patterns_found": 5,
  "n_validated": 4,
  "n_insufficient": 0,
  "validation_rate": 0.8,
  "uncond_mean": 5.396871945259042,
  "uncond_std": 4.072758364334535,
  "uncond_iqr": 6.0,
  "patterns": [
    {
      "dimension": "D2_n1_x_D3",
      "condition": "((np.int64(9),), np.int64(1))",
      "support": 27,
      "ks_stat": 0.6181709568806343,
      "ks_p": 2.510287811774644e-10,
      "js_divergence": 0.3377265885414533,
      "mean": 13.037037037037036,
      "median": 14.0,
      "std": 5.007264955238697,
      "q10": 6.0,
      "q25": 10.0,
      "q50": 14.0,
      "q75": 16.5,
      "q90": 19.400000000000002,
      "iqr": 6.5,
      "concentration": 1.0833333333333333,
      "mean_shift_sigma": 1.875919072116706,
      "validation": {
        "status": "valid",
        "n_test": 24,
        "ks_stat": 0.5272693997071742,
        "ks_p": 1.2476431051688314e-06,
        "test_mean": 11.25,
        "test_median": 10.0,
        "train_test_mean_diff": 1.7870370370370363
      }
    },
    {
      "dimension": "D2_n1_x_D3",
      "condition": "((np.int64(4),), np.int64(3))",
      "support": 110,
      "ks_stat": 0.17360703812316716,
      "ks_p": 0.003198752249706752,
      "js_divergence": 0.03937868609582895,
      "mean": 3.8363636363636364,
      "median": 3.5,
      "std": 2.8715762941672196,
      "q10": 1.0,
      "q25": 2.0,
      "q50": 3.5,
      "q75": 6.0,
      "q90": 8.0,
      "iqr": 4.0,
      "concentration": 0.6666666666666666,
      "mean_shift_sigma": 0.38315759721001347,
      "validation": {
        "status": "valid",
        "n_test": 71,
        "ks_stat": 0.22097003691254408,
        "ks_p": 0.00224023089225732,
        "test_mean": 3.7183098591549295,
        "test_median": 3.0,
        "train_test_mean_diff": 0.11805377720870691
      }
    },
    {
      "dimension": "D2_n1_x_D3",
      "condition": "((np.int64(3),), np.int64(3))",
      "support": 105,
      "ks_stat": 0.1953218824186566,
      "ks_p": 0.0008167970148292215,
      "js_divergence": 0.03735394241992593,
      "mean": 3.876190476190476,
      "median": 4.0,
      "std": 2.502171392611732,
      "q10": 1.0,
      "q25": 2.0,
      "q50": 4.0,
      "q75": 5.0,
      "q90": 7.0,
      "iqr": 3.0,
      "concentration": 0.5,
      "mean_shift_sigma": 0.3733787602980065,
      "validation": {
        "status": "valid",
        "n_test": 81,
        "ks_stat": 0.2219420494188674,
        "ks_p": 0.0008628886315023572,
        "test_mean": 4.0246913580246915,
        "test_median": 4.0,
        "train_test_mean_diff": 0.14850088183421528
      }
    },
    {
      "dimension": "D2_n1_x_D3",
      "condition": "((np.int64(6),), np.int64(3))",
      "support": 77,
      "ks_stat": 0.2073732718894009,
      "ks_p": 0.0028164143314610398,
      "js_divergence": 0.03311445047748228,
      "mean": 3.675324675324675,
      "median": 3.0,
      "std": 2.5453882843217763,
      "q10": 1.0,
      "q25": 2.0,
      "q50": 3.0,
      "q75": 5.0,
      "q90": 8.0,
      "iqr": 3.0,
      "concentration": 0.5,
      "mean_shift_sigma": 0.42269811168030275,
      "validation": {
        "status": "invalid",
        "n_test": 44,
        "ks_stat": 0.14641288433382138,
        "ks_p": 0.29008297865474186,
        "test_mean": 4.7272727272727275,
        "test_median": 4.5,
        "train_test_mean_diff": 1.0519480519480524
      }
    },
    {
      "dimension": "D2_n1_x_D3",
      "condition": "((np.int64(1),), np.int64(3))",
      "support": 114,
      "ks_stat": 0.1670010804136441,
      "ks_p": 0.004210097622217923,
      "js_divergence": 0.02589974146488041,
      "mean": 4.0,
      "median": 4.0,
      "std": 2.6852423197524415,
      "q10": 1.0,
      "q25": 2.0,
      "q50": 4.0,
      "q75": 6.0,
      "q90": 8.0,
      "iqr": 4.0,
      "concentration": 0.6666666666666666,
      "mean_shift_sigma": 0.34297933250633256,
      "validation": {
        "status": "valid",
        "n_test": 77,
        "ks_stat": 0.16591241847464394,
        "ks_p": 0.03182454499836113,
        "test_mean": 4.311688311688312,
        "test_median": 4.0,
        "train_test_mean_diff": 0.3116883116883118
      }
    }
  ],
  "task_id": "ssq_P4_D2_x_D3",
  "lottery": "shuangseqiu",
  "elapsed_seconds": 0.3
}