{
  "status": "completed",
  "position": 0,
  "dimensions": [
    "D1",
    "D4"
  ],
  "n_patterns_found": 13,
  "n_validated": 5,
  "n_insufficient": 0,
  "validation_rate": 0.38461538461538464,
  "uncond_mean": 3.8470185728250246,
  "uncond_std": 3.349991378382439,
  "uncond_iqr": 5.0,
  "patterns": [
    {
      "dimension": "D1_n4_x_D4",
      "condition": "((1, -1, 1, 1), (1, np.int64(4)))",
      "support": 27,
      "ks_stat": 0.5284566091017704,
      "ks_p": 1.8401560937007447e-07,
      "js_divergence": 0.2361808682783445,
      "mean": 8.37037037037037,
      "median": 9.0,
      "std": 4.3559082749597495,
      "q10": 1.6,
      "q25": 4.5,
      "q50": 9.0,
      "q75": 12.0,
      "q90": 13.0,
      "iqr": 7.5,
      "concentration": 1.5,
      "mean_shift_sigma": 1.3502577429705116,
      "validation": {
        "status": "valid",
        "n_test": 19,
        "ks_stat": 0.5303999383524698,
        "ks_p": 1.9129332418508656e-05,
        "test_mean": 8.842105263157896,
        "test_median": 8.0,
        "train_test_mean_diff": 0.47173489278752534
      }
    },
    {
      "dimension": "D1_n3_x_D4",
      "condition": "((-1, 1, 1), (1, np.int64(4)))",
      "support": 43,
      "ks_stat": 0.4774489076814658,
      "ks_p": 2.4541458207829466e-09,
      "js_divergence": 0.1567377535468248,
      "mean": 8.511627906976743,
      "median": 9.0,
      "std": 4.20615326122285,
      "q10": 3.0,
      "q25": 5.0,
      "q50": 9.0,
      "q75": 12.0,
      "q90": 13.0,
      "iqr": 7.0,
      "concentration": 1.4,
      "mean_shift_sigma": 1.39242428032876,
      "validation": {
        "status": "valid",
        "n_test": 31,
        "ks_stat": 0.4806829452604732,
        "ks_p": 5.886681189342386e-07,
        "test_mean": 8.516129032258064,
        "test_median": 8.0,
        "train_test_mean_diff": 0.004501125281320739
      }
    },
    {
      "dimension": "D1_n4_x_D4",
      "condition": "((1, 1, -1, 1), (1, np.int64(1)))",
      "support": 27,
      "ks_stat": 0.346692733789508,
      "ks_p": 0.002295438450765549,
      "js_divergence": 0.14861346341049705,
      "mean": 2.4074074074074074,
      "median": 2.0,
      "std": 2.72518105765143,
      "q10": 0.6000000000000001,
      "q25": 1.0,
      "q50": 2.0,
      "q75": 2.0,
      "q90": 6.0,
      "iqr": 1.0,
      "concentration": 0.2,
      "mean_shift_sigma": 0.42973578221945785,
      "validation": {
        "status": "invalid",
        "n_test": 15,
        "ks_stat": 0.22898975109809663,
        "ks_p": 0.3613402647330606,
        "test_mean": 3.7333333333333334,
        "test_median": 2.0,
        "train_test_mean_diff": 1.325925925925926
      }
    },
    {
      "dimension": "D1_n3_x_D4",
      "condition": "((-1, -1, 1), (1, np.int64(4)))",
      "support": 36,
      "ks_stat": 0.3998044965786901,
      "ks_p": 1.2986194114537162e-05,
      "js_divergence": 0.1427906933472764,
      "mean": 5.5,
      "median": 5.0,
      "std": 2.91070819942883,
      "q10": 1.5,
      "q25": 4.0,
      "q50": 5.0,
      "q75": 7.0,
      "q90": 8.0,
      "iqr": 3.0,
      "concentration": 0.6,
      "mean_shift_sigma": 0.49342856159024695,
      "validation": {
        "status": "valid",
        "n_test": 37,
        "ks_stat": 0.3228799810058961,
        "ks_p": 0.0007659639903548226,
        "test_mean": 5.702702702702703,
        "test_median": 6.0,
        "train_test_mean_diff": 0.20270270270270263
      }
    },
    {
      "dimension": "D1_n4_x_D4",
      "condition": "((1, -1, -1, 1), (1, np.int64(4)))",
      "support": 27,
      "ks_stat": 0.3689040947105463,
      "ks_p": 0.0009251986853322198,
      "js_divergence": 0.1405022018285867,
      "mean": 5.518518518518518,
      "median": 6.0,
      "std": 3.2015085607369347,
      "q10": 0.6000000000000001,
      "q25": 4.0,
      "q50": 6.0,
      "q75": 7.5,
      "q90": 8.0,
      "iqr": 3.5,
      "concentration": 0.7,
      "mean_shift_sigma": 0.49895649179270013,
      "validation": {
        "status": "invalid",
        "n_test": 25,
        "ks_stat": 0.23423133235724744,
        "ks_p": 0.11427095245867556,
        "test_mean": 5.0,
        "test_median": 5.0,
        "train_test_mean_diff": 0.5185185185185182
      }
    },
    {
      "dimension": "D1_n2_x_D4",
      "condition": "((1, 1), (1, np.int64(4)))",
      "support": 68,
      "ks_stat": 0.4345782301190271,
      "ks_p": 8.333829290770725e-12,
      "js_divergence": 0.13142209825532727,
      "mean": 8.176470588235293,
      "median": 8.5,
      "std": 4.273520302812041,
      "q10": 2.7,
      "q25": 5.0,
      "q50": 8.5,
      "q75": 11.25,
      "q90": 13.0,
      "iqr": 6.25,
      "concentration": 1.25,
      "mean_shift_sigma": 1.2923770620271768,
      "validation": {
        "status": "valid",
        "n_test": 45,
        "ks_stat": 0.49645355457946966,
        "ks_p": 2.005412550372127e-10,
        "test_mean": 8.466666666666667,
        "test_median": 8.0,
        "train_test_mean_diff": 0.2901960784313733
      }
    },
    {
      "dimension": "D1_n3_x_D4",
      "condition": "((-1, 1, 1), (1, np.int64(2)))",
      "support": 49,
      "ks_stat": 0.2474115746005147,
      "ks_p": 0.004562370997595444,
      "js_divergence": 0.08629115731065128,
      "mean": 4.938775510204081,
      "median": 5.0,
      "std": 2.9305440274022683,
      "q10": 2.0,
      "q25": 3.0,
      "q50": 5.0,
      "q75": 6.0,
      "q90": 9.0,
      "iqr": 3.0,
      "concentration": 0.6,
      "mean_shift_sigma": 0.3258984319852839,
      "validation": {
        "status": "valid",
        "n_test": 37,
        "ks_stat": 0.24278817617031379,
        "ks_p": 0.023496727863425142,
        "test_mean": 4.135135135135135,
        "test_median": 3.0,
        "train_test_mean_diff": 0.8036403750689463
      }
    },
    {
      "dimension": "D1_n3_x_D4",
      "condition": "((1, -1, 1), (1, np.int64(1)))",
      "support": 87,
      "ks_stat": 0.22408736980483365,
      "ks_p": 0.0003656811331744398,
      "js_divergence": 0.053713346484730154,
      "mean": 2.839080459770115,
      "median": 2.0,
      "std": 3.009080369762022,
      "q10": 0.0,
      "q25": 1.0,
      "q50": 2.0,
      "q75": 4.0,
      "q90": 7.0,
      "iqr": 3.0,
      "concentration": 0.6,
      "mean_shift_sigma": 0.3008778230174425,
      "validation": {
        "status": "invalid",
        "n_test": 41,
        "ks_stat": 0.15075170517444558,
        "ks_p": 0.2948405100312632,
        "test_mean": 3.658536585365854,
        "test_median": 2.0,
        "train_test_mean_diff": 0.8194561255957389
      }
    },
    {
      "dimension": "D1_n2_x_D4",
      "condition": "((1, 1), (1, np.int64(2)))",
      "support": 83,
      "ks_stat": 0.19882462400923342,
      "ks_p": 0.0030615097024642027,
      "js_divergence": 0.05124316068520291,
      "mean": 4.626506024096385,
      "median": 4.0,
      "std": 2.7928947860791835,
      "q10": 2.0,
      "q25": 3.0,
      "q50": 4.0,
      "q75": 6.0,
      "q90": 8.0,
      "iqr": 3.0,
      "concentration": 0.6,
      "mean_shift_sigma": 0.23268342011308113,
      "validation": {
        "status": "invalid",
        "n_test": 54,
        "ks_stat": 0.15053413589284745,
        "ks_p": 0.1708246600879229,
        "test_mean": 3.814814814814815,
        "test_median": 3.0,
        "train_test_mean_diff": 0.8116912092815705
      }
    },
    {
      "dimension": "D1_n2_x_D4",
      "condition": "((-1, 1), (1, np.int64(1)))",
      "support": 128,
      "ks_stat": 0.2251649560117302,
      "ks_p": 7.575018191451689e-06,
      "js_divergence": 0.04486566389185954,
      "mean": 2.9140625,
      "median": 2.0,
      "std": 3.1746735652809646,
      "q10": 0.0,
      "q25": 1.0,
      "q50": 2.0,
      "q75": 4.0,
      "q90": 7.0,
      "iqr": 3.0,
      "concentration": 0.6,
      "mean_shift_sigma": 0.2784950668367115,
      "validation": {
        "status": "invalid",
        "n_test": 79,
        "ks_stat": 0.1359323164742295,