{
  "status": "completed",
  "position": 4,
  "dimensions": [
    "D5",
    "D7"
  ],
  "n_patterns_found": 3,
  "n_validated": 2,
  "n_insufficient": 0,
  "validation_rate": 0.6666666666666666,
  "uncond_mean": 5.396871945259042,
  "uncond_std": 4.072758364334535,
  "uncond_iqr": 6.0,
  "patterns": [
    {
      "dimension": "D5_x_D7",
      "condition": "((1, 0), (1, -1))",
      "support": 48,
      "ks_stat": 0.2673509286412512,
      "ks_p": 0.0018913122237587984,
      "js_divergence": 0.08601259696218544,
      "mean": 3.3125,
      "median": 3.0,
      "std": 2.5013017444256236,
      "q10": 1.0,
      "q25": 1.75,
      "q50": 3.0,
      "q75": 4.25,
      "q90": 6.0,
      "iqr": 2.5,
      "concentration": 0.4166666666666667,
      "mean_shift_sigma": 0.5117838474072144,
      "validation": {
        "status": "valid",
        "n_test": 38,
        "ks_stat": 0.25017338367881636,
        "ks_p": 0.015854157411528638,
        "test_mean": 3.473684210526316,
        "test_median": 3.0,
        "train_test_mean_diff": 0.16118421052631593
      }
    },
    {
      "dimension": "D5_x_D7",
      "condition": "((1, 0), (-1, 1))",
      "support": 48,
      "ks_stat": 0.2945992179863148,
      "ks_p": 0.000421508491098963,
      "js_divergence": 0.08066469120212998,
      "mean": 3.625,
      "median": 3.0,
      "std": 3.133322251753454,
      "q10": 1.0,
      "q25": 1.0,
      "q50": 3.0,
      "q75": 4.0,
      "q90": 8.0,
      "iqr": 3.0,
      "concentration": 0.5,
      "mean_shift_sigma": 0.43505452245226806,
      "validation": {
        "status": "invalid",
        "n_test": 28,
        "ks_stat": 0.19760510353482535,
        "ks_p": 0.20468182532612544,
        "test_mean": 4.357142857142857,
        "test_median": 3.0,
        "train_test_mean_diff": 0.7321428571428568
      }
    },
    {
      "dimension": "D5_x_D7",
      "condition": "((1, 1), (-1, 1))",
      "support": 53,
      "ks_stat": 0.2421936959368487,
      "ks_p": 0.003745518113287704,
      "js_divergence": 0.05953007597595898,
      "mean": 3.6226415094339623,
      "median": 3.0,
      "std": 2.556725611522791,
      "q10": 1.0,
      "q25": 2.0,
      "q50": 3.0,
      "q75": 5.0,
      "q90": 7.0,
      "iqr": 3.0,
      "concentration": 0.5,
      "mean_shift_sigma": 0.43563361169721104,
      "validation": {
        "status": "valid",
        "n_test": 39,
        "ks_stat": 0.2656267597702444,
        "ks_p": 0.00743775876742387,
        "test_mean": 3.3333333333333335,
        "test_median": 3.0,
        "train_test_mean_diff": 0.28930817610062887
      }
    }
  ],
  "task_id": "ssq_P4_D5_x_D7",
  "lottery": "shuangseqiu",
  "elapsed_seconds": 0.3
}