{
  "status": "completed",
  "position": 1,
  "dimensions": [
    "D5",
    "D3"
  ],
  "n_patterns_found": 3,
  "n_validated": 3,
  "n_insufficient": 0,
  "validation_rate": 1.0,
  "uncond_mean": 5.3132942326490715,
  "uncond_std": 4.001110451731618,
  "uncond_iqr": 6.0,
  "patterns": [
    {
      "dimension": "D5_x_D3",
      "condition": "((1, 0), np.int64(3))",
      "support": 20,
      "ks_stat": 0.5432551319648093,
      "ks_p": 5.306066036152121e-06,
      "js_divergence": 0.2099225743056201,
      "mean": 11.3,
      "median": 11.5,
      "std": 4.594562003064057,
      "q10": 4.9,
      "q25": 8.75,
      "q50": 11.5,
      "q75": 13.5,
      "q90": 17.1,
      "iqr": 4.75,
      "concentration": 0.7916666666666666,
      "mean_shift_sigma": 1.4962610604163593,
      "validation": {
        "status": "valid",
        "n_test": 12,
        "ks_stat": 0.6379941434846267,
        "ks_p": 3.127436068993245e-05,
        "test_mean": 12.666666666666666,
        "test_median": 13.0,
        "train_test_mean_diff": 1.3666666666666654
      }
    },
    {
      "dimension": "D5_x_D3",
      "condition": "((1, 0), np.int64(1))",
      "support": 174,
      "ks_stat": 0.13418950348872485,
      "ks_p": 0.0055644034891087595,
      "js_divergence": 0.03502513863427549,
      "mean": 4.120689655172414,
      "median": 3.0,
      "std": 2.954118027005555,
      "q10": 1.0,
      "q25": 2.0,
      "q50": 3.0,
      "q75": 6.0,
      "q90": 8.0,
      "iqr": 4.0,
      "concentration": 0.6666666666666666,
      "mean_shift_sigma": 0.2980683967273428,
      "validation": {
        "status": "valid",
        "n_test": 114,
        "ks_stat": 0.14723485140376563,
        "ks_p": 0.018558292111455182,
        "test_mean": 4.228070175438597,
        "test_median": 4.0,
        "train_test_mean_diff": 0.10738052026618305
      }
    },
    {
      "dimension": "D5_x_D3",
      "condition": "((1, 1), np.int64(1))",
      "support": 280,
      "ks_stat": 0.12708769724898758,
      "ks_p": 0.0006262734972140993,
      "js_divergence": 0.01878183790650189,
      "mean": 4.192857142857143,
      "median": 4.0,
      "std": 2.9698398912385557,
      "q10": 1.0,
      "q25": 2.0,
      "q50": 4.0,
      "q75": 6.0,
      "q90": 8.0,
      "iqr": 4.0,
      "concentration": 0.6666666666666666,
      "mean_shift_sigma": 0.2800315320730576,
      "validation": {
        "status": "valid",
        "n_test": 207,
        "ks_stat": 0.13047368458279401,
        "ks_p": 0.003946809654087296,
        "test_mean": 4.285024154589372,
        "test_median": 4.0,
        "train_test_mean_diff": 0.0921670117322293
      }
    }
  ],
  "task_id": "ssq_P1_D5_x_D3",
  "lottery": "shuangseqiu",
  "elapsed_seconds": 0.3
}