{
  "status": "completed",
  "position": 4,
  "dimensions": [
    "D1",
    "D3",
    "D7"
  ],
  "n_patterns_found": 16,
  "n_validated": 12,
  "n_insufficient": 0,
  "validation_rate": 0.75,
  "uncond_mean": 5.396871945259042,
  "uncond_std": 4.072758364334535,
  "uncond_iqr": 6.0,
  "patterns": [
    {
      "dimension": "D1_n1_x_D3_x_D7",
      "condition": "((-1,), np.int64(1), (1, 1))",
      "support": 44,
      "ks_stat": 0.5887096774193549,
      "ks_p": 1.043445777206483e-14,
      "js_divergence": 0.2548410632960998,
      "mean": 12.772727272727273,
      "median": 13.0,
      "std": 4.893704844740641,
      "q10": 6.0,
      "q25": 9.75,
      "q50": 13.0,
      "q75": 17.0,
      "q90": 19.0,
      "iqr": 7.25,
      "concentration": 1.2083333333333333,
      "mean_shift_sigma": 1.811022080774341,
      "validation": {
        "status": "valid",
        "n_test": 36,
        "ks_stat": 0.5814625020335122,
        "ks_p": 9.19017605470833e-12,
        "test_mean": 12.333333333333334,
        "test_median": 13.0,
        "train_test_mean_diff": 0.43939393939393945
      }
    },
    {
      "dimension": "D1_n5_x_D3_x_D7",
      "condition": "((-1, 1, -1, 1, -1), np.int64(2), (1, 1))",
      "support": 31,
      "ks_stat": 0.49071358748778104,
      "ks_p": 2.7068271408366593e-07,
      "js_divergence": 0.14913981686381084,
      "mean": 8.774193548387096,
      "median": 8.0,
      "std": 3.055504577087643,
      "q10": 6.0,
      "q25": 7.0,
      "q50": 8.0,
      "q75": 10.0,
      "q90": 12.0,
      "iqr": 3.0,
      "concentration": 0.5,
      "mean_shift_sigma": 0.8292467416440722,
      "validation": {
        "status": "valid",
        "n_test": 25,
        "ks_stat": 0.4089311859443631,
        "ks_p": 0.0003172124428631686,
        "test_mean": 8.96,
        "test_median": 10.0,
        "train_test_mean_diff": 0.18580645161290477
      }
    },
    {
      "dimension": "D1_n2_x_D3_x_D7",
      "condition": "((1, -1), np.int64(2), (1, 1))",
      "support": 132,
      "ks_stat": 0.4132453567937439,
      "ks_p": 1.263830239351452e-19,
      "js_divergence": 0.10715625507323762,
      "mean": 8.416666666666666,
      "median": 8.0,
      "std": 3.4444546268992537,
      "q10": 4.0,
      "q25": 6.0,
      "q50": 8.0,
      "q75": 10.0,
      "q90": 13.0,
      "iqr": 4.0,
      "concentration": 0.6666666666666666,
      "mean_shift_sigma": 0.7414617935235746,
      "validation": {
        "status": "valid",
        "n_test": 106,
        "ks_stat": 0.3163761429873753,
        "ks_p": 3.044399091459217e-09,
        "test_mean": 8.462264150943396,
        "test_median": 9.0,
        "train_test_mean_diff": 0.045597484276729716
      }
    },
    {
      "dimension": "D1_n4_x_D3_x_D7",
      "condition": "((-1, -1, 1, -1), np.int64(2), (1, 1))",
      "support": 34,
      "ks_stat": 0.411017192800874,
      "ks_p": 1.2705722498120242e-05,
      "js_divergence": 0.09123118204098954,
      "mean": 8.764705882352942,
      "median": 8.5,
      "std": 3.489975758633253,
      "q10": 4.300000000000001,
      "q25": 6.25,
      "q50": 8.5,
      "q75": 11.0,
      "q90": 12.7,
      "iqr": 4.75,
      "concentration": 0.7916666666666666,
      "mean_shift_sigma": 0.8269171985714366,
      "validation": {
        "status": "valid",
        "n_test": 26,
        "ks_stat": 0.30493298794909335,
        "ks_p": 0.013297647124184825,
        "test_mean": 8.23076923076923,
        "test_median": 9.0,
        "train_test_mean_diff": 0.5339366515837121
      }
    },
    {
      "dimension": "D1_n1_x_D3_x_D7",
      "condition": "((1,), np.int64(2), (1, 1))",
      "support": 34,
      "ks_stat": 0.28166867920188604,
      "ks_p": 0.007694533566909695,
      "js_divergence": 0.06867958573674007,
      "mean": 7.088235294117647,
      "median": 7.0,
      "std": 3.3287309634438196,
      "q10": 3.3000000000000003,
      "q25": 4.25,
      "q50": 7.0,
      "q75": 9.0,
      "q90": 10.7,
      "iqr": 4.75,
      "concentration": 0.7916666666666666,
      "mean_shift_sigma": 0.4152869376366658,
      "validation": {
        "status": "valid",
        "n_test": 22,
        "ks_stat": 0.2991481432184214,
        "ks_p": 0.0325006825085253,
        "test_mean": 8.409090909090908,
        "test_median": 8.0,
        "train_test_mean_diff": 1.3208556149732615
      }
    },
    {
      "dimension": "D1_n1_x_D3_x_D7",
      "condition": "((1,), np.int64(3), (-1, 1))",
      "support": 37,
      "ks_stat": 0.2831893477054767,
      "ks_p": 0.0045123068238248345,
      "js_divergence": 0.060246961099574434,
      "mean": 2.945945945945946,
      "median": 2.0,
      "std": 2.1174429498163128,
      "q10": 1.0,
      "q25": 1.0,
      "q50": 2.0,
      "q75": 4.0,
      "q90": 6.0,
      "iqr": 3.0,
      "concentration": 0.5,
      "mean_shift_sigma": 0.601785271813827,
      "validation": {
        "status": "valid",
        "n_test": 33,
        "ks_stat": 0.24630640223612404,
        "ks_p": 0.03300670386857869,
        "test_mean": 3.242424242424242,
        "test_median": 3.0,
        "train_test_mean_diff": 0.29647829647829615
      }
    },
    {
      "dimension": "D1_n2_x_D3_x_D7",
      "condition": "((-1, 1), np.int64(3), (-1, 1))",
      "support": 32,
      "ks_stat": 0.2881842619745846,
      "ks_p": 0.008232106525066145,
      "js_divergence": 0.059692517978226604,
      "mean": 3.0,
      "median": 2.0,
      "std": 2.179449471770337,
      "q10": 1.0,
      "q25": 1.0,
      "q50": 2.0,
      "q75": 4.25,
      "q90": 6.0,
      "iqr": 3.25,
      "concentration": 0.5416666666666666,
      "mean_shift_sigma": 0.5885131723621606,
      "validation": {
        "status": "invalid",
        "n_test": 28,
        "ks_stat": 0.23331938924911105,
        "ks_p": 0.08494535359921304,
        "test_mean": 3.4285714285714284,
        "test_median": 3.0,
        "train_test_mean_diff": 0.4285714285714284
      }
    },
    {
      "dimension": "D1_n3_x_D3_x_D7",
      "condition": "((1, -1, 1), np.int64(3), (1, 1))",
      "support": 52,
      "ks_stat": 0.2618053989021731,
      "ks_p": 0.001480672060102383,
      "js_divergence": 0.05071153420448505,
      "mean": 3.980769230769231,
      "median": 4.0,
      "std": 2.1166953980873164,
      "q10": 1.0,
      "q25": 2.0,
      "q50": 4.0,
      "q75": 6.0,
      "q90": 6.0,
      "iqr": 4.0,
      "concentration": 0.6666666666666666,
      "mean_shift_sigma": 0.3477011371189446,
      "validation": {
        "status": "invalid",
        "n_test": 32,
        "ks_stat": 0.14641288433382138,
        "ks_p": 0.46925134397917123,
        "test_mean": 4.75,
        "test_median": 5.0,
        "train_test_mean_diff": 0.7692307692307692
      }
    },
    {
      "dimension": "D1_n1_x_D3_x_D7",
      "condition": "((1,), np.int64(4), (1, -1))",
      "support": 81,
      "ks_stat": 0.20263567575395533,
      "ks_p": 0.0027803706219124897,
      "js_divergence": 0.04607468967600027,
      "mean": 3.962962962962963,
      "median": 3.0,
      "std": 2.8260011639904135,
      "q10": 1.0,
      "q25": 2.0,
      "q50": 3.0,
      "q75": 5.0,
      "q90": 8.0,
      "iqr": 3.0,
      "concentration": 0.5,
      "mean_shift_sigma": 0.3520731784269188,
      "validation": {
        "status": "invalid",
        "n_test": 59,
        "ks_stat": 0.16128992232672407,
        "ks_p": 0.09383085135564707,
        "test_mean": 4.52542372881356,
        "test_median": 4.0,
        "train_test_mean_diff": 0.5624607658505969
      }
    },
    {
      "dimension": "D1_n1_x_D3_x_D7",
      "condition": "((1,), np.int64(4), (1, 1))",
      "support": 59,
      "ks_stat": 0.4650910416356015,
      "ks_p": 7.173516182305016e-12,
      "js_divergence": 0.03601898038027966,
      "mean": 2.1864406779661016,
      "median": 2.0,
      "std": 1.2139664121674565,
      "q10": 1.0,
      "q25": 1.0,
      "q50": 2.0,
      "q75": 3.0,
      "q90": 4.0,
      "iqr": 2.0,
      "concentration": 0.3333333333333333,