{
  "status": "completed",
  "position": 5,
  "dimensions": [
    "D1",
    "D3",
    "D7"
  ],
  "n_patterns_found": 20,
  "n_validated": 18,
  "n_insufficient": 0,
  "validation_rate": 0.9,
  "uncond_mean": 3.972629521016618,
  "uncond_std": 3.4006257871847283,
  "uncond_iqr": 5.0,
  "patterns": [
    {
      "dimension": "D1_n1_x_D3_x_D7",
      "condition": "((-1,), np.int64(2), (1, 1))",
      "support": 62,
      "ks_stat": 0.70772238514174,
      "ks_p": 1.1222702046711581e-30,
      "js_divergence": 0.29600551292504473,
      "mean": 10.983870967741936,
      "median": 11.0,
      "std": 3.4570728597390343,
      "q10": 5.0,
      "q25": 10.0,
      "q50": 11.0,
      "q75": 13.0,
      "q90": 15.0,
      "iqr": 3.0,
      "concentration": 0.6,
      "mean_shift_sigma": 2.0617503616973116,
      "validation": {
        "status": "valid",
        "n_test": 50,
        "ks_stat": 0.7038360175695462,
        "ks_p": 2.21921927857619e-24,
        "test_mean": 11.5,
        "test_median": 12.0,
        "train_test_mean_diff": 0.5161290322580641
      }
    },
    {
      "dimension": "D1_n3_x_D3_x_D7",
      "condition": "((1, -1, 1), np.int64(4), (-1, 1))",
      "support": 34,
      "ks_stat": 0.33934218848829856,
      "ks_p": 0.000612444496982996,
      "js_divergence": 0.08684712409854178,
      "mean": 1.911764705882353,
      "median": 1.0,
      "std": 1.2454067858670663,
      "q10": 1.0,
      "q25": 1.0,
      "q50": 1.0,
      "q75": 3.0,
      "q90": 3.6999999999999993,
      "iqr": 2.0,
      "concentration": 0.4,
      "mean_shift_sigma": 0.6060251683383222,
      "validation": {
        "status": "valid",
        "n_test": 12,
        "ks_stat": 0.404953635919961,
        "ks_p": 0.028307997826638537,
        "test_mean": 1.8333333333333333,
        "test_median": 1.0,
        "train_test_mean_diff": 0.07843137254901977
      }
    },
    {
      "dimension": "D1_n1_x_D3_x_D7",
      "condition": "((-1,), np.int64(4), (1, -1))",
      "support": 40,
      "ks_stat": 0.29310850439882696,
      "ks_p": 0.0017577008950514148,
      "js_divergence": 0.06525696299981412,
      "mean": 2.35,
      "median": 2.0,
      "std": 1.4585952145814822,
      "q10": 1.0,
      "q25": 1.0,
      "q50": 2.0,
      "q75": 3.0,
      "q90": 4.0,
      "iqr": 2.0,
      "concentration": 0.4,
      "mean_shift_sigma": 0.4771561537677869,
      "validation": {
        "status": "valid",
        "n_test": 36,
        "ks_stat": 0.331706523507402,
        "ks_p": 0.0006109678255155571,
        "test_mean": 2.5833333333333335,
        "test_median": 2.5,
        "train_test_mean_diff": 0.2333333333333334
      }
    },
    {
      "dimension": "D1_n4_x_D3_x_D7",
      "condition": "((1, -1, -1, 1), np.int64(4), (1, 1))",
      "support": 30,
      "ks_stat": 0.3903225806451613,
      "ks_p": 0.00014449620843421507,
      "js_divergence": 0.062300725720059486,
      "mean": 1.8666666666666667,
      "median": 2.0,
      "std": 0.9910712498212337,
      "q10": 1.0,
      "q25": 1.0,
      "q50": 2.0,
      "q75": 2.0,
      "q90": 3.0,
      "iqr": 1.0,
      "concentration": 0.2,
      "mean_shift_sigma": 0.6192868566386459,
      "validation": {
        "status": "invalid",
        "n_test": 20,
        "ks_stat": 0.23718887262079064,
        "ks_p": 0.18467570758107332,
        "test_mean": 2.75,
        "test_median": 2.0,
        "train_test_mean_diff": 0.8833333333333333
      }
    },
    {
      "dimension": "D1_n1_x_D3_x_D7",
      "condition": "((1,), np.int64(4), (-1, 1))",
      "support": 63,
      "ks_stat": 0.33000512032770096,
      "ks_p": 1.981960564508569e-06,
      "js_divergence": 0.058926885738658154,
      "mean": 1.9682539682539681,
      "median": 2.0,
      "std": 1.181447242281168,
      "q10": 1.0,
      "q25": 1.0,
      "q50": 2.0,
      "q75": 3.0,
      "q90": 4.0,
      "iqr": 2.0,
      "concentration": 0.4,
      "mean_shift_sigma": 0.5894137368234242,
      "validation": {
        "status": "valid",
        "n_test": 33,
        "ks_stat": 0.3889036780691246,
        "ks_p": 6.759481157081628e-05,
        "test_mean": 1.7575757575757576,
        "test_median": 1.0,
        "train_test_mean_diff": 0.21067821067821058
      }
    },
    {
      "dimension": "D1_n2_x_D3_x_D7",
      "condition": "((-1, 1), np.int64(4), (-1, 1))",
      "support": 53,
      "ks_stat": 0.32491377561371476,
      "ks_p": 2.348766025715133e-05,
      "js_divergence": 0.054152179542203166,
      "mean": 2.0,
      "median": 2.0,
      "std": 1.2131356532587554,
      "q10": 1.0,
      "q25": 1.0,
      "q50": 2.0,
      "q75": 3.0,
      "q90": 4.0,
      "iqr": 2.0,
      "concentration": 0.4,
      "mean_shift_sigma": 0.5800783868811675,
      "validation": {
        "status": "valid",
        "n_test": 25,
        "ks_stat": 0.3713323572474378,
        "ks_p": 0.001515704096155884,
        "test_mean": 1.76,
        "test_median": 1.0,
        "train_test_mean_diff": 0.24
      }
    },
    {
      "dimension": "D1_n3_x_D3_x_D7",
      "condition": "((-1, -1, 1), np.int64(4), (1, 1))",
      "support": 38,
      "ks_stat": 0.31504347378710706,
      "ks_p": 0.0008641625860765335,
      "js_divergence": 0.04813883162200774,
      "mean": 2.1578947368421053,
      "median": 2.0,
      "std": 1.2253101817708227,
      "q10": 1.0,
      "q25": 1.0,
      "q50": 2.0,
      "q75": 2.75,
      "q90": 4.0,
      "iqr": 1.75,
      "concentration": 0.35,
      "mean_shift_sigma": 0.5336473042736274,
      "validation": {
        "status": "invalid",
        "n_test": 23,
        "ks_stat": 0.23718887262079064,
        "ks_p": 0.1325544230243424,
        "test_mean": 2.739130434782609,
        "test_median": 2.0,
        "train_test_mean_diff": 0.5812356979405036
      }
    },
    {
      "dimension": "D1_n2_x_D3_x_D7",
      "condition": "((0, -1), np.int64(3), (1, 1))",
      "support": 37,
      "ks_stat": 0.4406752793849568,
      "ks_p": 6.113330782667484e-07,
      "js_divergence": 0.04810925744509072,
      "mean": 6.648648648648648,
      "median": 6.0,
      "std": 2.517143557162173,
      "q10": 3.0,
      "q25": 5.0,
      "q50": 6.0,
      "q75": 8.0,
      "q90": 10.0,
      "iqr": 3.0,
      "concentration": 0.6,
      "mean_shift_sigma": 0.786919612771455,
      "validation": {
        "status": "valid",
        "n_test": 19,
        "ks_stat": 0.48420282037450874,
        "ks_p": 0.00014480773392142393,
        "test_mean": 7.052631578947368,
        "test_median": 7.0,
        "train_test_mean_diff": 0.4039829302987199
      }
    },
    {
      "dimension": "D1_n3_x_D3_x_D7",
      "condition": "((1, -1, 1), np.int64(4), (1, 1))",
      "support": 44,
      "ks_stat": 0.3206256109481916,
      "ks_p": 0.00019525999391201764,
      "js_divergence": 0.04243287037875233,
      "mean": 2.409090909090909,
      "median": 2.0,
      "std": 1.2670327149787592,
      "q10": 1.0,
      "q25": 1.0,
      "q50": 2.0,
      "q75": 3.0,
      "q90": 4.0,
      "iqr": 2.0,
      "concentration": 0.4,
      "mean_shift_sigma": 0.45977967285254084,
      "validation": {
        "status": "valid",
        "n_test": 41,
        "ks_stat": 0.3052708638360176,
        "ks_p": 0.0008636462948821542,
        "test_mean": 2.317073170731707,
        "test_median": 2.0,
        "train_test_mean_diff": 0.09201773835920202
      }
    },
    {
      "dimension": "D1_n1_x_D3_x_D7",
      "condition": "((1,), np.int64(4), (1, 1))",
      "support": 123,
      "ks_stat": 0.2781274586939418,
      "ks_p": 2.0072631776249036e-08,
      "js_divergence": 0.026729927624969785,
      "mean": 2.292682926829268,
      "median": 2.0,
      "std": 1.2924528097065142,
      "q10": 1.0,
      "q25": 1.0,
      "q50": 2.0,
      "q75": 3.0,
      "q90": 4.0,
      "iqr": 2.0,
      "concentration": 0.4,
      "mean_shift_sigma": 0.4940110142428006,
      "validation": {
        "status": "valid",
        "n_test": 93,
        "ks_stat": 0.30124057368661344,