{
  "status": "completed",
  "position": 2,
  "dimensions": [
    "D1",
    "D3",
    "D7"
  ],
  "n_patterns_found": 15,
  "n_validated": 10,
  "n_insufficient": 0,
  "validation_rate": 0.6666666666666666,
  "uncond_mean": 6.009286412512219,
  "uncond_std": 4.326192904054333,
  "uncond_iqr": 6.0,
  "patterns": [
    {
      "dimension": "D1_n3_x_D3_x_D7",
      "condition": "((-1, 1, -1), 0, (1, 1))",
      "support": 45,
      "ks_stat": 0.47253176930596286,
      "ks_p": 1.5515063024656736e-09,
      "js_divergence": 0.15975491152507965,
      "mean": 10.266666666666667,
      "median": 10.0,
      "std": 4.332820482472512,
      "q10": 5.4,
      "q25": 8.0,
      "q50": 10.0,
      "q75": 12.0,
      "q90": 16.0,
      "iqr": 4.0,
      "concentration": 0.6666666666666666,
      "mean_shift_sigma": 0.9840939478599309,
      "validation": {
        "status": "valid",
        "n_test": 37,
        "ks_stat": 0.2882355268885283,
        "ks_p": 0.0038223773574758923,
        "test_mean": 8.756756756756756,
        "test_median": 8.0,
        "train_test_mean_diff": 1.5099099099099114
      }
    },
    {
      "dimension": "D1_n2_x_D3_x_D7",
      "condition": "((1, -1), 0, (1, 1))",
      "support": 73,
      "ks_stat": 0.42595642684020946,
      "ks_p": 4.1933511337952866e-12,
      "js_divergence": 0.13902832413419128,
      "mean": 10.232876712328768,
      "median": 10.0,
      "std": 4.5103246790921325,
      "q10": 5.0,
      "q25": 8.0,
      "q50": 10.0,
      "q75": 12.0,
      "q90": 16.799999999999997,
      "iqr": 4.0,
      "concentration": 0.6666666666666666,
      "mean_shift_sigma": 0.9762833959295643,
      "validation": {
        "status": "valid",
        "n_test": 60,
        "ks_stat": 0.2648121034651049,
        "ks_p": 0.0004778647781829469,
        "test_mean": 8.65,
        "test_median": 8.0,
        "train_test_mean_diff": 1.5828767123287673
      }
    },
    {
      "dimension": "D1_n4_x_D3_x_D7",
      "condition": "((1, -1, 1, 1), np.int64(3), (-1, -1))",
      "support": 30,
      "ks_stat": 0.3688172043010753,
      "ks_p": 0.00040965214742914733,
      "js_divergence": 0.13437884481735896,
      "mean": 8.966666666666667,
      "median": 9.0,
      "std": 3.825208781520588,
      "q10": 4.0,
      "q25": 7.0,
      "q50": 9.0,
      "q75": 11.0,
      "q90": 13.100000000000001,
      "iqr": 4.0,
      "concentration": 0.6666666666666666,
      "mean_shift_sigma": 0.6835987945389375,
      "validation": {
        "status": "valid",
        "n_test": 25,
        "ks_stat": 0.4549926793557833,
        "ks_p": 3.674859857094008e-05,
        "test_mean": 10.52,
        "test_median": 10.0,
        "train_test_mean_diff": 1.5533333333333328
      }
    },
    {
      "dimension": "D1_n1_x_D3_x_D7",
      "condition": "((1,), np.int64(2), (-1, 1))",
      "support": 59,
      "ks_stat": 0.2766207730669185,
      "ks_p": 0.00022672315240729448,
      "js_divergence": 0.09546990245455944,
      "mean": 3.6440677966101696,
      "median": 3.0,
      "std": 2.5495942639286464,
      "q10": 1.0,
      "q25": 1.0,
      "q50": 3.0,
      "q75": 5.0,
      "q90": 7.0,
      "iqr": 4.0,
      "concentration": 0.6666666666666666,
      "mean_shift_sigma": 0.5467205620178107,
      "validation": {
        "status": "valid",
        "n_test": 34,
        "ks_stat": 0.3203427783997933,
        "ks_p": 0.0015791847703858382,
        "test_mean": 3.4411764705882355,
        "test_median": 3.0,
        "train_test_mean_diff": 0.20289132602193405
      }
    },
    {
      "dimension": "D1_n5_x_D3_x_D7",
      "condition": "((1, -1, -1, 1, -1), np.int64(1), (1, 1))",
      "support": 30,
      "ks_stat": 0.32394916911045946,
      "ks_p": 0.002916619942794935,
      "js_divergence": 0.07500919172687119,
      "mean": 8.0,
      "median": 8.0,
      "std": 3.0983866769659336,
      "q10": 4.0,
      "q25": 6.0,
      "q50": 8.0,
      "q75": 10.0,
      "q90": 12.100000000000001,
      "iqr": 4.0,
      "concentration": 0.6666666666666666,
      "mean_shift_sigma": 0.46015368053101935,
      "validation": {
        "status": "invalid",
        "n_test": 20,
        "ks_stat": 0.19436310395314788,
        "ks_p": 0.39452041482571754,
        "test_mean": 7.45,
        "test_median": 7.0,
        "train_test_mean_diff": 0.5499999999999998
      }
    },
    {
      "dimension": "D1_n2_x_D3_x_D7",
      "condition": "((-1, 1), np.int64(2), (1, 1))",
      "support": 66,
      "ks_stat": 0.29178885630498536,
      "ks_p": 2.6201970298374896e-05,
      "js_divergence": 0.0747819721943146,
      "mean": 4.075757575757576,
      "median": 4.0,
      "std": 2.451410268573347,
      "q10": 1.0,
      "q25": 2.0,
      "q50": 4.0,
      "q75": 5.0,
      "q90": 6.5,
      "iqr": 3.0,
      "concentration": 0.5,
      "mean_shift_sigma": 0.44693541865472947,
      "validation": {
        "status": "invalid",
        "n_test": 47,
        "ks_stat": 0.1592162237936513,
        "ks_p": 0.17861504400365055,
        "test_mean": 4.702127659574468,
        "test_median": 4.0,
        "train_test_mean_diff": 0.6263700838168917
      }
    },
    {
      "dimension": "D1_n3_x_D3_x_D7",
      "condition": "((-1, 1, -1), np.int64(1), (-1, -1))",
      "support": 39,
      "ks_stat": 0.32404692082111436,
      "ks_p": 0.0004460395031542926,
      "js_divergence": 0.07046689776275505,
      "mean": 3.2564102564102564,
      "median": 2.0,
      "std": 2.3612029606607874,
      "q10": 1.0,
      "q25": 1.0,
      "q50": 2.0,
      "q75": 4.5,
      "q90": 7.0,
      "iqr": 3.5,
      "concentration": 0.5833333333333334,
      "mean_shift_sigma": 0.6363276481550507,
      "validation": {
        "status": "valid",
        "n_test": 25,
        "ks_stat": 0.3485212298682284,
        "ks_p": 0.0036073344265272495,
        "test_mean": 3.44,
        "test_median": 3.0,
        "train_test_mean_diff": 0.18358974358974356
      }
    },
    {
      "dimension": "D1_n2_x_D3_x_D7",
      "condition": "((1, -1), np.int64(1), (-1, -1))",
      "support": 57,
      "ks_stat": 0.30650306117199155,
      "ks_p": 4.030618080353999e-05,
      "js_divergence": 0.0678039846478221,
      "mean": 3.3684210526315788,
      "median": 3.0,
      "std": 2.1975391256311214,
      "q10": 1.0,
      "q25": 2.0,
      "q50": 3.0,
      "q75": 5.0,
      "q90": 7.0,
      "iqr": 3.0,
      "concentration": 0.5,
      "mean_shift_sigma": 0.6104363393980256,
      "validation": {
        "status": "valid",
        "n_test": 42,
        "ks_stat": 0.3056194659415743,
        "ks_p": 0.0007099731101502655,
        "test_mean": 3.5476190476190474,
        "test_median": 3.5,
        "train_test_mean_diff": 0.1791979949874687
      }
    },
    {
      "dimension": "D1_n2_x_D3_x_D7",
      "condition": "((-1, 1), np.int64(2), (1, -1))",
      "support": 51,
      "ks_stat": 0.29958024265424643,
      "ks_p": 0.00018637534911743601,
      "js_divergence": 0.06145293482274183,
      "mean": 3.8823529411764706,
      "median": 4.0,
      "std": 2.4062586598654816,
      "q10": 1.0,
      "q25": 2.0,
      "q50": 4.0,
      "q75": 5.0,
      "q90": 7.0,
      "iqr": 3.0,
      "concentration": 0.5,
      "mean_shift_sigma": 0.4916409227481448,
      "validation": {
        "status": "valid",
        "n_test": 24,
        "ks_stat": 0.3294289897510981,
        "ks_p": 0.008798931286614381,
        "test_mean": 3.5416666666666665,
        "test_median": 3.0,
        "train_test_mean_diff": 0.34068627450980404
      }
    },
    {
      "dimension": "D1_n1_x_D3_x_D7",
      "condition": "((-1,), np.int64(1), (-1, -1))",
      "support": 87,
      "ks_stat": 0.3036370377860923,
      "ks_p": 2.5393268205691986e-07,
      "js_divergence": 0.055830091801037984,
      "mean": 3.4367816091954024,
      "median": 3.0,
      "std": 2.04939659987271,
      "q10": 1.0,
      "q25": 2.0,
      "q50": 3.0,
      "q75": 5.0,
      "q90": 6.400000000000006,
      "iqr": 3.0,
      "concentration": 0.5,